season,player_name,position,team_abbr,Rk,Age,G,GS,MP,FG,FGA,FG%,3P,3PA,3P%,2P,2PA,2P%,eFG%,FT,FTA,FT%,ORB,DRB,TRB,AST,STL,BLK,TOV,PF,PTS,ORtg,DRtg,Awards,Player-additional
2020,CJ McCollum,SG,POR,1,28,70,70,2556,11.4,25.3,0.451,3.6,9.5,0.379,7.8,15.7,0.494,0.522,2.6,3.4,0.757,0.9,4.7,5.5,5.8,1.0,0.8,2.4,3.4,29.0,111.0,118,,mccolcj01
2020,Devin Booker,SG,PHO,2,23,70,70,2512,11.8,24.2,0.489,2.7,7.5,0.354,9.2,16.7,0.549,0.544,8.8,9.6,0.919,0.5,5.1,5.6,8.6,0.9,0.3,5.0,4.0,35.1,115.0,114,AS,bookede01
2020,James Harden,SG,HOU,3,30,68,68,2483,12.5,28.2,0.444,5.6,15.7,0.355,7.0,12.5,0.556,0.543,12.9,14.9,0.865,1.3,7.0,8.3,9.5,2.3,1.1,5.7,4.2,43.5,120.0,108,MVP-3ASNBA1,hardeja01
2020,Harrison Barnes,PF,SAC,4,27,72,72,2482,7.1,15.5,0.46,2.0,5.2,0.381,5.1,10.3,0.501,0.525,4.2,5.2,0.801,1.5,5.4,6.9,3.1,0.8,0.2,1.7,1.8,20.4,116.0,116,,barneha02
2020,Damian Lillard,PG,POR,5,29,66,66,2474,12.0,26.0,0.463,5.2,13.0,0.401,6.8,13.0,0.524,0.563,8.9,10.0,0.888,0.6,4.8,5.5,10.2,1.3,0.4,3.7,2.2,38.1,126.0,117,MVP-8ASNBA2,lillada01
2020,Tobias Harris,PF,PHI,6,27,72,72,2469,10.9,23.0,0.471,2.6,7.0,0.367,8.3,16.0,0.517,0.527,3.4,4.2,0.806,1.4,8.4,9.7,4.5,1.0,0.8,2.0,3.2,27.7,113.0,110,,harrito02
2020,P.J. Tucker,PF,HOU,7,34,72,72,2467,3.3,8.0,0.415,2.0,5.6,0.358,1.3,2.4,0.551,0.541,0.7,0.9,0.813,2.1,6.8,8.9,2.2,1.4,0.7,1.4,4.3,9.4,114.0,111,,tuckepj01
2020,Shai Gilgeous-Alexander,SG,OKC,8,21,70,70,2428,9.6,20.3,0.471,1.7,5.0,0.347,7.8,15.3,0.512,0.514,5.8,7.1,0.807,0.9,7.3,8.2,4.6,1.6,0.9,2.7,2.3,26.6,111.0,109,,gilgesh01
2020,Bam Adebayo,PF,MIA,9,22,72,72,2417,8.9,16.0,0.557,0.0,0.3,0.143,8.8,15.7,0.564,0.558,5.3,7.7,0.691,3.6,11.3,14.8,7.4,1.7,1.9,4.1,3.7,23.1,116.0,106,DPOY-5ASDEF2,adebaba01
2020,Donovan Mitchell,SG,UTA,10,23,69,69,2364,12.4,27.6,0.449,3.6,9.7,0.366,8.8,17.9,0.494,0.513,5.7,6.6,0.863,1.1,5.2,6.3,6.1,1.4,0.3,3.8,3.5,34.1,110.0,111,AS,mitchdo01
2020,Nikola Jokić,C,DEN,11,24,73,73,2336,12.0,22.7,0.528,1.7,5.4,0.314,10.3,17.3,0.594,0.565,5.2,6.4,0.817,3.5,11.5,15.0,10.8,1.8,0.9,4.8,4.7,30.8,119.0,108,MVP-9ASNBA2,jokicni01
2020,Rudy Gobert,C,UTA,12,27,68,68,2333,8.1,11.6,0.693,0.0,0.0,,8.1,11.6,0.693,0.693,5.3,8.4,0.63,4.8,14.3,19.1,2.1,1.1,2.8,2.7,4.5,21.4,130.0,104,DPOY-3ASNBA3DEF1,goberru01
2020,DeMar DeRozan,SF,SAS,13,30,68,68,2316,11.5,21.6,0.531,0.2,0.7,0.257,11.3,20.9,0.54,0.535,7.9,9.3,0.845,0.9,6.8,7.7,7.8,1.4,0.4,3.4,3.7,31.0,118.0,115,,derozde01
2020,LeBron James,PG,LAL,14,35,67,67,2316,13.2,26.8,0.493,3.0,8.7,0.348,10.2,18.0,0.564,0.55,5.4,7.8,0.693,1.4,9.4,10.8,14.0,1.6,0.7,5.4,2.4,34.9,116.0,106,MVP-2ASNBA1,jamesle01
2020,Jayson Tatum,PF,BOS,15,21,66,66,2265,11.8,26.1,0.45,4.0,10.0,0.403,7.7,16.1,0.48,0.527,5.4,6.7,0.812,1.4,8.4,9.8,4.3,2.0,1.2,3.3,2.9,33.0,111.0,106,MVP-12ASNBA3,tatumja01
2020,Buddy Hield,SG,SAC,16,27,72,44,2216,10.9,25.4,0.429,5.9,15.1,0.394,5.0,10.4,0.479,0.545,2.5,3.0,0.846,1.2,5.9,7.2,4.7,1.4,0.4,3.7,3.6,30.3,106.0,114,,hieldbu01
2020,Devonte' Graham,PG,CHO,17,24,63,53,2211,8.3,21.8,0.382,4.9,13.3,0.373,3.4,8.6,0.397,0.495,4.3,5.3,0.82,1.0,3.9,4.8,10.7,1.4,0.3,4.1,2.6,25.9,109.0,116,,grahade01
2020,Chris Paul,PG,OKC,18,34,70,70,2208,9.6,19.5,0.489,2.4,6.7,0.365,7.1,12.8,0.554,0.552,5.6,6.1,0.907,0.6,7.1,7.7,10.4,2.4,0.2,3.5,3.5,27.1,120.0,108,MVP-7ASNBA2,paulch01
2020,T.J. Warren,SF,IND,19,26,67,67,2202,11.8,22.0,0.536,2.0,5.0,0.403,9.8,17.0,0.575,0.581,3.7,4.5,0.819,1.5,4.7,6.2,2.2,1.7,0.7,1.9,4.1,29.2,116.0,110,,warretj01
2020,Duncan Robinson,SG,MIA,20,25,73,68,2166,7.3,15.5,0.47,6.1,13.7,0.446,1.2,1.8,0.654,0.667,1.5,1.6,0.931,0.2,5.0,5.2,2.3,0.8,0.4,1.6,4.3,22.2,122.0,113,,robindu01
2020,Terry Rozier,PG,CHO,21,25,63,63,2164,9.2,21.8,0.423,4.0,9.8,0.407,5.2,12.0,0.436,0.514,3.8,4.4,0.874,1.2,5.2,6.4,6.0,1.4,0.2,3.3,2.9,26.3,108.0,115,,roziete01
2020,Domantas Sabonis,PF,IND,22,23,62,62,2159,10.3,19.1,0.54,0.4,1.5,0.254,9.9,17.6,0.565,0.55,4.8,6.7,0.723,4.2,13.1,17.3,7.0,1.1,0.7,3.8,4.4,25.8,115.0,106,AS,sabondo01
2020,Collin Sexton,PG,CLE,23,21,65,65,2143,11.6,24.7,0.472,2.2,5.8,0.38,9.4,18.9,0.501,0.517,5.1,6.1,0.846,1.4,3.2,4.6,4.4,1.5,0.2,3.6,3.2,30.6,108.0,118,,sextoco01
2020,Joe Ingles,PF,UTA,24,32,72,45,2137,5.6,12.6,0.445,3.2,8.0,0.399,2.4,4.6,0.525,0.572,1.7,2.1,0.787,0.6,5.7,6.3,8.5,1.5,0.3,3.2,3.5,16.1,115.0,111,,inglejo01
2020,Robert Covington,PF,MIN,25,29,70,68,2137,6.6,15.7,0.422,3.5,10.4,0.335,3.1,5.3,0.593,0.533,2.1,2.7,0.798,1.4,8.7,10.0,1.9,2.5,2.0,2.2,4.8,18.9,105.0,107,,covinro01
2020,Anthony Davis,PF,LAL,26,26,62,62,2131,12.3,24.5,0.503,1.6,4.9,0.33,10.7,19.6,0.546,0.536,9.9,11.7,0.846,3.2,9.7,12.9,4.5,2.0,3.2,3.4,3.5,36.1,121.0,102,MVP-6DPOY-2ASNBA1DEF1,davisan02
2020,Joe Harris,SF,BRK,27,28,69,69,2123,8.5,17.5,0.486,3.8,9.0,0.424,4.7,8.4,0.553,0.596,1.4,2.0,0.719,1.4,5.2,6.6,3.2,0.9,0.4,2.3,3.5,22.2,114.0,112,,harrijo01
2020,Dorian Finney-Smith,PF,DAL,28,26,71,68,2120,5.5,11.9,0.466,2.6,6.9,0.376,2.9,5.0,0.589,0.575,1.8,2.5,0.722,3.3,5.9,9.2,2.6,1.0,0.9,1.6,4.1,15.5,122.0,113,,finnedo01
2020,Trae Young,PG,ATL,29,21,60,60,2120,12.0,27.5,0.437,4.5,12.5,0.361,7.5,15.0,0.501,0.519,10.6,12.3,0.86,0.7,4.9,5.6,12.3,1.4,0.2,6.4,2.3,39.1,114.0,117,AS,youngtr01
2020,Jrue Holiday,SG,NOP,30,29,61,61,2117,10.0,22.0,0.455,2.7,7.6,0.353,7.3,14.4,0.509,0.516,2.8,4.0,0.709,1.7,4.7,6.4,8.9,2.2,1.0,4.0,3.2,25.5,108.0,112,,holidjr01
2020,Dillon Brooks,SG,MEM,31,24,73,73,2112,9.6,23.6,0.407,3.2,9.1,0.358,6.4,14.5,0.438,0.476,3.6,4.5,0.808,1.5,3.9,5.4,3.3,1.4,0.6,2.7,6.1,26.1,100.0,113,,brookdi01
2020,Pascal Siakam,PF,TOR,32,25,60,60,2110,11.3,24.9,0.453,3.0,8.2,0.359,8.3,16.7,0.499,0.512,5.4,6.8,0.792,1.4,8.5,9.9,4.7,1.4,1.2,3.3,3.8,30.9,107.0,105,MVP-10ASNBA2,siakapa01
2020,Brandon Ingram,PF,NOP,33,22,62,62,2104,11.2,24.1,0.463,3.3,8.4,0.391,7.9,15.7,0.501,0.531,6.9,8.1,0.851,1.1,7.2,8.4,5.7,1.3,0.8,4.2,3.9,32.5,112.0,112,MIP-1AS,ingrabr01
2020,Kyle Lowry,PG,TOR,34,33,58,58,2098,7.6,18.2,0.416,3.7,10.6,0.352,3.9,7.6,0.504,0.518,6.7,7.8,0.857,0.7,5.9,6.6,9.8,1.9,0.6,4.0,4.3,25.5,116.0,106,AS,lowryky01
2020,Tim Hardaway Jr.,SG,DAL,35,27,71,58,2091,8.9,20.4,0.434,4.7,11.9,0.398,4.2,8.6,0.485,0.55,3.4,4.2,0.819,0.6,4.8,5.4,3.2,0.9,0.1,1.6,2.9,25.9,116.0,115,,hardati02
2020,Zach LaVine,SF,CHI,36,24,60,60,2085,12.5,27.7,0.45,4.3,11.2,0.38,8.2,16.5,0.497,0.526,6.2,7.7,0.802,0.9,5.7,6.7,5.9,2.0,0.6,4.8,3.0,35.3,106.0,110,,lavinza01
2020,Bojan Bogdanović,SF,UTA,37,30,63,63,2083,9.8,21.8,0.447,4.4,10.7,0.414,5.4,11.2,0.479,0.548,5.8,6.5,0.903,0.9,5.1,6.1,3.1,0.8,0.2,3.7,2.6,29.8,111.0,113,,bogdabo02
2020,Julius Randle,PF,NYK,38,25,64,64,2080,10.8,23.5,0.46,1.5,5.4,0.277,9.3,18.1,0.515,0.492,6.0,8.2,0.733,3.5,11.0,14.6,4.6,1.2,0.5,4.5,4.2,29.2,105.0,112,,randlju01
2020,Evan Fournier,SF,ORL,39,27,66,66,2076,10.2,21.8,0.467,4.1,10.2,0.399,6.1,11.6,0.527,0.56,4.2,5.2,0.818,0.4,3.6,4.0,4.9,1.7,0.4,2.9,3.8,28.6,112.0,112,,fournev01
2020,Ja Morant,PG,MEM,40,20,67,67,2074,10.1,21.1,0.477,1.4,4.0,0.335,8.7,17.1,0.511,0.509,5.4,6.9,0.776,1.1,4.7,5.8,11.0,1.3,0.4,5.0,2.5,26.9,109.0,113,ROY-1,moranja01
2020,OG Anunoby,SF,TOR,41,22,69,68,2066,6.6,13.0,0.505,2.0,5.2,0.39,4.5,7.8,0.583,0.584,1.7,2.3,0.706,1.8,6.5,8.4,2.5,2.2,1.0,1.8,3.8,16.9,114.0,104,,anunoog01
2020,Bradley Beal,SG,WAS,42,26,57,57,2053,13.5,29.7,0.455,3.9,11.0,0.353,9.6,18.7,0.515,0.52,8.8,10.4,0.842,1.2,4.3,5.5,7.9,1.6,0.5,4.4,2.9,39.6,113.0,117,,bealbr01
2020,Royce O'Neale,SF,UTA,43,26,71,62,2049,3.8,8.7,0.433,2.2,5.8,0.377,1.6,2.9,0.545,0.559,1.0,1.3,0.764,0.6,8.6,9.2,4.3,1.4,0.8,1.4,4.8,10.7,117.0,109,,onealro01
2020,Russell Westbrook,PG,HOU,44,31,57,57,2049,13.6,28.9,0.472,1.2,4.8,0.258,12.4,24.1,0.514,0.493,6.5,8.6,0.763,2.3,7.9,10.2,9.1,2.1,0.5,5.8,4.5,35.1,106.0,109,ASNBA3,westbru01
2020,Luka Dončić,PG,DAL,45,20,61,61,2047,13.7,29.6,0.463,4.0,12.8,0.316,9.7,16.9,0.574,0.531,10.1,13.3,0.758,1.8,11.7,13.5,12.7,1.5,0.3,6.1,3.6,41.5,116.0,110,MVP-4ASNBA1,doncilu01
2020,Mikal Bridges,SF,PHO,46,23,73,32,2042,5.7,11.2,0.51,1.6,4.5,0.361,4.1,6.7,0.61,0.583,2.4,2.8,0.844,1.5,5.2,6.8,3.0,2.4,1.1,1.7,3.8,15.5,119.0,110,,bridgmi01
2020,Al Horford,C,PHI,47,33,67,61,2025,7.6,17.0,0.45,2.4,6.8,0.35,5.3,10.2,0.516,0.52,1.5,1.9,0.763,2.5,8.4,10.9,6.5,1.2,1.5,1.9,3.4,19.1,115.0,109,,horfoal01
2020,Lonzo Ball,PG,NOP,48,22,63,54,2025,6.3,15.7,0.403,3.4,9.0,0.375,2.9,6.7,0.442,0.511,1.0,1.7,0.566,1.6,7.1,8.8,10.0,2.0,0.9,4.4,2.9,17.0,103.0,111,,balllo01
2020,De'Andre Hunter,SF,ATL,49,22,63,62,2018,6.5,15.8,0.41,2.5,7.0,0.355,4.0,8.8,0.454,0.489,2.5,3.3,0.764,1.0,5.6,6.6,2.6,1.0,0.4,2.4,4.2,18.0,100.0,117,,huntede01
2020,Aaron Gordon,PF,ORL,50,24,62,62,2017,8.1,18.5,0.437,1.8,5.7,0.308,6.3,12.8,0.494,0.484,3.6,5.4,0.674,2.6,8.9,11.5,5.5,1.2,0.9,2.4,3.0,21.6,107.0,110,,gordoaa01
2020,Ben Simmons,PG,PHI,51,23,57,57,2017,9.0,15.5,0.58,0.0,0.2,0.286,9.0,15.4,0.583,0.581,4.4,7.2,0.621,2.7,8.0,10.7,10.9,2.9,0.8,4.8,4.5,22.5,116.0,106,DPOY-4ASNBA3DEF1,simmobe01
2020,Ricky Rubio,PG,PHO,52,29,65,65,2016,6.7,16.3,0.415,1.8,5.1,0.361,4.9,11.2,0.439,0.471,4.6,5.3,0.863,1.1,6.1,7.1,13.4,2.2,0.3,4.1,3.9,19.9,113.0,111,,rubiori01
2020,Nemanja Bjelica,PF,SAC,53,31,72,67,2011,7.6,15.8,0.481,3.2,7.7,0.419,4.3,8.0,0.541,0.583,1.7,2.0,0.821,2.7,8.4,11.0,4.9,1.5,1.0,2.4,5.2,20.0,119.0,111,,bjeline01
2020,Hassan Whiteside,C,POR,54,30,67,61,2008,10.3,16.7,0.621,0.1,0.2,0.571,10.3,16.5,0.622,0.624,3.9,5.7,0.686,6.1,15.4,21.5,1.9,0.6,4.7,2.8,4.7,24.7,125.0,107,DPOY-11,whiteha01
2020,Dennis Schröder,PG,OKC,55,26,65,2,1999,11.0,23.5,0.469,3.0,7.9,0.385,8.0,15.6,0.513,0.534,4.8,5.7,0.839,0.5,5.3,5.7,6.4,1.1,0.3,4.0,3.5,29.9,108.0,112,6MOY-2,schrode01
2020,Nikola Vučević,C,ORL,56,29,62,62,1998,12.0,25.2,0.477,2.4,7.0,0.339,9.6,18.1,0.531,0.525,3.2,4.1,0.784,3.4,13.0,16.4,5.4,1.3,1.1,2.1,3.3,29.6,114.0,107,,vucevni01
2020,Markelle Fultz,PG,ORL,57,21,72,60,1996,8.8,18.8,0.465,0.9,3.3,0.267,7.9,15.5,0.507,0.488,2.8,3.9,0.73,1.0,4.8,5.8,9.0,2.2,0.3,3.6,3.5,21.2,104.0,111,,fultzma01
2020,Miles Bridges,SF,CHO,58,21,65,64,1995,8.0,18.9,0.424,2.5,7.5,0.33,5.5,11.4,0.486,0.489,2.7,3.3,0.809,2.2,6.9,9.1,2.9,1.0,1.2,2.4,3.3,21.2,103.0,114,,bridgmi02
2020,Spencer Dinwiddie,PG,BRK,59,26,64,49,1994,10.1,24.2,0.415,2.9,9.5,0.308,7.1,14.7,0.485,0.476,8.2,10.6,0.778,0.8,4.5,5.2,10.3,0.9,0.5,4.1,4.3,31.3,111.0,113,,dinwisp01
2020,Kendrick Nunn,PG,MIA,60,24,67,67,1962,10.0,22.7,0.439,3.4,9.7,0.35,6.6,13.0,0.505,0.514,2.1,2.5,0.85,0.5,4.0,4.5,5.5,1.4,0.4,2.8,3.8,25.5,103.0,112,ROY-2,nunnke01
2020,Jimmy Butler,SF,MIA,61,30,58,58,1959,8.6,18.9,0.455,0.7,3.0,0.244,7.9,15.9,0.495,0.474,10.9,13.1,0.834,2.6,7.0,9.6,8.7,2.6,0.8,3.2,2.0,28.8,123.0,108,MVP-11ASNBA3,butleji01
2020,Marcus Morris,SF,NYK,62,30,62,62,1936,8.9,20.2,0.438,3.5,8.7,0.408,5.3,11.5,0.461,0.526,4.5,5.5,0.823,1.5,6.3,7.8,2.1,1.2,0.7,2.4,4.5,25.8,111.0,113,,morrima03
2020,Jaylen Brown,SG,BOS,63,23,57,57,1934,10.7,22.1,0.481,3.2,8.4,0.382,7.4,13.7,0.543,0.554,4.4,6.1,0.724,1.5,7.5,9.1,2.9,1.6,0.5,3.1,4.2,28.9,110.0,108,,brownja02
2020,Kelly Oubre Jr.,SF,PHO,64,24,56,55,1933,9.1,20.2,0.452,2.6,7.5,0.352,6.5,12.7,0.511,0.517,4.7,6.0,0.78,1.6,7.2,8.8,2.1,1.7,1.0,2.0,4.7,25.6,109.0,110,,oubreke01
2020,Fred VanVleet,SG,TOR,65,25,54,54,1928,7.9,19.1,0.413,3.6,9.2,0.39,4.3,9.8,0.434,0.507,4.1,4.9,0.848,0.4,4.6,5.0,8.8,2.5,0.4,3.0,3.3,23.5,113.0,106,,vanvlfr01
2020,Marcus Smart,SG,BOS,66,25,60,40,1919,6.4,17.2,0.375,3.4,9.9,0.347,3.0,7.2,0.415,0.476,3.2,3.8,0.836,1.1,4.6,5.7,7.3,2.5,0.7,2.6,4.1,19.5,110.0,107,DPOY-6DEF1,smartma01
2020,Giannis Antetokounmpo,PF,MIL,67,25,63,63,1917,16.3,29.5,0.553,2.1,7.0,0.304,14.2,22.5,0.631,0.589,9.5,15.0,0.633,3.3,17.1,20.4,8.4,1.5,1.6,5.5,4.6,44.2,116.0,97,MVP-1DPOY-1ASNBA1DEF1,antetgi01
2020,Will Barton,SF,DEN,68,29,58,58,1916,8.6,19.0,0.45,2.8,7.4,0.375,5.8,11.6,0.498,0.523,2.6,3.4,0.767,2.0,7.5,9.4,5.5,1.6,0.7,2.3,3.1,22.5,113.0,111,,bartowi01
2020,Danuel House Jr.,SF,HOU,69,26,63,52,1913,5.6,13.0,0.427,3.1,8.6,0.363,2.4,4.5,0.549,0.546,1.8,2.2,0.811,1.4,5.1,6.5,2.1,1.6,0.8,1.3,3.2,16.0,114.0,112,,houseda01
2020,Cedi Osman,SF,CLE,70,24,65,65,1910,6.8,15.5,0.437,3.1,8.2,0.383,3.6,7.3,0.497,0.538,1.6,2.4,0.67,1.0,4.9,5.9,3.9,1.4,0.4,2.3,4.1,18.3,107.0,117,,osmande01
2020,Jamal Murray,PG,DEN,71,22,59,59,1904,10.6,23.2,0.456,2.9,8.4,0.346,7.7,14.8,0.519,0.519,4.2,4.8,0.881,1.2,5.0,6.1,7.4,1.7,0.4,3.3,2.6,28.3,112.0,113,,murraja01
2020,Carmelo Anthony,PF,POR,72,35,58,58,1902,8.4,19.6,0.43,2.2,5.7,0.385,6.2,13.9,0.448,0.485,3.4,4.0,0.845,1.8,7.4,9.2,2.1,1.2,0.7,2.5,4.3,22.4,104.0,115,,anthoca01
2020,Jerami Grant,PF,DEN,73,25,71,24,1892,7.9,16.6,0.478,2.6,6.6,0.389,5.4,10.0,0.537,0.555,3.8,5.1,0.75,1.5,5.0,6.5,2.3,1.3,1.5,1.6,4.0,22.2,117.0,112,,grantje01
2020,Maxi Kleber,PF,DAL,74,28,74,21,1890,6.1,13.1,0.461,3.0,8.2,0.373,3.0,5.0,0.605,0.577,2.0,2.4,0.849,2.9,7.1,9.9,2.3,0.6,2.1,1.5,4.5,17.2,122.0,112,,klebima01
2020,Terrence Ross,SG,ORL,75,28,69,0,1889,8.8,21.8,0.403,4.6,13.0,0.351,4.2,8.8,0.48,0.508,4.0,4.7,0.853,0.3,5.4,5.7,2.1,2.0,0.6,1.8,2.8,26.2,106.0,110,,rosste01
2020,Andre Drummond,C,DET,76,26,57,56,1879,10.9,20.5,0.533,0.1,0.9,0.143,10.8,19.6,0.551,0.536,4.4,7.7,0.575,6.5,16.1,22.6,4.0,2.8,2.4,5.3,5.3,26.4,104.0,103,DPOY-8,drumman01
2020,Tomáš Satoranský,SG,CHI,77,28,65,64,1878,6.1,14.1,0.43,1.6,5.1,0.322,4.4,9.0,0.491,0.488,2.7,3.1,0.876,1.9,4.6,6.5,9.1,2.1,0.2,3.3,3.5,16.5,111.0,112,,satorto01
2020,Jae Crowder,SF,MEM,78,29,65,53,1875,5.7,14.2,0.401,3.4,9.9,0.343,2.3,4.3,0.538,0.521,2.4,3.2,0.776,1.3,8.4,9.7,4.1,1.8,0.6,1.7,3.6,17.3,111.0,109,,crowdja01
2020,Lou Williams,PG,LAC,79,33,65,8,1864,9.9,23.7,0.418,2.8,8.0,0.352,7.1,15.7,0.451,0.477,7.4,8.6,0.861,0.8,4.3,5.1,9.3,1.1,0.3,4.6,2.0,30.1,109.0,111,6MOY-3,willilo02
2020,Andrew Wiggins,SF,MIN,80,24,54,54,1858,11.0,24.6,0.447,2.8,8.4,0.332,8.2,16.2,0.506,0.504,4.8,6.7,0.709,1.7,5.2,6.9,5.0,1.1,1.3,3.3,3.2,29.6,105.0,114,,wiggian01
2020,Taurean Prince,PF,BRK,81,25,64,61,1857,7.1,18.8,0.376,3.7,11.0,0.339,3.4,7.8,0.429,0.475,1.8,2.3,0.798,1.3,8.4,9.7,3.0,1.5,0.6,3.2,4.1,19.7,94.0,109,,princta02
2020,Khris Middleton,SF,MIL,82,28,62,59,1853,11.6,23.3,0.497,3.6,8.7,0.415,8.0,14.6,0.546,0.575,5.1,5.6,0.916,1.1,8.3,9.4,6.5,1.3,0.2,3.4,3.5,32.0,118.0,104,AS,middlkh01
2020,Jarrett Allen,C,BRK,83,21,70,64,1852,7.7,11.9,0.649,0.0,0.2,0.0,7.7,11.7,0.658,0.649,4.4,6.9,0.633,5.5,11.6,17.1,2.8,1.0,2.4,2.0,4.1,19.8,132.0,106,DPOY-12,allenja01
2020,Kawhi Leonard,SF,LAC,84,28,57,57,1848,13.6,29.0,0.47,3.1,8.3,0.378,10.5,20.7,0.506,0.524,9.1,10.3,0.886,1.4,8.9,10.3,7.2,2.6,0.8,3.8,2.9,39.5,117.0,104,MVP-5DPOY-8ASNBA2DEF2,leonaka01
2020,Jonas Valančiūnas,C,MEM,85,27,70,70,1845,10.9,18.7,0.585,0.8,2.3,0.352,10.1,16.4,0.617,0.606,3.7,5.1,0.74,5.4,14.6,19.9,3.3,0.8,1.9,3.2,4.7,26.4,120.0,107,,valanjo01
2020,Danilo Gallinari,PF,OKC,86,31,62,62,1834,9.5,21.6,0.438,4.7,11.6,0.405,4.8,10.0,0.476,0.547,7.0,7.9,0.893,0.9,7.6,8.5,3.2,1.1,0.1,2.0,2.0,30.7,120.0,111,,gallida01
2020,Justin Holiday,SF,IND,87,30,73,6,1826,5.5,12.9,0.428,3.6,8.8,0.405,2.0,4.1,0.477,0.566,1.4,1.8,0.791,0.9,5.5,6.3,2.5,2.3,1.2,1.2,3.6,16.0,114.0,107,,holidju01
2020,Myles Turner,C,IND,88,23,62,62,1826,7.1,15.6,0.457,2.3,6.6,0.344,4.8,9.0,0.54,0.53,3.4,4.5,0.751,2.3,8.5,10.8,1.9,1.2,3.5,2.3,4.4,19.9,108.0,105,,turnemy01
2020,Darius Garland,SG,CLE,89,20,59,59,1824,7.5,18.6,0.401,2.8,7.9,0.355,4.7,10.7,0.434,0.476,1.7,1.9,0.875,0.7,2.2,3.0,6.1,1.1,0.1,4.0,2.5,19.4,96.0,119,,garlada01
2020,Brook Lopez,C,MIL,90,31,68,67,1817,7.3,16.9,0.435,2.6,8.2,0.314,4.8,8.7,0.549,0.511,3.2,3.8,0.836,1.5,6.4,7.8,2.5,1.2,4.1,1.8,4.1,20.4,109.0,100,DPOY-10DEF2,lopezbr01
2020,Kristaps Porziņģis,C,DAL,91,24,57,57,1814,10.6,24.8,0.427,3.8,10.7,0.352,6.8,14.1,0.484,0.503,6.0,7.5,0.799,2.7,11.7,14.4,2.7,1.1,3.1,2.5,4.9,31.0,111.0,107,,porzikr01
2020,Ish Smith,PG,WAS,92,31,68,23,1787,8.1,18.0,0.447,1.6,4.4,0.367,6.4,13.6,0.473,0.492,1.6,2.2,0.721,0.8,4.9,5.7,8.7,1.5,0.8,2.5,2.8,19.4,108.0,117,,smithis01
2020,Glenn Robinson III,SF,GSW,93,26,62,52,1786,7.7,15.9,0.486,2.1,5.3,0.391,5.7,10.6,0.534,0.552,2.0,2.3,0.86,2.2,5.1,7.2,2.6,1.4,0.4,1.5,2.7,19.5,114.0,115,,robingl02
2020,Troy Brown Jr.,SF,WAS,94,20,69,22,1782,7.2,16.3,0.439,1.6,4.7,0.341,5.6,11.6,0.479,0.488,2.9,3.6,0.784,2.0,8.1,10.0,4.7,2.2,0.2,2.1,3.5,18.8,109.0,114,,browntr01
2020,Gary Harris,SG,DEN,95,25,56,55,1780,6.1,14.4,0.42,1.9,5.8,0.333,4.1,8.6,0.479,0.487,2.1,2.6,0.815,0.7,3.8,4.5,3.3,2.1,0.4,1.7,3.2,16.1,105.0,113,,harriga01
2020,Kevin Love,PF,CLE,96,31,56,56,1780,8.9,19.9,0.45,4.0,10.7,0.374,4.9,9.2,0.537,0.55,5.1,6.0,0.854,1.5,13.5,15.0,4.9,0.9,0.5,3.8,2.5,27.0,112.0,113,,loveke01
2020,Bogdan Bogdanović,SG,SAC,97,27,61,28,1766,9.3,21.0,0.44,4.5,12.1,0.372,4.8,8.9,0.532,0.547,2.4,3.2,0.741,0.7,5.0,5.7,5.7,1.8,0.4,2.8,3.7,25.4,110.0,113,,bogdabo01
2020,Kentavious Caldwell-Pope,SG,LAL,98,26,69,26,1762,6.4,13.7,0.467,2.5,6.4,0.385,3.9,7.2,0.541,0.558,2.1,2.8,0.775,1.0,2.8,3.8,3.0,1.5,0.4,1.7,3.5,17.4,115.0,110,,caldwke01
2020,Kevin Huerter,SG,ATL,99,21,56,48,1760,6.7,16.1,0.413,3.4,8.8,0.38,3.3,7.3,0.453,0.517,1.4,1.7,0.828,0.9,5.1,6.0,5.6,1.4,0.7,2.3,3.7,18.1,107.0,116,,huertke01
2020,Cory Joseph,PG,SAC,100,28,72,26,1759,4.7,11.4,0.415,1.5,4.4,0.352,3.2,7.0,0.455,0.483,1.7,1.9,0.857,1.2,4.0,5.2,6.9,1.5,0.6,2.2,3.7,12.6,110.0,114,,josepco01
2020,P.J. Washington,PF,CHO,101,21,58,57,1759,7.6,16.8,0.455,2.4,6.6,0.374,5.2,10.2,0.507,0.528,2.5,3.9,0.647,1.7,7.3,9.0,3.5,1.5,1.3,2.6,4.5,20.2,105.0,112,,washipj01
2020,Josh Hart,SF,NOP,102,24,65,16,1755,5.9,14.0,0.423,3.2,9.3,0.342,2.7,4.7,0.584,0.537,2.2,3.0,0.739,1.6,9.6,11.2,2.8,1.7,0.6,2.0,4.2,17.3,110.0,111,,hartjo01
2020,LaMarcus Aldridge,C,SAS,103,34,53,53,1754,10.7,21.6,0.493,1.7,4.3,0.389,9.0,17.3,0.519,0.532,4.3,5.2,0.827,2.8,7.9,10.7,3.5,1.0,2.4,2.0,3.5,27.3,115.0,112,,aldrila01
2020,Alec Burks,SF,GSW,104,28,66,19,1754,8.8,21.0,0.418,3.2,8.2,0.385,5.6,12.8,0.439,0.493,6.4,7.2,0.887,1.3,6.4,7.7,5.2,1.7,0.5,2.5,3.5,27.2,112.0,114,,burksal01
2020,Montrezl Harrell,C,LAC,105,26,63,2,1749,12.7,21.9,0.58,0.0,0.5,0.0,12.7,21.5,0.593,0.58,6.2,9.5,0.658,4.4,7.6,12.0,2.9,1.1,1.9,2.9,3.9,31.7,119.0,107,6MOY-1,harremo01
2020,Kemba Walker,PG,BOS,106,29,56,56,1742,10.5,24.6,0.425,5.0,13.1,0.381,5.5,11.5,0.476,0.526,5.8,6.7,0.864,1.0,5.0,6.0,7.4,1.3,0.8,3.2,2.5,31.7,116.0,110,AS,walkeke02
2020,Gordon Hayward,SF,BOS,107,29,52,52,1740,9.7,19.4,0.5,2.4,6.2,0.383,7.4,13.3,0.554,0.561,3.4,4.0,0.855,1.5,8.1,9.7,5.9,1.1,0.6,2.7,2.7,25.2,118.0,109,,haywago01
2020,Garrett Temple,SG,BRK,108,33,62,35,1730,6.1,16.1,0.378,3.5,10.6,0.329,2.6,5.5,0.473,0.486,1.9,2.4,0.805,0.8,5.2,6.0,4.3,1.3,0.8,1.7,3.0,17.5,106.0,111,,templga01
2020,Tristan Thompson,C,CLE,109,28,57,51,1721,8.1,15.9,0.512,0.3,0.7,0.391,7.9,15.2,0.518,0.52,2.8,4.6,0.615,6.4,9.9,16.3,3.4,0.9,1.4,2.9,3.5,19.3,112.0,114,,thomptr01
2020,Jordan Clarkson,SG,CLE,110,27,71,2,1705,11.2,24.7,0.454,4.3,11.8,0.368,6.9,13.0,0.533,0.542,3.9,4.7,0.836,1.4,3.9,5.3,3.9,1.3,0.5,2.8,3.1,30.8,111.0,114,,clarkjo01
2020,RJ Barrett,SG,NYK,111,19,56,55,1704,8.3,20.8,0.402,1.8,5.6,0.32,6.5,15.1,0.432,0.445,4.5,7.3,0.614,1.4,6.5,8.0,4.1,1.6,0.5,3.5,3.5,22.9,95.0,114,ROY-8,barrerj01
2020,Langston Galloway,SG,DET,112,28,66,6,1702,6.8,15.7,0.435,3.8,9.6,0.399,3.0,6.1,0.493,0.557,2.1,2.5,0.859,1.0,3.4,4.3,2.9,1.4,0.3,1.2,2.8,19.6,118.0,116,,gallola01
2020,Josh Richardson,SG,PHI,113,26,55,53,1693,8.0,18.5,0.43,2.4,7.1,0.341,5.5,11.4,0.486,0.496,3.3,4.0,0.809,1.2,3.8,5.0,4.6,1.5,1.0,3.0,3.9,21.6,104.0,111,,richajo01
2020,Kent Bazemore,SF,POR,114,30,68,21,1688,5.7,15.2,0.375,2.4,6.9,0.344,3.3,8.2,0.4,0.453,3.2,4.2,0.769,0.8,7.6,8.4,2.6,2.1,1.1,2.6,5.6,17.0,96.0,112,,bazemke01
2020,Danny Green,SG,LAL,115,32,68,68,1687,5.6,13.4,0.416,3.4,9.2,0.367,2.2,4.1,0.524,0.542,0.9,1.4,0.688,1.4,4.9,6.3,2.6,2.4,0.9,1.8,3.8,15.4,108.0,107,,greenda02
2020,Dejounte Murray,PG,SAS,116,23,66,58,1687,8.3,18.0,0.462,1.2,3.1,0.369,7.2,14.9,0.481,0.494,2.6,3.2,0.798,2.0,8.9,10.8,7.7,3.1,0.5,3.5,4.1,20.4,105.0,110,,murrade01
2020,Steven Adams,C,OKC,117,26,63,63,1680,8.2,13.8,0.592,0.0,0.1,0.333,8.2,13.7,0.594,0.593,3.4,5.8,0.582,6.0,10.9,16.9,4.2,1.5,1.9,2.7,3.5,19.8,122.0,106,,adamsst01
2020,Derrick White,SG,SAS,118,25,68,20,1677,7.2,15.7,0.458,2.3,6.2,0.366,5.0,9.6,0.518,0.53,5.1,6.0,0.853,1.0,5.4,6.4,6.9,1.3,1.7,2.5,4.3,21.8,118.0,114,,whitede01
2020,Coby White,PG,CHI,119,19,65,1,1674,9.0,22.8,0.394,3.8,10.8,0.354,5.2,12.0,0.43,0.478,2.9,3.7,0.791,0.8,5.8,6.6,5.0,1.4,0.2,3.1,3.4,24.7,100.0,112,ROY-5,whiteco01
2020,Malcolm Brogdon,PG,IND,120,27,54,54,1666,9.5,21.7,0.438,2.2,6.7,0.326,7.3,15.0,0.488,0.489,4.8,5.4,0.892,1.3,6.3,7.6,11.1,1.0,0.3,3.8,2.9,26.0,111.0,111,,brogdma01
2020,Goran Dragić,PG,MIA,121,33,59,3,1663,9.4,21.3,0.441,3.6,9.9,0.367,5.7,11.3,0.505,0.526,5.6,7.2,0.776,0.9,4.6,5.5,8.8,1.2,0.3,4.2,3.6,28.0,110.0,113,6MOY-6,dragigo01
2020,Eric Paschall,PF,GSW,122,23,60,26,1654,9.2,18.5,0.497,1.1,3.7,0.287,8.1,14.8,0.55,0.526,4.7,6.1,0.774,2.4,5.6,8.0,3.7,0.9,0.4,2.7,3.6,24.2,110.0,117,ROY-6,pascher01
2020,Eric Bledsoe,PG,MIL,123,30,61,61,1646,9.3,19.5,0.475,2.1,6.0,0.344,7.2,13.5,0.533,0.528,4.7,5.9,0.79,1.2,6.6,7.8,9.1,1.6,0.7,4.1,3.6,25.3,112.0,104,DEF2,bledser01
2020,Tony Snell,SF,DET,124,28,59,57,1641,5.1,11.5,0.445,3.1,7.6,0.402,2.0,3.8,0.531,0.579,1.0,1.0,1.0,0.3,3.1,3.3,3.8,1.0,0.4,0.9,3.0,14.2,121.0,117,,snellto01
2020,Monte Morris,PG,DEN,125,24,73,12,1636,7.9,17.1,0.459,2.0,5.2,0.378,5.9,11.9,0.495,0.517,2.3,2.7,0.843,0.7,3.4,4.1,7.7,1.7,0.5,1.6,2.2,19.9,118.0,114,,morrimo01
2020,Wesley Matthews,SG,MIL,126,33,67,67,1635,4.7,11.8,0.396,3.0,8.3,0.364,1.6,3.5,0.472,0.524,1.5,1.9,0.765,0.6,4.0,4.6,2.6,1.1,0.3,1.2,2.9,13.8,109.0,107,,matthwe02
2020,Bruce Brown,PG,DET,127,23,58,43,1634,6.0,13.5,0.443,1.0,2.9,0.344,5.0,10.6,0.47,0.48,2.6,3.6,0.739,1.8,6.4,8.2,6.9,1.9,0.9,3.0,4.9,15.6,106.0,112,,brownbr01
2020,De'Aaron Fox,PG,SAC,128,22,51,49,1634,11.6,24.2,0.48,1.6,5.5,0.292,10.0,18.7,0.535,0.513,7.2,10.2,0.705,1.0,4.8,5.8,10.3,2.2,0.7,4.7,4.3,32.0,111.0,112,,foxde01
2020,Dario Šarić,PF,PHO,129,25,66,51,1632,7.4,15.6,0.476,2.4,6.8,0.357,5.0,8.8,0.568,0.554,3.1,3.7,0.844,2.9,8.9,11.8,3.6,1.1,0.5,2.6,4.5,20.4,114.0,112,,saricda01
2020,Jaren Jackson Jr.,C,MEM,130,20,57,57,1622,10.2,21.7,0.469,4.2,10.6,0.394,6.0,11.1,0.54,0.565,4.0,5.4,0.747,1.6,6.0,7.5,2.2,1.2,2.6,2.8,6.7,28.5,110.0,110,,jacksja02
2020,Ben McLemore,SF,HOU,131,26,71,23,1619,6.9,15.6,0.444,5.2,12.9,0.4,1.7,2.7,0.656,0.61,1.4,1.9,0.746,0.6,3.9,4.5,1.7,1.3,0.5,1.4,4.4,20.4,118.0,113,,mclembe01
2020,Aaron Holiday,PG,IND,132,23,66,33,1617,7.0,16.9,0.414,2.6,6.6,0.394,4.4,10.3,0.427,0.491,2.2,2.6,0.851,0.7,4.0,4.7,6.8,1.7,0.5,2.6,3.6,18.8,104.0,110,,holidaa01
2020,Austin Rivers,SG,HOU,133,27,68,4,1594,6.1,14.5,0.421,2.8,7.8,0.356,3.3,6.7,0.498,0.517,2.3,3.2,0.703,0.8,4.3,5.1,3.3,1.4,0.3,1.5,3.7,17.3,110.0,113,,riverau01
2020,Thaddeus Young,PF,CHI,134,31,64,16,1591,8.1,18.2,0.448,2.4,6.7,0.356,5.8,11.5,0.501,0.513,1.3,2.2,0.583,2.8,6.7,9.5,3.5,2.8,0.7,3.1,4.1,20.0,101.0,108,,youngth01
2020,Dāvis Bertāns,PF,WAS,135,27,54,4,1583,7.8,18.0,0.434,5.9,13.9,0.424,1.9,4.1,0.471,0.598,3.1,3.6,0.852,1.0,6.2,7.2,2.7,1.1,1.0,1.7,4.1,24.6,120.0,116,6MOY-8,bertada01
2020,JJ Redick,SG,NOP,136,35,60,36,1581,8.4,18.5,0.453,5.3,11.6,0.453,3.1,6.8,0.453,0.596,4.8,5.4,0.892,0.3,4.1,4.4,3.5,0.6,0.3,2.2,2.8,26.8,122.0,116,,redicjj01
2020,Bryn Forbes,SG,SAS,137,26,63,62,1579,7.3,17.6,0.417,4.5,11.5,0.388,2.8,6.1,0.47,0.544,2.3,2.7,0.833,0.4,3.4,3.8,3.3,1.0,0.0,1.7,3.4,21.4,110.0,118,,forbebr01
2020,Seth Curry,SG,DAL,138,29,64,25,1576,8.7,17.6,0.495,4.4,9.8,0.452,4.3,7.8,0.549,0.621,2.5,3.0,0.825,0.8,3.6,4.4,3.8,1.2,0.3,1.9,3.5,24.3,123.0,115,,curryse01
2020,Delon Wright,PG,DAL,139,27,73,5,1570,5.8,12.7,0.462,1.4,3.9,0.37,4.4,8.7,0.504,0.519,2.4,3.1,0.77,2.2,6.5,8.6,7.5,2.6,0.7,2.2,2.9,15.5,120.0,110,,wrighde01
2020,Daniel Theis,C,BOS,140,27,65,64,1566,7.4,13.1,0.566,1.0,3.0,0.333,6.4,10.2,0.633,0.603,2.7,3.5,0.763,4.3,8.8,13.1,3.4,1.1,2.6,1.7,6.7,18.5,130.0,105,,theisda01
2020,Furkan Korkmaz,SG,PHI,141,22,72,12,1559,7.5,17.5,0.43,4.4,11.1,0.402,3.1,6.4,0.478,0.557,2.4,3.2,0.755,0.6,4.7,5.2,2.5,1.3,0.5,1.8,3.0,21.9,111.0,112,,korkmfu01
2020,Cam Reddish,SF,ATL,142,20,58,34,1551,6.4,16.6,0.384,2.5,7.5,0.332,3.9,9.1,0.428,0.459,3.0,3.8,0.802,1.1,5.4,6.5,2.6,1.9,0.8,2.9,4.0,18.3,95.0,115,,reddica01
2020,Josh Okogie,SG,MIN,143,21,62,28,1547,5.1,11.9,0.427,1.2,4.6,0.266,3.9,7.3,0.529,0.479,4.6,5.7,0.796,2.6,5.4,8.0,3.0,2.0,0.8,2.6,4.2,16.0,108.0,113,,okogijo01
2020,Kyle Kuzma,PF,LAL,144,24,61,9,1526,9.1,20.8,0.436,2.7,8.5,0.316,6.4,12.3,0.518,0.5,3.6,4.8,0.735,1.6,6.9,8.5,2.5,0.9,0.8,2.8,3.9,24.4,103.0,109,,kuzmaky01
2020,Donte DiVincenzo,SG,MIL,145,23,66,24,1520,7.0,15.3,0.455,2.5,7.4,0.336,4.5,7.9,0.567,0.536,1.9,2.6,0.733,2.0,7.6,9.6,4.6,2.6,0.6,2.7,3.4,18.3,108.0,101,,divindo01
2020,Tyler Herro,SG,MIA,146,20,55,8,1508,8.7,20.4,0.428,3.8,9.6,0.389,5.0,10.8,0.462,0.52,2.8,3.2,0.87,0.5,6.7,7.3,3.9,1.1,0.3,2.8,2.5,24.1,103.0,112,,herroty01
2020,Jarrett Culver,SG,MIN,147,20,63,35,1506,7.1,17.5,0.404,2.0,6.8,0.299,5.1,10.7,0.471,0.462,1.7,3.6,0.462,2.2,4.4,6.5,3.4,1.8,1.2,2.5,3.9,17.9,94.0,113,,culveja01
2020,Joel Embiid,C,PHI,148,25,51,51,1506,12.3,25.8,0.477,1.8,5.5,0.331,10.5,20.2,0.517,0.512,11.3,14.0,0.807,4.5,14.5,19.1,4.9,1.4,2.1,5.1,5.6,37.7,113.0,104,AS,embiijo01
2020,Trevor Ariza,SF,SAC,149,34,53,21,1493,4.6,10.4,0.438,2.5,6.7,0.372,2.1,3.8,0.556,0.557,2.0,2.4,0.838,1.1,6.8,7.9,2.9,2.2,0.5,1.8,3.6,13.6,114.0,112,,arizatr01
2020,Lauri Markkanen,PF,CHI,150,22,50,50,1492,8.1,19.1,0.425,3.5,10.2,0.344,4.6,8.8,0.518,0.517,4.1,4.9,0.824,1.9,8.2,10.1,2.4,1.4,0.7,2.6,3.1,23.8,108.0,110,,markkla01
2020,Patty Mills,PG,SAS,151,31,66,1,1485,8.3,19.2,0.431,5.0,13.0,0.382,3.3,6.3,0.533,0.56,3.1,3.6,0.866,0.7,2.8,3.5,3.8,1.7,0.2,1.7,3.4,24.7,115.0,116,,millspa02
2020,Serge Ibaka,C,TOR,152,30,55,27,1485,11.0,21.5,0.512,2.2,5.8,0.385,8.7,15.6,0.559,0.564,2.9,4.0,0.718,3.7,10.8,14.5,2.5,0.9,1.5,3.5,4.9,27.1,108.0,104,,ibakase01
2020,Norman Powell,SG,TOR,153,26,52,26,1479,9.5,19.2,0.495,3.5,8.8,0.399,6.0,10.5,0.575,0.586,4.1,4.9,0.843,0.8,5.3,6.1,2.9,1.9,0.7,2.5,3.5,26.7,115.0,106,,powelno01
2020,Larry Nance Jr.,PF,CLE,154,27,56,10,1472,7.6,14.2,0.531,1.9,5.3,0.352,5.7,9.0,0.636,0.596,1.7,2.4,0.676,3.5,10.0,13.5,4.1,1.9,0.7,2.0,3.0,18.6,122.0,113,,nancela02
2020,Jeff Teague,PG,MIN,155,31,59,17,1464,6.8,15.5,0.436,1.4,3.7,0.368,5.4,11.8,0.457,0.48,5.5,6.3,0.873,0.9,3.7,4.5,9.8,1.4,0.6,3.7,3.4,20.4,112.0,116,,teaguje01
2020,Rudy Gay,PF,SAS,156,33,67,5,1461,8.7,19.5,0.446,2.4,7.2,0.336,6.3,12.3,0.511,0.508,3.9,4.4,0.882,2.0,9.8,11.8,3.7,1.1,1.1,2.9,3.4,23.7,107.0,113,,gayru01
2020,Landry Shamet,SG,LAC,157,22,53,30,1452,5.1,12.7,0.404,3.6,9.6,0.375,1.5,3.1,0.495,0.546,2.1,2.5,0.855,0.2,3.1,3.3,3.2,0.7,0.3,1.4,4.6,16.0,115.0,113,,shamela01
2020,D'Angelo Russell,PG,GSW,158,23,45,45,1452,11.8,27.7,0.426,5.2,14.1,0.367,6.6,13.6,0.487,0.519,5.3,6.5,0.809,0.6,5.2,5.8,9.3,1.6,0.4,4.8,2.8,34.0,106.0,115,,russeda01
2020,Anfernee Simons,SG,POR,159,20,70,4,1449,7.0,17.6,0.399,2.5,7.4,0.332,4.6,10.2,0.448,0.469,2.5,3.0,0.826,0.8,4.2,5.0,3.2,0.9,0.3,2.0,4.4,19.0,102.0,119,,simonan01
2020,Rui Hachimura,PF,WAS,160,21,48,48,1444,8.2,17.6,0.466,0.8,2.8,0.287,7.4,14.8,0.5,0.489,3.8,4.5,0.829,2.5,7.0,9.5,2.8,1.2,0.3,1.7,3.4,21.0,110.0,117,,hachiru01
2020,Maurice Harkless,PF,LAC,161,26,62,48,1427,4.7,9.4,0.502,1.1,3.3,0.347,3.6,6.2,0.584,0.562,1.3,2.2,0.591,1.8,6.2,8.0,2.3,1.9,1.1,1.8,4.9,11.9,110.0,108,,harklma01
2020,Damion Lee,SG,GSW,162,27,49,36,1423,7.2,17.2,0.417,2.9,8.0,0.356,4.3,9.1,0.471,0.5,3.7,4.2,0.873,1.1,7.0,8.0,4.5,1.7,0.2,2.3,3.9,20.9,108.0,114,,leeda03
2020,D.J. Augustin,PG,ORL,163,32,57,13,1420,6.3,15.8,0.399,2.4,6.9,0.348,3.9,8.9,0.438,0.475,5.5,6.2,0.89,0.8,3.4,4.2,9.0,1.2,0.0,2.9,2.5,20.5,114.0,114,,augusdj01
2020,Paul George,SF,LAC,164,29,48,48,1419,11.4,26.1,0.439,5.2,12.7,0.412,6.2,13.4,0.464,0.539,6.3,7.2,0.876,0.8,8.3,9.1,6.2,2.3,0.7,4.2,3.8,34.4,112.0,106,,georgpa01
2020,Mitchell Robinson,C,NYK,165,21,61,7,1412,8.7,11.8,0.742,0.0,0.0,,8.7,11.8,0.742,0.742,2.9,5.1,0.568,6.4,8.3,14.8,1.2,1.8,4.1,1.3,6.7,20.3,144.0,107,,robinmi01
2020,Bobby Portis,PF,NYK,166,24,66,5,1393,9.3,20.6,0.45,2.3,6.5,0.358,6.9,14.1,0.493,0.507,2.5,3.3,0.763,2.8,9.0,11.8,3.4,1.1,0.6,2.6,3.8,23.3,107.0,113,,portibo01
2020,Derrick Jones Jr.,SF,MIA,167,22,59,16,1375,6.5,12.4,0.527,1.3,4.7,0.28,5.2,7.7,0.677,0.58,3.4,4.4,0.772,2.3,5.9,8.3,2.2,2.1,1.3,1.1,4.6,17.7,126.0,109,,jonesde02
2020,Doug McDermott,PF,IND,168,28,69,0,1372,9.4,19.3,0.488,4.5,10.4,0.435,4.9,8.9,0.549,0.605,1.7,2.1,0.828,0.9,5.2,6.2,2.8,0.4,0.2,1.5,4.1,25.1,117.0,113,,mcderdo01
2020,Brad Wanamaker,PG,BOS,169,30,71,1,1369,5.7,12.8,0.448,1.3,3.6,0.363,4.4,9.2,0.481,0.499,4.4,4.8,0.926,0.8,4.3,5.1,6.3,2.2,0.5,2.7,4.7,17.2,115.0,109,,wanambr01
2020,Mike Conley,PG,UTA,170,32,47,41,1363,8.3,20.2,0.409,3.4,9.1,0.375,4.9,11.1,0.437,0.494,4.1,5.0,0.827,1.2,4.2,5.4,7.4,1.3,0.2,3.3,3.7,24.1,109.0,112,,conlemi01
2020,John Collins,PF,ATL,171,22,41,41,1363,12.1,20.7,0.583,2.0,5.0,0.401,10.1,15.7,0.642,0.632,4.1,5.1,0.8,4.0,10.3,14.2,2.1,1.1,2.3,2.6,4.7,30.3,124.0,112,,collijo01
2020,Shabazz Napier,PG,MIN,172,28,56,32,1344,6.5,15.8,0.412,2.6,8.3,0.317,3.9,7.5,0.519,0.496,4.4,5.3,0.824,0.9,4.6,5.5,9.1,2.4,0.4,4.4,3.5,20.0,106.0,114,,napiesh01
2020,Patrick Beverley,PG,LAC,173,31,51,50,1342,5.2,12.0,0.431,2.8,7.3,0.388,2.4,4.8,0.496,0.548,1.1,1.7,0.66,2.0,7.4,9.4,6.4,1.9,0.9,2.3,5.5,14.3,116.0,107,DPOY-6DEF2,beverpa01
2020,Cody Zeller,C,CHO,174,27,58,39,1341,9.4,17.9,0.524,0.7,2.8,0.24,8.7,15.1,0.577,0.543,4.6,6.7,0.682,6.0,9.4,15.4,3.3,1.5,0.9,2.8,5.2,24.0,116.0,111,,zelleco01
2020,Gary Trent Jr.,SF,POR,175,21,61,8,1332,7.0,15.8,0.444,4.0,9.6,0.418,3.0,6.2,0.486,0.571,1.3,1.6,0.822,0.9,2.7,3.6,2.2,1.7,0.6,0.8,3.2,19.4,121.0,117,,trentga02
2020,Kyle Anderson,SF,MEM,176,26,67,28,1330,5.5,11.6,0.474,0.8,3.0,0.282,4.7,8.6,0.541,0.511,1.8,2.7,0.667,2.0,8.0,10.0,5.7,1.9,1.3,2.3,3.9,13.7,109.0,109,,anderky01
2020,Caris LeVert,SG,BRK,177,25,45,31,1330,11.1,26.0,0.425,2.8,7.8,0.364,8.2,18.2,0.451,0.48,5.0,7.0,0.711,1.7,5.0,6.7,7.1,1.9,0.4,4.2,2.9,30.0,102.0,110,,leverca01
2020,Ivica Zubac,C,LAC,178,22,72,70,1326,8.4,13.7,0.613,0.0,0.1,0.0,8.4,13.7,0.616,0.613,4.4,5.9,0.747,7.0,12.3,19.4,2.9,0.6,2.4,2.2,6.0,21.2,134.0,105,,zubaciv01
2020,T.J. McConnell,PG,IND,179,27,71,3,1326,7.8,15.0,0.516,0.2,0.6,0.294,7.6,14.4,0.525,0.522,1.3,1.5,0.833,1.4,5.5,6.9,13.0,2.0,0.4,3.7,2.7,17.0,112.0,109,,mccontj01
2020,Christian Wood,PF,DET,180,24,62,12,1325,10.7,18.9,0.567,2.0,5.2,0.386,8.7,13.7,0.636,0.62,6.7,9.0,0.744,3.9,10.6,14.5,2.2,1.3,2.0,3.1,3.6,30.1,123.0,110,6MOY-4,woodch01
2020,JaMychal Green,PF,LAC,181,29,63,1,1307,5.5,12.7,0.429,3.3,8.6,0.387,2.1,4.1,0.518,0.56,1.3,1.7,0.75,2.8,11.2,14.0,1.8,1.0,0.9,2.0,6.3,15.6,112.0,106,,greenja01
2020,Dwight Howard,C,LAL,182,34,69,2,1306,7.4,10.1,0.729,0.1,0.2,0.6,7.2,9.9,0.732,0.735,4.0,7.8,0.514,6.3,12.2,18.5,1.6,1.1,2.9,3.1,8.1,18.8,125.0,103,6MOY-9,howardw01
2020,Kelly Olynyk,C,MIA,183,28,67,9,1300,6.9,14.9,0.462,3.6,8.8,0.406,3.3,6.2,0.543,0.582,3.2,3.8,0.86,1.7,9.8,11.5,4.4,1.7,0.9,2.7,6.5,20.6,116.0,108,,olynyke01
2020,Brandon Clarke,PF,MEM,184,23,58,4,1300,10.6,17.2,0.618,0.8,2.3,0.359,9.8,14.9,0.658,0.642,3.1,4.0,0.759,3.3,9.1,12.4,2.9,1.1,1.7,2.0,3.6,25.1,127.0,109,ROY-4,clarkbr01
2020,Derrick Rose,PG,DET,185,31,50,15,1298,14.0,28.5,0.49,1.7,5.6,0.306,12.3,23.0,0.535,0.52,4.6,5.3,0.871,1.0,3.6,4.6,10.5,1.5,0.6,4.8,1.9,34.3,109.0,115,6MOY-7,rosede01
2020,Jeremy Lamb,SG,IND,186,27,46,42,1291,8.1,18.0,0.451,2.0,5.9,0.335,6.1,12.1,0.508,0.506,3.5,4.1,0.836,0.9,6.6,7.5,3.6,2.1,0.8,1.9,3.9,21.7,108.0,107,,lambje01
2020,Matisse Thybulle,SG,PHI,187,22,65,14,1287,4.2,10.0,0.423,2.1,5.9,0.357,2.1,4.1,0.519,0.528,0.9,1.5,0.61,1.7,2.4,4.0,3.0,3.5,1.8,1.9,5.3,11.5,105.0,106,,thybuma01
2020,Clint Capela,C,HOU,188,25,39,39,1279,8.8,14.0,0.629,0.0,0.0,,8.8,14.0,0.629,0.629,2.0,3.8,0.529,6.1,13.4,19.4,1.7,1.2,2.6,2.3,3.7,19.6,124.0,105,,capelca01
2020,Jordan Poole,SG,GSW,189,20,57,14,1274,6.3,18.9,0.333,2.8,10.0,0.279,3.5,8.9,0.392,0.406,3.6,4.5,0.798,0.3,4.1,4.4,5.0,1.3,0.4,2.8,3.5,18.9,91.0,117,,poolejo01
2020,Trey Lyles,PF,SAS,190,24,63,53,1271,5.8,12.9,0.446,2.4,6.3,0.387,3.3,6.6,0.503,0.541,1.2,1.7,0.733,2.7,10.9,13.6,2.6,1.1,1.1,1.5,3.7,15.2,113.0,113,,lylestr01
2020,George Hill,PG,MIL,191,33,59,2,1271,7.0,13.5,0.516,2.9,6.3,0.46,4.1,7.2,0.565,0.624,3.1,3.6,0.842,1.8,4.6,6.4,6.5,1.7,0.2,2.0,3.0,19.9,131.0,106,6MOY-4,hillge01
2020,Kris Dunn,PG,CHI,192,25,51,32,1269,5.8,13.0,0.444,1.1,4.3,0.259,4.7,8.7,0.535,0.487,1.5,2.0,0.741,0.9,6.2,7.1,6.6,3.8,0.6,2.6,6.0,14.2,104.0,106,,dunnkr01
2020,Svi Mykhailiuk,SF,DET,193,22,56,27,1265,6.5,15.7,0.41,4.5,11.1,0.404,2.0,4.7,0.425,0.552,2.2,2.7,0.814,0.7,3.4,4.0,4.1,1.6,0.2,2.4,3.4,19.6,110.0,116,,mykhasv01
2020,James Ennis III,SF,PHI,194,29,69,18,1265,6.1,13.8,0.446,2.1,6.5,0.325,4.0,7.3,0.553,0.522,3.0,3.8,0.806,2.7,6.7,9.4,2.4,1.3,0.8,2.2,5.3,17.4,111.0,110,,ennisja01
2020,Terrance Ferguson,SF,OKC,195,21,56,38,1257,3.0,8.5,0.355,1.9,6.5,0.292,1.1,2.0,0.558,0.466,0.6,0.8,0.75,0.9,2.0,2.9,2.0,1.0,0.7,1.2,6.0,8.5,97.0,114,,fergute01
2020,Wendell Carter Jr.,C,CHI,196,20,43,43,1256,7.0,13.2,0.534,0.2,1.1,0.207,6.8,12.0,0.564,0.542,4.3,5.8,0.737,5.3,10.2,15.5,2.0,1.3,1.4,2.8,6.2,18.6,115.0,108,,cartewe01
2020,Cameron Johnson,PF,PHO,197,23,57,9,1255,6.6,15.3,0.435,4.0,10.3,0.39,2.6,5.0,0.526,0.565,1.7,2.2,0.807,1.8,5.2,7.1,2.6,1.4,0.8,1.2,3.3,19.0,117.0,113,,johnsca02
2020,Isaac Bonga,SF,WAS,198,20,66,49,1250,4.4,8.8,0.504,0.9,2.7,0.352,3.5,6.1,0.571,0.558,2.6,3.2,0.812,2.7,5.6,8.3,2.8,1.7,0.8,2.2,5.8,12.3,116.0,116,,bongais01
2020,Elfrid Payton,PG,NYK,199,25,45,36,1246,7.5,17.2,0.439,0.5,2.7,0.203,7.0,14.5,0.482,0.455,1.9,3.4,0.57,2.0,6.3,8.3,12.6,2.7,0.7,3.8,3.5,17.5,105.0,111,,paytoel01
2020,Pat Connaughton,SG,MIL,200,27,67,4,1243,5.0,11.1,0.455,2.0,6.1,0.331,3.0,5.0,0.607,0.547,1.1,1.5,0.775,2.2,8.2,10.4,3.9,0.9,1.1,1.9,2.6,13.2,114.0,104,,connapa01
2020,Derrick Favors,C,NOP,201,28,51,49,1243,7.8,12.6,0.617,0.0,0.3,0.143,7.7,12.4,0.627,0.618,1.5,2.6,0.563,6.1,12.6,18.7,3.0,1.1,1.7,2.0,4.0,17.1,126.0,109,,favorde01
2020,Richaun Holmes,C,SAC,202,26,44,38,1242,8.7,13.4,0.648,0.0,0.0,,8.7,13.4,0.648,0.648,3.6,4.6,0.788,5.0,9.0,14.0,1.6,1.6,2.2,2.0,6.6,21.1,131.0,109,,holmeri01
2020,Paul Millsap,PF,DEN,203,34,51,48,1240,8.4,17.5,0.482,2.2,4.9,0.435,6.3,12.5,0.5,0.543,4.6,5.6,0.816,3.9,7.8,11.7,3.3,1.8,1.2,2.8,6.0,23.6,116.0,110,,millspa01
2020,Deandre Ayton,C,PHO,204,21,38,32,1236,11.9,21.8,0.546,0.1,0.5,0.231,11.8,21.3,0.553,0.548,2.6,3.4,0.753,5.6,11.1,16.7,2.8,1.0,2.2,3.1,4.5,26.4,111.0,108,,aytonde01
2020,DeAndre Jordan,C,BRK,205,31,56,6,1234,7.3,11.0,0.666,0.0,0.0,,7.3,11.0,0.666,0.666,3.2,4.7,0.68,5.4,16.1,21.5,4.0,0.7,2.0,2.8,4.4,17.8,129.0,104,,jordade01
2020,Tyus Jones,PG,MEM,206,23,65,6,1232,7.5,16.3,0.459,1.8,4.7,0.379,5.7,11.6,0.492,0.514,1.6,2.2,0.741,0.3,3.6,3.9,10.8,2.2,0.2,2.1,1.7,18.3,116.0,112,,jonesty01
2020,Draymond Green,PF,GSW,207,29,43,43,1222,4.8,12.4,0.389,1.4,5.1,0.279,3.4,7.3,0.465,0.446,2.5,3.3,0.759,0.9,9.5,10.4,10.4,2.3,1.3,3.8,4.3,13.5,100.0,110,,greendr01
2020,Terence Davis,SG,TOR,208,22,72,4,1209,7.8,17.2,0.456,3.7,9.5,0.388,4.1,7.6,0.541,0.564,2.0,2.3,0.864,2.0,7.4,9.3,4.5,1.5,0.6,3.0,4.9,21.4,111.0,106,ROY-6,daviste02
2020,Malik Beasley,SG,DEN,209,23,55,14,1209,9.1,21.3,0.425,4.3,11.0,0.388,4.8,10.3,0.465,0.525,2.2,2.6,0.818,0.7,5.2,5.9,3.0,1.6,0.3,2.3,3.1,24.5,105.0,114,,beaslma01
2020,Mike Scott,PF,PHI,210,31,68,11,1207,6.0,14.1,0.426,3.2,8.7,0.369,2.8,5.3,0.519,0.54,1.2,1.5,0.811,2.6,7.3,10.0,2.2,0.8,0.2,1.0,3.9,16.4,117.0,112,,scottmi01
2020,Marquese Chriss,PF,GSW,211,22,59,21,1196,8.4,15.4,0.545,0.3,1.6,0.205,8.1,13.8,0.584,0.556,4.8,6.2,0.769,4.6,10.0,14.6,4.6,1.6,2.5,3.1,4.9,21.9,117.0,110,,chrisma01
2020,Frank Ntilikina,PG,NYK,212,21,57,26,1187,5.4,13.7,0.393,1.8,5.6,0.321,3.6,8.0,0.444,0.459,2.1,2.4,0.864,0.9,4.0,5.0,7.1,2.2,0.7,2.9,5.8,14.6,103.0,113,,ntilila01
2020,Karl-Anthony Towns,C,MIN,213,24,35,35,1187,12.4,24.3,0.508,4.5,10.8,0.412,7.9,13.5,0.586,0.6,7.0,8.8,0.796,3.7,11.1,14.8,6.0,1.3,1.6,4.3,4.6,36.2,121.0,110,,townska01
2020,Markieff Morris,PF,DET,214,30,58,17,1187,8.4,18.9,0.443,3.6,9.4,0.386,4.7,9.5,0.5,0.539,2.7,3.5,0.776,1.6,7.3,9.0,3.2,1.3,0.7,3.1,5.5,23.1,105.0,112,,morrima02
2020,Avery Bradley,SG,LAL,215,29,49,44,1186,6.8,15.4,0.444,2.5,6.9,0.364,4.3,8.4,0.51,0.526,0.8,1.0,0.833,0.7,3.9,4.6,2.5,1.7,0.2,1.9,4.4,17.0,103.0,110,,bradlav01
2020,Alex Caruso,PG,LAL,216,25,64,2,1175,4.9,11.8,0.412,1.6,4.9,0.333,3.2,6.9,0.468,0.481,2.8,3.8,0.734,0.7,4.3,5.0,5.0,2.8,0.7,2.1,4.0,14.1,107.0,106,,carusal01
2020,Jakob Poeltl,C,SAS,217,24,66,18,1171,6.8,10.9,0.624,0.0,0.0,,6.8,10.9,0.624,0.624,1.6,3.5,0.465,5.3,10.0,15.3,4.7,1.5,3.9,2.2,5.1,15.2,125.0,108,,poeltja01
2020,Malik Monk,SG,CHO,218,21,55,1,1169,9.1,20.9,0.434,2.5,8.7,0.284,6.6,12.2,0.542,0.494,3.5,4.3,0.82,1.2,5.6,6.7,4.9,1.1,0.7,3.3,3.2,24.2,102.0,115,,monkma01
2020,De'Anthony Melton,PG,MEM,219,21,60,8,1167,6.4,16.0,0.401,1.6,5.6,0.286,4.8,10.4,0.464,0.451,3.7,4.8,0.769,1.7,7.1,8.8,7.0,3.1,0.8,3.4,4.4,18.2,102.0,107,,meltode01
2020,Kevin Knox,SF,NYK,220,20,65,4,1166,6.0,16.7,0.359,2.7,8.3,0.327,3.3,8.4,0.391,0.44,2.8,4.2,0.653,1.2,6.5,7.7,2.5,1.0,1.2,1.9,4.4,17.5,97.0,114,,knoxke01
2020,Kevin Porter Jr.,SF,CLE,221,19,50,3,1162,7.8,17.6,0.442,2.2,6.6,0.335,5.6,11.0,0.506,0.505,3.1,4.2,0.723,0.9,5.9,6.8,4.6,1.9,0.6,3.9,5.7,20.9,99.0,115,,porteke02
2020,Marc Gasol,C,TOR,222,35,44,43,1161,4.9,11.4,0.427,2.3,6.1,0.385,2.5,5.4,0.473,0.529,1.5,2.0,0.735,1.3,10.0,11.3,6.0,1.4,1.6,2.4,5.1,13.6,110.0,103,,gasolma01
2020,Thomas Bryant,C,WAS,223,22,46,36,1147,9.9,17.0,0.581,1.5,3.7,0.407,8.4,13.3,0.63,0.626,3.5,4.7,0.741,4.0,9.5,13.5,3.4,1.0,2.0,2.2,4.2,24.8,127.0,114,,bryanth01
2020,JaVale McGee,C,LAL,224,32,68,68,1130,8.2,12.9,0.637,0.1,0.3,0.5,8.1,12.6,0.64,0.642,2.2,3.5,0.646,5.3,11.2,16.4,1.6,1.5,4.0,2.3,6.7,18.8,124.0,101,,mcgeeja01
2020,Darius Bazley,PF,OKC,225,19,61,9,1130,5.4,13.6,0.394,2.1,6.1,0.348,3.3,7.6,0.432,0.472,1.8,2.7,0.694,1.3,9.3,10.6,1.8,1.0,1.8,1.9,2.4,14.7,96.0,108,,bazleda01
2020,Marvin Williams,PF,CHO,226,33,58,1,1129,5.1,11.5,0.446,2.4,6.7,0.359,2.7,4.8,0.568,0.551,2.1,2.5,0.86,1.3,6.6,7.9,2.6,1.6,1.3,1.4,4.4,14.8,116.0,110,,willima02
2020,Nerlens Noel,C,OKC,227,25,61,7,1127,7.9,11.6,0.684,0.0,0.1,0.333,7.9,11.5,0.688,0.686,3.4,4.6,0.755,3.9,9.0,12.9,2.5,2.5,3.9,2.8,7.2,19.4,127.0,102,,noelne01
2020,Rondae Hollis-Jefferson,PF,TOR,228,25,60,6,1122,6.6,13.9,0.471,0.1,1.0,0.13,6.4,13.0,0.497,0.476,4.5,6.1,0.734,4.7,7.3,12.0,4.5,2.0,1.0,2.5,4.9,17.7,114.0,104,,holliro01
2020,Willie Cauley-Stein,C,GSW,229,26,54,39,1097,7.6,13.2,0.579,0.0,0.0,0.0,7.6,13.1,0.581,0.579,1.7,2.9,0.606,3.7,10.1,13.8,3.1,2.1,2.7,1.7,5.3,17.0,117.0,108,,caulewi01
2020,Gorgui Dieng,C,MIN,230,30,63,17,1096,7.0,15.4,0.456,2.3,6.4,0.355,4.8,9.0,0.528,0.53,3.3,4.3,0.772,3.9,11.2,15.0,3.1,2.2,2.5,2.5,5.3,19.7,113.0,106,,dienggo01
2020,Solomon Hill,PF,MEM,231,28,59,4,1088,4.8,12.0,0.396,2.7,7.4,0.368,2.0,4.6,0.439,0.509,1.7,2.3,0.741,1.3,5.9,7.1,4.5,1.9,0.5,2.2,3.7,14.0,106.0,111,,hillso01
2020,Jaxson Hayes,C,NOP,232,19,64,14,1080,7.5,11.1,0.672,0.0,0.2,0.25,7.4,10.9,0.678,0.674,5.3,8.1,0.647,4.2,6.9,11.1,2.4,1.1,2.4,2.3,6.9,20.2,131.0,111,,hayesja02
2020,Torrey Craig,SF,DEN,233,29,58,27,1072,5.7,12.4,0.461,2.1,6.4,0.326,3.6,6.0,0.603,0.545,1.0,1.7,0.611,2.9,5.8,8.7,2.2,1.1,1.7,1.2,6.2,14.5,116.0,112,,craigto01
2020,Dwight Powell,C,DAL,234,28,40,37,1061,6.7,10.4,0.638,0.5,1.8,0.256,6.2,8.7,0.716,0.659,3.4,5.1,0.667,3.4,6.9,10.3,2.7,1.5,1.0,1.6,4.6,17.1,134.0,111,,poweldw01
2020,Mason Plumlee,C,DEN,235,29,61,1,1057,8.3,13.5,0.615,0.0,0.2,0.0,8.3,13.2,0.625,0.615,3.9,7.2,0.535,4.6,10.2,14.8,7.2,1.5,1.8,3.8,6.7,20.4,118.0,108,,plumlma01
2020,Justin Jackson,PF,DAL,236,24,65,3,1045,6.2,15.8,0.396,2.2,7.5,0.294,4.0,8.2,0.489,0.466,1.9,2.3,0.84,1.2,5.9,7.1,2.4,0.7,0.5,0.6,3.2,16.6,108.0,115,,jacksju01
2020,Grant Williams,PF,BOS,237,21,69,5,1043,4.0,9.8,0.412,1.1,4.4,0.25,2.9,5.3,0.548,0.469,1.8,2.5,0.722,2.7,5.5,8.2,3.1,1.4,1.7,2.3,7.5,11.0,104.0,108,,willigr01
2020,Nicolò Melli,C,NOP,238,29,60,8,1042,6.0,14.3,0.421,3.1,9.1,0.335,3.0,5.2,0.573,0.528,2.4,3.2,0.74,1.7,6.3,8.0,3.6,1.5,1.0,2.0,5.5,17.5,111.0,112,,mellini01
2020,Meyers Leonard,C,MIA,239,27,51,49,1034,5.6,11.0,0.509,2.5,6.0,0.414,3.1,5.0,0.623,0.622,0.8,1.3,0.643,1.4,10.9,12.3,2.6,0.7,0.7,1.8,5.1,14.6,114.0,110,,leoname01
2020,Bismack Biyombo,C,CHO,240,27,53,29,1029,7.4,13.5,0.543,0.0,0.0,,7.4,13.5,0.543,0.543,4.4,7.4,0.603,5.8,9.2,15.0,2.4,0.5,2.4,2.3,5.6,19.1,116.0,112,,biyombi01
2020,Taj Gibson,C,NYK,241,34,62,56,1025,7.9,13.6,0.584,0.2,0.7,0.286,7.7,12.9,0.599,0.591,1.9,2.7,0.732,5.3,7.4,12.7,2.5,1.3,1.4,2.2,5.8,18.0,121.0,113,,gibsota01
2020,Jalen Brunson,PG,DAL,242,23,57,16,1022,8.6,18.3,0.466,2.0,5.7,0.358,6.5,12.7,0.515,0.522,2.9,3.5,0.813,1.0,5.3,6.3,8.9,1.0,0.2,3.1,3.5,22.0,114.0,114,,brunsja01
2020,E'Twaun Moore,SG,NOP,243,30,56,6,1020,8.4,19.8,0.426,2.9,7.6,0.377,5.6,12.2,0.456,0.498,1.4,2.0,0.689,1.4,4.5,5.9,3.5,1.5,0.5,1.8,3.6,21.1,104.0,114,,mooreet01
2020,Eric Gordon,SF,HOU,244,31,36,15,1016,7.8,21.1,0.369,4.4,13.8,0.317,3.4,7.3,0.469,0.473,3.7,4.9,0.766,0.4,2.8,3.2,2.5,1.0,0.6,2.0,3.2,23.7,101.0,115,,gordoer01
2020,Ky Bowman,PG,GSW,245,22,45,12,1015,6.3,15.1,0.417,1.6,5.0,0.308,4.8,10.1,0.472,0.469,1.6,1.9,0.829,1.1,4.6,5.7,6.2,2.1,0.5,3.3,4.8,15.8,96.0,115,,bowmaky01
2020,Semi Ojeleye,PF,BOS,246,25,69,6,1011,3.8,9.4,0.408,2.3,6.1,0.378,1.5,3.3,0.464,0.531,1.3,1.5,0.875,1.2,5.7,6.9,1.8,1.0,0.2,0.9,3.8,11.3,116.0,111,,ojelese01
2020,Lonnie Walker IV,SG,SAS,247,21,61,12,988,7.4,17.3,0.426,2.0,4.9,0.406,5.4,12.4,0.434,0.483,2.1,3.0,0.721,1.1,5.6,6.7,3.3,1.5,0.7,2.1,3.8,18.8,100.0,115,,walkelo01
2020,Ersan İlyasova,PF,MIL,248,32,63,8,986,6.8,14.5,0.466,2.3,6.3,0.365,4.4,8.2,0.545,0.546,3.3,4.0,0.828,2.9,11.1,14.0,2.3,1.1,0.8,1.6,4.4,19.2,119.0,102,,ilyaser01
2020,Rajon Rondo,PG,LAL,249,33,48,3,984,6.6,15.8,0.418,2.0,6.0,0.328,4.6,9.8,0.473,0.48,1.3,2.0,0.659,1.1,5.8,6.9,11.6,1.9,0.1,4.4,2.8,16.5,103.0,108,,rondora01
2020,Enes Freedom,C,BOS,250,27,58,7,983,9.8,17.1,0.572,0.0,0.3,0.143,9.7,16.7,0.581,0.573,3.4,4.9,0.707,8.0,13.2,21.2,2.7,1.1,2.0,2.7,4.9,23.0,123.0,104,,kanteen01
2020,Jonathan Isaac,PF,ORL,251,22,34,32,980,7.7,16.5,0.47,1.6,4.7,0.34,6.2,11.8,0.521,0.518,3.0,3.8,0.779,2.9,8.6,11.5,2.4,2.6,3.9,2.4,4.1,20.1,107.0,103,,isaacjo01
2020,Jerome Robinson,SG,LAC,252,22,63,6,979,5.5,14.9,0.371,2.4,7.3,0.32,3.2,7.5,0.42,0.45,1.9,2.7,0.702,0.6,5.6,6.2,4.2,1.3,0.8,2.4,5.4,15.3,96.0,113,,robinje01
2020,Alex Len,C,ATL,253,26,55,12,970,8.6,15.5,0.555,0.8,2.9,0.271,7.8,12.6,0.619,0.58,3.3,5.1,0.648,4.8,10.7,15.6,2.4,1.1,2.3,2.7,6.2,21.2,116.0,111,,lenal01
2020,Kyle Korver,SF,MIL,254,38,58,1,960,6.0,13.9,0.43,4.7,11.3,0.418,1.3,2.7,0.482,0.599,1.7,2.0,0.854,0.7,5.1,5.8,3.2,1.2,0.6,2.3,3.7,18.4,113.0,106,,korveky01
2020,Jeff Green,PF,UTA,255,33,48,4,960,7.9,17.1,0.462,3.1,9.1,0.339,4.8,8.0,0.602,0.552,3.6,4.5,0.802,1.2,5.4,6.6,2.5,1.3,0.9,2.1,4.4,22.5,114.0,111,,greenje02
2020,Robin Lopez,C,MIL,256,31,66,5,958,7.0,14.3,0.492,1.7,5.0,0.333,5.3,9.2,0.577,0.55,1.3,2.5,0.528,2.7,5.0,7.7,2.1,0.5,2.1,3.0,4.6,17.0,101.0,105,,lopezro01
2020,Wes Iwundu,SF,ORL,257,25,52,21,953,5.0,11.9,0.416,1.4,4.2,0.341,3.5,7.7,0.457,0.476,4.0,5.0,0.804,1.2,5.5,6.7,3.1,1.3,0.7,1.3,4.1,15.3,113.0,112,,iwundwe01
2020,Jevon Carter,PG,PHO,258,24,58,2,945,5.1,12.2,0.416,3.1,7.3,0.425,2.0,4.9,0.402,0.543,1.2,1.4,0.852,1.5,4.4,5.9,4.2,2.4,0.9,1.6,4.3,14.4,114.0,111,,carteje01
2020,Aron Baynes,C,PHO,259,33,42,28,934,9.3,19.3,0.48,3.0,8.5,0.351,6.3,10.8,0.582,0.558,2.8,3.8,0.747,3.6,8.4,12.0,3.4,0.5,1.2,2.5,7.2,24.4,113.0,112,,baynear01
2020,Ryan Arcidiacono,PG,CHI,260,25,58,4,930,4.7,11.4,0.409,2.8,7.1,0.391,1.9,4.2,0.439,0.532,1.4,2.0,0.711,1.0,4.7,5.7,5.0,1.4,0.2,1.9,5.0,13.5,111.0,113,,arcidry01
2020,Treveon Graham,SF,MIN,261,26,55,20,929,4.4,12.1,0.36,1.7,6.0,0.275,2.7,6.1,0.443,0.428,1.8,2.8,0.643,2.6,5.0,7.5,2.3,1.2,0.3,1.5,5.1,12.2,99.0,116,,grahatr01
2020,Isaiah Thomas,PG,WAS,262,30,40,37,925,8.8,21.5,0.408,3.9,9.6,0.413,4.9,12.0,0.405,0.5,3.1,3.8,0.816,0.6,2.9,3.4,7.4,0.7,0.3,3.9,3.9,24.7,103.0,120,,thomais02
2020,Georges Niang,PF,UTA,263,26,66,1,923,7.4,17.0,0.438,4.7,11.9,0.4,2.7,5.1,0.526,0.578,1.1,1.3,0.833,0.8,5.9,6.7,2.3,0.9,0.3,1.6,4.0,20.7,113.0,112,,niangge01
2020,Khem Birch,C,ORL,264,27,48,24,922,3.9,7.6,0.51,0.0,0.1,0.0,3.9,7.5,0.514,0.51,3.5,5.3,0.653,4.8,6.8,11.6,2.6,1.1,1.2,1.6,4.8,11.2,121.0,111,,birchkh01
2020,Luke Kennard,SG,DET,265,23,28,25,922,8.1,18.2,0.442,3.9,9.8,0.399,4.2,8.5,0.491,0.548,3.6,4.0,0.893,0.5,4.7,5.2,6.1,0.6,0.3,2.3,3.5,23.6,117.0,117,,kennalu01
2020,Jabari Parker,PF,ATL,266,24,38,23,917,11.2,21.9,0.51,1.6,6.1,0.269,9.5,15.8,0.603,0.548,3.1,4.1,0.753,3.1,7.8,10.9,3.5,2.3,0.8,3.3,5.0,27.1,108.0,112,,parkeja01
2020,DeAndre' Bembry,SG,ATL,267,25,43,4,915,5.3,11.6,0.456,0.8,3.3,0.231,4.5,8.3,0.546,0.489,1.3,2.4,0.542,1.7,6.0,7.7,4.1,2.8,1.0,3.1,4.3,12.7,95.0,112,,bembrde01
2020,Patrick McCaw,SF,TOR,268,24,37,12,908,3.5,8.5,0.414,1.2,3.7,0.324,2.3,4.8,0.484,0.485,0.7,0.9,0.722,1.0,3.5,4.5,4.1,2.0,0.2,1.5,3.1,8.9,105.0,108,,mccawpa01
2020,Michael Porter Jr.,SF,DEN,269,21,55,8,903,10.7,21.0,0.509,3.4,8.0,0.422,7.3,12.9,0.564,0.59,3.3,3.9,0.833,3.6,10.6,14.2,2.5,1.5,1.4,2.7,5.5,28.0,118.0,109,,portemi01
2020,Cody Martin,SF,CHO,270,24,48,3,903,4.9,11.5,0.43,1.0,4.3,0.234,3.9,7.2,0.546,0.473,2.3,3.6,0.646,2.1,6.7,8.8,5.3,2.2,0.5,2.4,4.3,13.2,104.0,112,,martico01
2020,Hamidou Diallo,SF,OKC,271,21,46,3,896,7.2,16.1,0.446,0.9,3.1,0.281,6.3,13.0,0.485,0.473,2.1,3.4,0.603,2.4,6.7,9.1,2.0,2.0,0.5,2.8,5.5,17.2,94.0,109,,diallha01
2020,Damian Jones,C,ATL,272,24,55,27,887,6.4,9.4,0.68,0.1,0.5,0.222,6.3,8.9,0.704,0.685,3.3,4.4,0.738,3.9,6.9,10.8,1.8,1.4,2.1,1.5,7.8,16.1,138.0,113,,jonesda03
2020,Omari Spellman,C,GSW,273,22,49,3,886,6.9,15.9,0.431,2.3,5.9,0.391,4.5,10.0,0.454,0.503,3.9,5.0,0.793,4.2,7.7,11.8,2.5,1.8,1.3,2.9,3.4,20.0,107.0,112,,spellom01
2020,Marco Belinelli,SG,SAS,274,33,57,0,883,6.7,17.0,0.392,3.6,9.6,0.376,3.0,7.4,0.412,0.498,2.6,3.1,0.828,0.4,5.0,5.4,3.7,0.6,0.1,1.0,2.4,19.5,110.0,118,,belinma01
2020,Mo Bamba,C,ORL,275,21,62,0,878,7.3,15.9,0.462,2.1,5.9,0.346,5.3,9.9,0.531,0.526,1.7,2.6,0.674,5.5,11.2,16.7,2.3,1.3,4.8,2.3,6.4,18.4,111.0,103,,bambamo01
2020,Vince Carter,PF,ATL,276,43,60,0,876,5.7,16.2,0.352,3.2,10.7,0.302,2.4,5.4,0.451,0.452,1.2,1.5,0.793,1.0,5.6,6.6,2.6,1.2,1.3,1.8,4.8,15.9,94.0,116,,cartevi01
2020,Anthony Tolliver,PF,POR,277,34,55,13,872,3.5,9.9,0.357,2.7,7.9,0.338,0.9,2.0,0.432,0.492,1.1,1.6,0.724,1.9,6.5,8.4,2.3,1.0,0.6,1.9,4.0,10.9,103.0,115,,tollian01
2020,Rodney McGruder,SG,LAC,278,28,56,4,871,3.9,9.8,0.398,1.3,4.8,0.27,2.6,5.0,0.522,0.464,1.0,1.8,0.559,1.6,6.6,8.2,2.0,1.4,0.4,1.3,4.0,10.1,100.0,109,,mcgruro01
2020,Mario Hezonja,PF,POR,279,24,53,4,871,5.0,11.9,0.422,1.3,4.3,0.308,3.7,7.7,0.486,0.477,2.6,3.2,0.814,1.6,8.4,10.1,2.7,2.0,0.5,2.3,5.9,14.0,104.0,113,,hezonma01
2020,Abdel Nader,SF,OKC,280,26,55,6,867,6.9,14.7,0.468,2.7,7.2,0.375,4.2,7.6,0.556,0.559,2.9,3.7,0.773,0.8,4.8,5.6,2.1,1.3,1.1,2.4,4.4,19.3,107.0,111,,naderab01
2020,Timothé Luwawu-Cabarrot,SF,BRK,281,24,47,2,853,6.5,14.9,0.435,3.4,8.9,0.388,3.1,6.0,0.505,0.55,3.8,4.5,0.852,1.6,5.4,7.0,1.6,1.0,0.4,2.1,5.9,20.2,114.0,112,,luwawti01
2020,Emmanuel Mudiay,PG,UTA,282,23,54,2,850,8.6,18.7,0.462,1.7,5.0,0.345,6.9,13.7,0.504,0.508,3.6,4.8,0.759,1.0,6.2,7.2,6.6,1.4,0.6,4.4,4.1,22.6,103.0,111,,mudiaem01
2020,Damyean Dotson,SG,NYK,283,25,48,0,836,7.0,16.9,0.414,3.4,9.5,0.362,3.6,7.4,0.48,0.516,1.3,1.9,0.667,0.6,4.7,5.3,3.3,1.3,0.2,1.2,2.6,18.7,109.0,116,,dotsoda01
2020,Moritz Wagner,C,WAS,284,22,45,5,835,8.1,14.9,0.545,1.4,4.5,0.313,6.7,10.4,0.645,0.592,4.4,5.3,0.821,3.1,9.1,12.3,3.1,1.6,1.1,3.7,8.5,22.0,114.0,113,,wagnemo01
2020,Michael Carter-Williams,SG,ORL,285,28,45,0,833,6.5,15.2,0.427,1.3,4.4,0.293,5.2,10.8,0.481,0.469,4.6,5.6,0.832,2.7,5.9,8.6,6.4,2.9,1.3,3.0,5.1,18.9,109.0,107,,cartemi01
2020,Juancho Hernangómez,PF,DEN,286,24,48,14,833,5.7,14.2,0.405,2.5,7.4,0.341,3.2,6.8,0.475,0.494,2.5,4.1,0.62,2.5,8.9,11.3,2.3,1.1,0.5,1.8,3.7,16.6,105.0,113,,hernaju01
2020,Kenrich Williams,PF,NOP,287,25,39,18,832,2.8,8.2,0.347,1.4,5.4,0.258,1.4,2.8,0.52,0.432,0.5,1.4,0.346,2.8,7.5,10.3,3.2,1.5,1.2,1.2,4.9,7.6,103.0,111,,willike04
2020,Matthew Dellavedova,PG,CLE,288,29,57,4,821,3.7,10.4,0.354,1.2,5.4,0.231,2.4,5.0,0.488,0.414,1.9,2.2,0.865,1.1,3.4,4.4,10.7,1.2,0.1,3.5,4.6,10.5,103.0,118,,dellama01
2020,Luguentz Dort,SF,OKC,289,20,36,28,820,5.1,12.9,0.394,1.8,6.0,0.297,3.3,6.9,0.479,0.463,2.5,3.1,0.792,1.4,3.4,4.8,1.6,1.8,0.2,1.3,5.7,14.5,103.0,111,,dortlu01
2020,Chris Boucher,C,TOR,290,27,62,0,819,8.2,17.4,0.472,2.2,6.9,0.322,6.0,10.5,0.569,0.535,5.3,6.7,0.784,6.2,9.9,16.1,1.5,1.3,3.5,1.6,6.6,23.9,124.0,101,,bouchch01
2020,Ian Mahinmi,C,WAS,291,33,38,35,808,6.0,12.1,0.495,0.3,1.5,0.192,5.7,10.6,0.538,0.507,4.0,6.5,0.619,4.5,8.1,12.6,2.8,1.8,2.5,2.6,6.6,16.4,110.0,112,,mahinia01
2020,Shake Milton,SG,PHI,292,23,40,24,805,8.1,16.7,0.484,3.5,8.1,0.43,4.6,8.6,0.535,0.588,3.1,3.9,0.785,0.9,4.4,5.3,6.3,1.2,0.4,2.8,5.5,22.7,118.0,112,,miltosh01
2020,Frank Jackson,PG,NOP,293,21,59,2,797,7.8,19.2,0.405,2.7,8.4,0.326,5.1,10.9,0.465,0.476,3.3,4.4,0.747,1.3,3.5,4.8,3.5,1.0,0.2,2.8,4.5,21.5,100.0,116,,jacksfr01
2020,Jordan McRae,SG,WAS,294,28,37,4,784,9.0,22.0,0.407,2.7,7.6,0.357,6.3,14.4,0.433,0.469,5.0,6.6,0.761,1.1,6.4,7.5,5.6,1.3,1.0,2.6,4.4,25.6,105.0,116,,mcraejo01
2020,Frank Kaminsky,C,PHO,295,26,39,13,777,8.4,18.7,0.45,2.5,7.6,0.331,5.9,11.2,0.53,0.516,3.7,5.5,0.678,2.1,8.6,10.7,4.6,0.9,0.6,2.3,4.6,23.0,110.0,112,,kaminfr01
2020,Thon Maker,C,DET,296,22,60,14,776,5.9,12.2,0.482,1.4,4.1,0.344,4.5,8.2,0.55,0.539,4.6,7.0,0.664,3.4,7.2,10.6,2.7,1.6,2.5,2.9,6.5,17.8,111.0,110,,makerth01
2020,Patrick Patterson,PF,LAC,297,30,59,18,776,5.8,14.2,0.408,4.1,10.5,0.39,1.7,3.7,0.459,0.552,2.1,2.6,0.814,2.1,7.1,9.2,2.5,0.4,0.2,1.3,3.3,17.8,119.0,111,,pattepa01
2020,Dewayne Dedmon,C,SAC,298,30,44,18,774,6.3,15.8,0.4,1.4,6.6,0.206,5.0,9.2,0.541,0.443,1.9,2.2,0.833,3.7,11.7,15.4,1.4,1.5,2.5,3.5,8.2,15.9,90.0,108,,dedmode01
2020,Sterling Brown,SF,MIL,299,24,52,1,767,5.7,15.2,0.371,2.6,8.1,0.324,3.0,7.1,0.425,0.457,1.9,2.4,0.8,1.8,9.0,10.9,3.0,1.7,0.4,2.5,3.2,15.8,97.0,103,,brownst02
2020,Sekou Doumbouya,PF,DET,300,19,38,19,754,6.0,15.4,0.39,1.8,6.4,0.286,4.2,9.0,0.464,0.449,2.0,3.0,0.674,1.3,6.4,7.7,1.2,1.3,0.5,2.3,5.2,15.9,90.0,114,,doumbse01
2020,Keita Bates-Diop,PF,MIN,301,24,44,0,744,6.3,14.7,0.427,2.1,6.5,0.33,4.2,8.2,0.504,0.5,3.4,4.7,0.72,1.6,6.4,8.0,1.9,1.2,1.5,1.1,2.7,18.1,111.0,113,,bateske01
2020,Reggie Jackson,PG,DET,302,29,31,16,743,8.7,21.2,0.411,3.7,9.4,0.393,5.0,11.8,0.425,0.498,2.9,3.5,0.833,1.1,4.9,6.0,8.2,0.8,0.3,3.3,3.8,24.0,108.0,114,,jacksre01
2020,Wilson Chandler,PF,BRK,303,32,35,3,734,4.8,11.8,0.404,2.4,7.8,0.306,2.4,4.0,0.597,0.505,1.3,1.5,0.87,0.7,8.6,9.3,2.5,1.0,0.8,2.2,5.1,13.2,99.0,110,,chandwi01
2020,Elie Okobo,PG,PHO,304,22,55,3,719,4.7,11.9,0.398,1.6,4.7,0.352,3.1,7.2,0.427,0.467,3.3,4.7,0.704,1.1,4.9,5.9,7.6,1.6,0.3,2.5,3.6,14.4,109.0,113,,okoboel01
2020,Grayson Allen,SG,MEM,305,24,38,0,718,7.6,16.3,0.466,3.7,9.2,0.404,3.9,7.2,0.545,0.58,2.5,2.9,0.867,0.5,5.0,5.5,3.4,0.7,0.1,2.1,3.4,21.5,114.0,115,,allengr01
2020,Bruno Fernando,C,ATL,306,21,56,13,713,6.7,13.0,0.518,0.3,2.4,0.135,6.4,10.6,0.605,0.53,1.9,3.3,0.569,4.4,8.6,12.9,3.2,1.2,1.1,2.7,7.0,15.7,107.0,114,,fernabr01
2020,Tyler Johnson,PG,PHO,307,27,39,7,709,6.5,16.7,0.388,2.5,7.9,0.319,3.9,8.8,0.45,0.464,2.8,3.3,0.84,1.2,3.9,5.1,4.9,1.1,0.6,1.9,3.9,18.3,105.0,114,,johnsty01
2020,Dwayne Bacon,SG,CHO,308,24,39,11,687,6.2,17.8,0.348,1.4,4.9,0.284,4.8,12.9,0.373,0.387,2.6,3.9,0.66,1.1,6.2,7.3,3.8,1.7,0.1,2.7,3.8,16.3,86.0,114,,bacondw01
2020,Rodions Kurucs,PF,BRK,309,21,47,9,684,5.5,12.2,0.446,2.3,6.2,0.367,3.2,6.0,0.529,0.54,1.7,2.6,0.632,1.7,7.7,9.5,3.5,1.7,0.3,3.2,6.2,14.9,101.0,109,,kurucro01
2020,Reggie Bullock,SG,NYK,310,28,29,19,684,6.4,15.9,0.402,2.6,7.9,0.333,3.8,8.0,0.469,0.484,1.2,1.5,0.81,0.9,3.9,4.8,3.0,1.8,0.2,1.4,4.0,16.7,105.0,115,,bullore01
2020,Raul Neto,PG,PHI,311,27,54,3,668,7.3,16.1,0.455,2.5,6.4,0.386,4.9,9.7,0.5,0.532,2.8,3.4,0.83,0.8,3.6,4.4,6.9,1.7,0.4,3.4,3.6,20.0,109.0,111,,netora01
2020,Zion Williamson,PF,NOP,312,19,24,24,668,14.5,24.9,0.583,0.4,1.0,0.429,14.1,24.0,0.59,0.592,7.9,12.3,0.64,4.4,6.0,10.4,3.5,1.1,0.6,4.1,2.9,37.4,115.0,114,ROY-3,willizi01
2020,Harry Giles,C,SAC,313,21,46,17,667,10.1,18.3,0.554,0.0,0.1,0.0,10.1,18.1,0.558,0.554,2.8,3.6,0.776,3.1,10.5,13.7,4.4,1.6,1.3,3.2,8.7,23.0,111.0,109,,gilesha01
2020,Tony Bradley,C,UTA,314,22,58,3,663,9.2,13.9,0.667,0.2,0.2,1.0,9.0,13.7,0.661,0.675,2.2,3.4,0.652,8.1,11.5,19.6,1.7,1.0,2.4,2.2,8.4,20.9,135.0,106,,bradlto01
2020,Kyrie Irving,PG,BRK,315,27,20,20,658,14.3,29.9,0.478,4.0,10.2,0.394,10.3,19.7,0.522,0.546,6.8,7.3,0.922,1.6,5.8,7.4,9.2,1.9,0.7,3.7,3.8,39.4,119.0,109,,irvinky01
2020,Allen Crabbe,SG,ATL,316,27,37,1,653,4.5,12.6,0.356,2.6,8.5,0.303,1.9,4.1,0.466,0.458,0.7,1.0,0.714,0.8,4.7,5.5,2.4,1.1,0.3,1.2,3.4,12.3,97.0,117,,crabbal01
2020,Rodney Hood,SF,POR,317,27,21,21,619,6.7,13.2,0.506,2.7,5.5,0.493,4.0,7.8,0.515,0.608,1.6,2.1,0.778,0.8,4.8,5.5,2.5,1.3,0.3,1.5,3.5,17.7,121.0,117,,hoodro01
2020,James Johnson,PF,MIA,318,32,32,1,619,7.9,16.5,0.479,2.5,7.0,0.363,5.4,9.5,0.565,0.556,2.4,3.7,0.646,1.9,7.1,9.1,5.7,1.9,2.5,3.7,6.1,20.7,107.0,108,,johnsja01
2020,Daniel Gafford,C,CHI,319,21,43,7,609,7.4,10.6,0.701,0.0,0.0,,7.4,10.6,0.701,0.701,2.5,4.7,0.533,4.1,4.3,8.4,1.7,1.0,4.4,2.3,7.8,17.4,124.0,109,,gaffoda01
2020,John Henson,C,CLE,320,29,40,8,600,7.7,13.9,0.556,0.7,2.9,0.222,7.1,11.0,0.644,0.579,1.9,3.7,0.5,3.7,9.4,13.2,4.4,2.0,3.4,2.9,6.3,18.0,112.0,109,,hensojo01
2020,Alfonzo McKinnie,SF,CLE,321,27,40,1,593,6.0,14.0,0.427,1.1,5.3,0.215,4.8,8.7,0.557,0.468,1.8,2.5,0.71,3.0,6.2,9.3,1.1,1.9,0.7,2.1,5.9,14.9,99.0,115,,mckinal01
2020,Nickeil Alexander-Walker,SG,NOP,322,21,47,1,591,7.7,20.8,0.368,3.6,10.4,0.346,4.1,10.4,0.391,0.455,2.0,2.9,0.676,0.7,5.9,6.6,7.0,1.3,0.6,4.2,4.5,20.9,93.0,113,,alexani01
2020,Jordan McLaughlin,PG,MIN,323,23,30,2,590,6.8,14.0,0.489,2.3,6.0,0.382,4.6,8.0,0.569,0.57,2.0,3.1,0.667,0.6,3.3,3.9,9.8,2.7,0.3,2.4,2.4,18.0,121.0,113,,mclaujo01
2020,Nassir Little,PF,POR,324,19,48,5,573,5.4,12.6,0.43,1.2,4.9,0.237,4.2,7.7,0.554,0.477,2.3,3.7,0.636,2.6,6.4,9.0,1.8,1.1,1.2,1.2,6.0,14.3,108.0,116,,littlna01
2020,Mike Muscala,C,OKC,325,28,47,2,572,6.5,16.1,0.407,4.6,12.1,0.378,2.0,3.9,0.5,0.55,1.5,1.9,0.818,1.4,7.8,9.2,3.4,0.8,1.0,1.4,4.9,19.2,114.0,110,,muscami01
2020,Skal Labissière,C,POR,326,23,33,1,567,6.8,12.4,0.551,0.3,1.1,0.231,6.6,11.3,0.582,0.561,2.1,2.8,0.758,5.5,8.7,14.2,3.5,0.6,2.6,2.5,7.5,16.0,121.0,113,,labissk01
2020,Gary Clark,PF,HOU,327,25,42,5,567,4.5,11.2,0.406,3.3,9.3,0.351,1.3,1.9,0.682,0.553,0.8,0.8,0.9,3.1,6.1,9.3,1.4,0.5,1.9,0.8,3.9,13.1,120.0,112,,clarkga01
2020,Luke Kornet,C,CHI,328,24,36,14,559,7.1,16.1,0.439,2.7,9.3,0.287,4.4,6.8,0.646,0.521,1.7,2.4,0.714,1.9,5.3,7.2,2.8,0.9,2.2,1.2,4.7,18.5,112.0,111,,kornelu01
2020,Wayne Ellington,SG,NYK,329,32,36,1,558,5.3,15.2,0.351,4.4,12.5,0.35,1.0,2.7,0.355,0.494,1.0,1.1,0.846,0.3,5.3,5.7,3.8,1.1,0.3,1.6,3.6,16.0,105.0,116,,ellinwa01
2020,Dennis Smith Jr.,PG,NYK,330,22,34,3,537,6.5,19.1,0.341,1.5,4.9,0.296,5.1,14.2,0.357,0.379,2.4,4.8,0.509,1.9,5.2,7.1,8.9,2.5,0.7,5.3,5.9,17.0,84.0,112,,smithde03
2020,Troy Daniels,SG,LAL,331,28,47,0,532,6.5,16.7,0.387,4.1,11.9,0.348,2.3,4.9,0.481,0.511,0.9,1.4,0.625,1.1,3.6,4.7,1.5,1.0,0.3,1.1,3.3,18.0,105.0,112,,danietr01
2020,Yogi Ferrell,PG,SAC,332,26,50,0,530,7.2,17.2,0.42,2.2,7.2,0.304,5.0,10.0,0.505,0.484,3.3,3.8,0.857,0.5,3.9,4.5,6.3,1.6,0.4,2.6,3.5,20.0,107.0,114,,ferreyo01
2020,Victor Oladipo,SG,IND,333,27,19,16,528,8.9,22.6,0.394,3.0,9.6,0.317,5.9,13.0,0.451,0.461,4.4,5.4,0.814,0.8,6.1,6.9,5.1,1.6,0.4,4.3,3.3,25.3,94.0,110,,oladivi01
2020,Chandler Hutchison,SF,CHI,334,23,28,10,527,7.3,16.0,0.457,1.1,3.5,0.316,6.2,12.5,0.496,0.491,4.2,7.1,0.59,1.6,8.2,9.9,2.4,2.5,0.6,2.5,4.3,19.9,101.0,108,,hutchch01
2020,Trey Burke,PG,PHI,335,27,33,1,520,8.8,19.5,0.45,3.0,7.0,0.427,5.8,12.5,0.463,0.526,2.1,2.7,0.793,1.5,3.2,4.7,7.7,1.5,0.2,2.0,3.1,22.6,117.0,113,,burketr01
2020,Blake Griffin,PF,DET,336,30,18,18,512,8.5,24.0,0.352,2.6,10.7,0.243,5.9,13.4,0.439,0.406,7.3,9.4,0.776,1.6,6.4,8.1,5.7,0.7,0.7,3.8,2.6,26.8,97.0,115,,griffbl01
2020,Quinn Cook,PG,LAL,337,26,44,1,508,8.5,20.0,0.425,2.9,8.0,0.365,5.6,12.1,0.465,0.498,1.0,1.3,0.786,1.0,3.7,4.8,4.6,1.1,0.2,3.1,2.5,21.0,99.0,111,,cookqu01
2020,Jake Layman,SF,MIN,338,25,23,2,505,7.4,16.5,0.453,2.2,6.6,0.333,5.2,9.8,0.533,0.52,2.2,2.9,0.75,1.6,3.7,5.2,1.4,1.6,0.9,2.2,4.3,19.3,102.0,114,,laymaja01
2020,Nicolas Batum,SF,CHO,339,31,22,3,505,2.8,8.0,0.346,1.4,4.9,0.286,1.4,3.2,0.438,0.432,0.9,1.0,0.9,2.5,7.4,9.9,6.5,1.7,0.8,2.2,4.1,7.8,107.0,112,,batumni01
2020,Kelan Martin,SF,MIN,340,24,31,4,495,6.7,17.0,0.392,2.3,9.0,0.26,4.3,8.0,0.541,0.461,2.8,2.9,0.968,1.1,7.9,9.0,2.2,0.7,0.8,1.9,4.8,18.5,100.0,114,,martike03
2020,Naz Reid,C,MIN,341,20,30,11,495,9.4,22.8,0.412,3.0,9.1,0.33,6.4,13.7,0.466,0.477,3.5,5.0,0.698,3.2,8.4,11.6,3.3,1.8,2.1,2.1,7.8,25.2,105.0,110,,reidna01
2020,Denzel Valentine,SF,CHI,342,26,36,5,488,9.6,23.4,0.409,4.5,13.5,0.336,5.0,9.9,0.51,0.506,0.6,0.8,0.75,0.9,6.4,7.3,4.2,2.6,0.6,2.6,5.0,24.3,100.0,109,,valende01
2020,Džanan Musa,SF,BRK,343,20,40,0,487,6.2,16.7,0.372,1.8,7.6,0.244,4.4,9.1,0.479,0.427,4.4,5.8,0.75,2.0,6.3,8.4,4.2,1.5,0.1,3.5,2.9,18.7,96.0,111,,musadz01
2020,Dante Exum,SG,UTA,344,24,35,1,485,5.6,11.9,0.471,1.5,4.3,0.349,4.1,7.6,0.539,0.534,3.2,4.3,0.744,1.2,5.5,6.7,4.0,1.3,0.8,3.1,3.8,16.0,106.0,115,,exumda01
2020,Marko Gudurić,SG,MEM,345,24,44,0,484,6.0,15.1,0.395,2.4,8.0,0.301,3.6,7.1,0.5,0.475,2.3,2.5,0.923,1.4,5.7,7.0,4.3,1.2,0.8,3.5,3.3,16.7,97.0,112,,gudurma01
2020,Shaquille Harrison,SG,CHI,346,26,43,10,484,7.7,16.4,0.467,1.6,4.2,0.381,6.1,12.2,0.496,0.515,3.9,5.0,0.78,2.2,6.4,8.6,4.9,3.4,1.9,1.9,5.5,20.8,116.0,105,,harrish01
2020,Cheick Diallo,C,PHO,347,23,47,2,479,9.1,14.0,0.648,0.1,0.3,0.333,9.0,13.7,0.655,0.651,3.4,3.9,0.872,3.0,10.0,13.0,2.2,1.1,1.2,3.2,5.4,21.7,119.0,110,,diallch01
2020,Goga Bitadze,C,IND,348,20,54,2,471,7.2,15.5,0.467,0.8,4.3,0.19,6.4,11.1,0.574,0.493,2.5,3.4,0.727,2.6,8.3,10.9,2.4,1.0,3.8,2.9,6.7,17.7,99.0,105,,bitadgo01
2020,JaKarr Sampson,PF,IND,349,26,34,12,471,7.0,11.8,0.591,0.2,1.3,0.154,6.8,10.5,0.647,0.6,1.9,2.8,0.667,2.1,7.0,9.1,2.2,1.6,1.2,1.5,6.6,16.1,118.0,108,,sampsja02
2020,Javonte Green,SG,BOS,350,26,48,2,468,6.5,13.0,0.5,0.9,3.4,0.273,5.6,9.6,0.581,0.536,2.9,4.3,0.667,2.5,7.1,9.6,2.7,2.5,0.8,2.4,4.4,16.8,110.0,106,,greenja02
2020,Jahlil Okafor,C,NOP,351,24,30,9,467,10.0,16.1,0.623,0.1,0.3,0.333,9.9,15.8,0.629,0.627,4.0,6.1,0.645,4.8,7.8,12.6,3.7,0.7,2.2,3.8,6.6,24.1,117.0,112,,okafoja01
2020,Brandon Knight,SG,CLE,352,28,25,3,462,6.2,17.7,0.353,4.8,13.9,0.344,1.5,3.8,0.389,0.488,2.1,3.6,0.588,0.4,3.9,4.3,7.3,1.1,0.3,4.0,4.2,19.4,98.0,117,,knighbr03
2020,J.J. Barea,PG,DAL,353,35,29,6,450,9.1,22.2,0.411,3.4,9.1,0.376,5.7,13.1,0.434,0.488,2.1,2.4,0.909,1.1,4.6,5.7,12.0,0.5,0.2,4.1,2.9,23.8,109.0,116,,bareajo01
2020,Edmond Sumner,SG,IND,354,24,31,3,447,6.6,15.4,0.43,1.5,5.8,0.264,5.1,9.7,0.528,0.479,1.7,3.1,0.552,1.2,3.8,5.0,6.0,1.6,1.0,2.4,4.8,16.5,100.0,110,,sumneed01
2020,Matt Thomas,SG,TOR,355,25,41,1,440,7.9,16.2,0.487,5.1,10.7,0.475,2.8,5.5,0.51,0.643,1.0,1.3,0.75,1.0,5.6,6.6,2.4,1.1,0.1,1.7,4.1,21.8,119.0,109,,thomama02
2020,Anžejs Pasečņiks,C,WAS,356,24,27,0,437,6.5,12.4,0.526,0.0,0.3,0.0,6.5,12.1,0.54,0.526,3.6,6.2,0.586,4.5,7.0,11.4,1.9,1.0,1.3,2.6,8.0,16.7,109.0,116,,pasecan01
2020,Thabo Sefolosha,PF,HOU,357,35,41,0,436,3.9,9.7,0.407,1.6,5.7,0.278,2.3,3.9,0.595,0.489,0.3,0.8,0.375,2.2,7.6,9.9,2.7,2.5,1.3,1.6,4.6,9.8,103.0,107,,sefolth01
2020,Gary Payton II,SF,WAS,358,27,29,17,432,5.2,12.6,0.414,1.4,5.0,0.283,3.8,7.6,0.5,0.47,0.4,0.9,0.5,2.8,5.8,8.7,5.2,3.6,0.8,2.2,5.8,12.2,103.0,111,,paytoga02
2020,Brandon Goodwin,PG,ATL,359,24,34,1,430,8.2,20.6,0.4,2.8,9.4,0.299,5.4,11.2,0.485,0.468,3.0,3.3,0.933,1.2,6.6,7.8,5.5,1.3,0.4,3.1,4.7,22.3,101.0,116,,goodwbr01
2020,Boban Marjanović,C,DAL,360,31,44,5,422,13.9,24.2,0.573,0.5,1.9,0.235,13.4,22.2,0.603,0.583,4.9,6.5,0.754,7.6,15.0,22.6,2.3,0.9,1.1,3.4,6.4,33.1,120.0,108,,marjabo01
2020,Andre Iguodala,SF,MIA,361,36,21,0,418,4.4,10.3,0.432,1.6,5.5,0.298,2.8,4.8,0.585,0.511,0.7,1.8,0.4,2.0,7.1,9.1,6.0,1.6,2.5,3.0,4.1,11.2,101.0,107,,iguodan01
2020,Jacob Evans,SG,GSW,362,22,29,1,418,5.2,15.3,0.336,1.5,4.5,0.333,3.7,10.9,0.337,0.384,2.9,3.3,0.862,1.0,3.7,4.7,3.5,1.3,1.4,2.9,4.7,14.6,86.0,116,,evansja02
2020,PJ Dozier,SG,DEN,363,23,29,0,412,7.8,18.8,0.414,2.0,5.9,0.347,5.8,13.0,0.444,0.468,2.5,3.5,0.724,1.2,5.4,6.6,7.6,1.7,0.7,3.2,5.4,20.2,102.0,112,,doziepj01
2020,Chris Chiozza,PG,WAS,364,24,28,2,401,6.5,16.5,0.393,3.2,8.5,0.375,3.3,8.0,0.412,0.489,0.6,0.6,1.0,1.1,5.2,6.2,9.8,2.5,0.5,3.8,4.3,16.7,103.0,111,,chiozch01
2020,Robert Williams,C,BOS,365,22,29,1,388,8.0,10.9,0.727,0.0,0.0,,8.0,10.9,0.727,0.727,2.7,4.2,0.647,5.0,10.9,15.9,3.4,2.7,4.4,2.6,6.3,18.7,134.0,98,,williro04
2020,Cristiano Felício,C,CHI,366,27,22,0,386,4.2,6.7,0.63,0.0,0.2,0.0,4.2,6.5,0.654,0.63,2.2,2.9,0.783,6.9,5.9,12.7,2.0,1.2,0.2,2.2,4.2,10.7,130.0,112,,feliccr01
2020,Josh Jackson,SF,MEM,367,22,22,0,381,8.6,19.5,0.44,2.8,8.8,0.319,5.8,10.7,0.54,0.513,4.3,6.1,0.7,1.3,6.7,8.1,4.3,2.2,1.1,3.4,4.9,24.3,103.0,109,,jacksjo02
2020,Al-Farouq Aminu,PF,ORL,368,29,18,2,380,3.2,11.0,0.291,1.2,4.6,0.25,2.0,6.4,0.32,0.343,2.4,3.7,0.655,3.1,8.1,11.1,2.7,2.3,1.0,2.2,3.5,10.0,88.0,108,,aminual01
2020,Noah Vonleh,C,MIN,369,24,36,1,377,6.4,11.4,0.565,0.4,1.9,0.2,6.1,9.5,0.636,0.582,3.1,4.0,0.781,4.6,10.8,15.3,3.5,1.4,0.7,2.6,4.9,16.3,121.0,111,,vonleno01
2020,Willy Hernangómez,C,CHO,370,25,31,0,375,9.9,18.6,0.532,0.7,2.9,0.227,9.2,15.6,0.59,0.55,4.9,7.9,0.627,5.7,12.2,17.9,3.9,1.3,0.9,4.0,4.3,25.4,110.0,110,,hernawi01
2020,Romeo Langford,SG,BOS,371,20,32,2,370,3.7,10.4,0.35,0.7,3.5,0.185,3.0,6.9,0.434,0.381,2.3,3.3,0.72,2.0,3.4,5.3,1.7,1.0,1.0,1.4,4.3,10.3,95.0,111,,langfro01
2020,Admiral Schofield,PF,WAS,372,22,33,2,368,4.4,11.7,0.38,2.4,7.7,0.311,2.0,3.9,0.516,0.484,1.3,1.9,0.667,0.9,5.1,6.0,1.9,1.0,0.5,0.9,6.4,12.6,104.0,118,,schofad01
2020,Theo Pinson,SG,BRK,373,24,33,0,365,5.8,20.1,0.29,1.9,10.4,0.188,3.9,9.7,0.4,0.339,1.9,2.1,0.938,1.3,5.7,7.0,7.3,2.2,0.5,4.3,4.5,15.6,80.0,109,,pinsoth01
2020,Jared Dudley,PF,LAL,374,34,45,1,364,3.1,7.8,0.4,2.4,5.5,0.429,0.8,2.4,0.333,0.55,0.3,0.3,1.0,0.8,6.0,6.8,3.7,2.0,0.4,1.0,5.4,8.9,117.0,108,,dudleja01
2020,D.J. Wilson,PF,MIL,375,23,37,1,363,6.5,16.6,0.394,2.3,9.2,0.247,4.3,7.4,0.576,0.462,1.4,2.3,0.611,1.5,10.1,11.6,3.1,0.4,0.6,2.4,4.2,16.7,94.0,105,,wilsodj01
2020,Terance Mann,SF,LAC,376,23,41,6,362,4.8,10.3,0.468,0.9,2.6,0.35,3.9,7.7,0.508,0.513,2.4,3.5,0.667,1.3,5.9,7.2,6.9,1.4,0.7,2.4,6.0,12.9,114.0,109,,mannte01
2020,Deonte Burton,SF,OKC,377,26,39,0,356,5.9,17.1,0.344,1.4,7.2,0.189,4.5,9.8,0.458,0.384,1.1,1.9,0.571,1.0,6.8,7.8,2.3,1.0,1.4,2.6,4.6,14.2,78.0,110,,burtode02
2020,Tim Frazier,PG,DET,378,29,27,11,355,4.7,13.0,0.362,1.4,4.2,0.333,3.3,8.9,0.375,0.415,2.6,3.3,0.792,1.2,3.3,4.6,12.9,1.9,0.6,5.0,5.8,13.4,99.0,114,,fraziti01
2020,Justise Winslow,SG,MIA,379,23,11,5,352,6.9,17.9,0.388,0.8,3.7,0.222,6.1,14.1,0.431,0.411,2.5,3.7,0.667,2.2,7.9,10.1,6.1,1.0,0.7,3.3,5.3,17.2,93.0,111,,winslju01
2020,Carsen Edwards,SG,BOS,380,21,37,0,351,5.8,17.6,0.328,3.3,10.5,0.316,2.5,7.2,0.346,0.422,1.8,2.6,0.684,0.8,5.6,6.5,3.3,1.7,0.6,2.1,4.7,16.6,92.0,109,,edwarca01
2020,Chris Silva,PF,MIA,381,23,44,0,346,6.8,11.0,0.615,0.0,0.4,0.0,6.8,10.6,0.64,0.615,5.2,7.8,0.673,8.5,9.3,17.8,3.2,1.3,3.0,4.5,12.0,18.8,120.0,106,,silvach01
2020,Courtney Lee,SG,DAL,382,34,24,9,345,5.6,11.5,0.488,2.9,6.6,0.447,2.7,4.9,0.543,0.616,0.8,1.0,0.857,1.0,3.5,4.5,1.7,2.5,0.8,1.5,4.6,15.0,116.0,111,,leeco01
2020,Marvin Bagley III,C,SAC,383,20,13,6,334,11.3,24.3,0.467,0.6,3.2,0.182,10.7,21.1,0.51,0.479,3.6,4.5,0.806,4.2,9.9,14.1,1.5,0.9,1.7,2.6,6.2,26.9,102.0,111,,baglema01
2020,Otto Porter Jr.,SF,CHI,384,26,14,9,331,9.0,20.4,0.443,3.5,9.0,0.387,5.5,11.4,0.487,0.529,2.8,3.9,0.704,1.9,5.1,7.0,3.6,2.2,0.9,1.6,4.5,24.3,112.0,110,,porteot01
2020,Ty Jerome,SG,PHO,385,22,31,0,328,5.5,16.3,0.336,2.0,7.2,0.28,3.5,9.1,0.381,0.398,1.7,2.3,0.75,1.0,5.6,6.6,6.4,2.2,0.4,2.6,4.2,14.7,92.0,111,,jeromty01
2020,Caleb Martin,SF,CHO,386,24,18,1,317,5.8,13.3,0.44,3.2,5.8,0.541,2.7,7.4,0.362,0.56,2.7,3.3,0.81,1.6,4.4,6.0,3.6,1.9,1.1,2.4,5.1,17.5,113.0,113,,martica02
2020,Kyle O'Quinn,C,PHI,387,29,29,2,313,6.5,13.2,0.494,1.1,4.2,0.259,5.4,9.0,0.603,0.535,1.7,3.1,0.55,5.3,12.7,18.0,7.9,1.1,3.7,3.1,5.7,15.8,117.0,104,,oquinky01
2020,Ed Davis,C,UTA,388,30,28,1,303,3.5,7.4,0.478,0.0,0.0,,3.5,7.4,0.478,0.478,1.1,2.2,0.5,5.6,11.2,16.9,1.9,1.8,1.4,2.1,9.8,8.2,110.0,106,,davised01
2020,Keldon Johnson,SF,SAS,389,20,17,1,301,8.4,14.1,0.596,2.1,3.5,0.591,6.4,10.6,0.597,0.669,5.6,7.0,0.795,1.6,7.5,9.0,2.4,2.2,0.3,2.1,4.4,24.4,131.0,113,,johnske04
2020,Jalen McDaniels,SF,CHO,390,22,16,0,293,5.6,12.0,0.471,1.5,4.1,0.375,4.1,7.9,0.522,0.536,2.4,2.9,0.824,2.6,8.5,11.1,2.2,1.4,0.5,1.9,6.2,15.2,112.0,113,,mcdanja01
2020,Chris Clemons,SG,HOU,391,22,33,0,291,9.1,22.6,0.401,5.9,17.0,0.346,3.2,5.6,0.571,0.532,1.6,1.7,0.909,0.6,4.1,4.8,4.3,1.4,1.0,3.0,4.1,25.6,105.0,112,,clemoch01
2020,Allonzo Trier,SG,NYK,392,24,24,1,291,8.5,17.7,0.481,3.2,8.9,0.358,5.4,8.9,0.604,0.571,5.7,7.2,0.791,1.0,3.8,4.9,4.7,0.5,0.7,3.7,4.9,25.9,115.0,118,,trieral01
2020,Zach Collins,PF,POR,393,22,11,11,290,5.3,11.2,0.471,1.2,3.1,0.368,4.1,8.1,0.51,0.522,1.0,1.3,0.75,4.1,7.2,11.3,2.6,0.8,0.8,2.3,5.9,12.7,110.0,116,,colliza01
2020,DeMarre Carroll,SF,SAS,394,33,24,0,290,4.0,10.7,0.379,1.3,5.3,0.242,2.8,5.3,0.515,0.439,4.7,6.8,0.69,1.9,7.0,8.9,4.0,1.3,0.8,2.8,5.2,14.1,103.0,113,,carrode01
2020,Caleb Swanigan,C,SAC,395,22,27,1,288,4.6,7.8,0.596,0.0,0.3,0.0,4.6,7.5,0.622,0.596,1.5,2.8,0.529,4.5,12.1,16.6,5.1,0.5,1.2,6.1,10.3,10.8,95.0,113,,swanica01
2020,Dragan Bender,C,MIL,396,22,16,3,286,6.8,15.2,0.446,2.5,7.1,0.349,4.3,8.1,0.531,0.527,1.6,2.3,0.714,2.6,9.4,12.0,4.6,0.7,1.5,3.5,6.9,17.6,102.0,110,,bendedr01
2020,Michael Kidd-Gilchrist,PF,CHO,397,26,25,0,281,3.9,11.6,0.333,0.9,3.5,0.25,3.0,8.1,0.37,0.371,1.9,2.5,0.786,2.5,9.3,11.8,2.5,0.4,1.1,2.8,6.5,10.5,85.0,113,,kiddgmi01
2020,Drew Eubanks,C,SAS,398,22,22,3,272,7.6,11.8,0.642,0.2,0.2,1.0,7.4,11.6,0.636,0.649,3.5,4.6,0.769,4.9,10.0,14.9,2.6,0.9,3.0,3.7,6.5,18.8,120.0,111,,eubandr01
2020,Juan Toscano-Anderson,SG,GSW,399,26,13,6,272,5.1,11.1,0.46,1.4,4.0,0.348,3.7,7.0,0.525,0.524,0.5,0.9,0.6,1.6,7.6,9.1,4.6,2.3,0.9,2.8,5.3,12.1,98.0,112,,toscaju01
2020,David Nwaba,SF,BRK,400,27,20,0,268,6.5,12.5,0.521,2.1,4.9,0.429,4.4,7.6,0.581,0.606,3.2,4.8,0.667,1.4,6.5,7.9,1.4,1.9,2.1,1.4,5.7,18.4,120.0,107,,nwabada01
2020,Isaiah Hartenstein,C,HOU,401,21,23,2,266,7.7,11.7,0.657,0.0,0.9,0.0,7.7,10.8,0.71,0.657,3.3,4.9,0.679,5.0,10.6,15.7,3.1,1.6,2.1,2.8,7.1,18.6,128.0,107,,harteis01
2020,Kevon Looney,C,GSW,402,23,20,4,262,5.3,14.4,0.367,0.2,2.6,0.071,5.1,11.9,0.431,0.373,1.6,2.2,0.75,5.1,6.9,12.1,3.7,2.2,1.1,2.2,6.2,12.4,94.0,112,,looneke01
2020,Jordan Bell,C,MIN,403,25,29,0,256,6.4,12.2,0.522,0.7,2.2,0.333,5.6,10.0,0.564,0.552,3.4,5.6,0.613,5.4,9.3,14.7,2.9,0.5,1.8,3.8,3.4,16.9,108.0,112,,belljo01
2020,Jusuf Nurkić,C,POR,404,25,8,8,253,10.2,20.5,0.495,0.4,1.9,0.2,9.8,18.6,0.525,0.505,5.8,6.6,0.886,4.3,11.1,15.4,6.0,2.1,3.0,3.6,7.3,26.6,116.0,108,,nurkiju01
2020,Evan Turner,SG,ATL,405,31,19,0,251,4.6,12.4,0.373,0.0,0.9,0.0,4.6,11.5,0.403,0.373,2.2,2.6,0.857,1.5,5.6,7.1,7.1,1.7,1.5,4.8,3.7,11.5,84.0,115,,turneev01
2020,Derrick Walton,PG,LAC,406,24,26,1,248,3.4,7.5,0.462,1.9,4.6,0.417,1.5,2.9,0.533,0.59,1.3,1.7,0.778,0.4,2.7,3.1,5.2,1.3,0.0,1.0,4.0,10.1,131.0,112,,waltode01
2020,Bruno Caboclo,C,MEM,407,24,30,0,244,7.3,17.0,0.427,1.1,6.3,0.182,6.1,10.7,0.571,0.461,1.5,1.7,0.889,4.4,7.1,11.5,2.3,2.9,3.2,2.5,5.9,17.2,100.0,105,,cabocbr01
2020,Iman Shumpert,SF,BRK,408,29,13,0,241,4.1,12.6,0.328,1.6,6.5,0.242,2.6,6.1,0.419,0.391,0.8,1.4,0.571,1.8,4.9,6.7,2.4,2.4,0.4,2.0,4.1,10.6,85.0,109,,shumpim01
2020,Wenyen Gabriel,PF,SAC,409,22,30,1,235,4.3,9.8,0.438,1.2,4.1,0.3,3.1,5.7,0.536,0.5,3.1,4.5,0.682,4.3,6.3,10.6,1.6,2.2,1.4,3.3,7.9,12.8,103.0,112,,gabriwe01
2020,Justin James,SF,SAC,410,23,36,0,232,7.3,17.6,0.417,1.9,6.1,0.31,5.4,11.5,0.473,0.47,2.1,4.4,0.476,1.3,5.4,6.7,3.8,1.3,1.9,1.7,3.6,18.6,99.0,112,,jamesju01
2020,Norvel Pelle,C,PHI,411,26,24,0,232,5.2,10.0,0.521,0.0,0.2,0.0,5.2,9.8,0.532,0.521,1.5,2.9,0.5,4.2,10.9,15.0,1.7,0.6,6.5,3.8,11.5,11.9,94.0,102,,pelleno01
2020,Garrison Mathews,SG,WAS,412,23,18,0,227,4.9,11.5,0.429,3.9,9.5,0.413,1.0,2.1,0.5,0.598,6.4,7.0,0.912,1.2,3.7,4.9,2.1,1.6,0.2,1.6,6.6,20.2,133.0,118,,mathega01
2020,T.J. Leaf,PF,IND,413,22,28,1,222,7.9,18.8,0.419,1.1,3.9,0.278,6.8,14.9,0.456,0.448,1.5,3.5,0.438,5.0,10.5,15.5,2.0,2.2,0.9,1.7,4.8,18.4,98.0,105,,leaftj01
2020,Ante Žižić,C,CLE,414,23,22,0,221,9.0,15.9,0.569,0.0,0.0,,9.0,15.9,0.569,0.569,3.1,4.2,0.737,4.0,10.6,14.5,1.3,1.5,1.1,2.2,5.9,21.1,116.0,113,,zizican01
2020,Tyson Chandler,C,HOU,415,37,26,5,219,3.0,3.8,0.778,0.0,0.0,,3.0,3.8,0.778,0.778,1.3,2.7,0.462,5.3,8.7,13.9,1.3,1.3,1.7,1.7,6.8,7.2,135.0,109,,chandty01
2020,Dion Waiters,SG,MIA,416,28,10,0,207,9.5,22.9,0.414,3.5,10.9,0.319,6.0,12.0,0.5,0.49,3.2,3.9,0.824,0.5,5.1,5.5,4.6,0.9,1.4,3.7,4.8,25.6,98.0,110,,waitedi01
2020,Mychal Mulder,SF,GSW,417,25,7,3,204,6.1,15.7,0.388,3.8,12.2,0.308,2.3,3.5,0.667,0.507,2.1,2.8,0.75,0.7,4.7,5.4,1.9,0.5,0.2,1.2,4.7,18.1,104.0,118,,muldemy01
2020,Nic Claxton,C,BRK,418,20,15,0,187,6.8,12.1,0.563,0.3,1.8,0.143,6.6,10.4,0.634,0.573,2.8,5.3,0.524,4.8,6.3,11.1,4.0,0.3,2.0,2.3,3.5,16.7,118.0,111,,claxtni01
2020,Cameron Payne,SG,PHO,419,25,8,0,183,8.5,17.6,0.485,3.9,7.5,0.517,4.7,10.1,0.462,0.596,1.6,1.8,0.857,1.0,7.0,8.0,6.2,2.1,0.5,2.8,5.2,22.5,115.0,110,,payneca01
2020,John Konchar,SG,MEM,420,23,19,0,181,6.2,9.5,0.649,1.3,2.6,0.5,4.9,7.0,0.704,0.716,0.3,0.5,0.5,4.6,7.5,12.1,5.7,1.8,0.8,1.8,1.8,13.9,140.0,110,,konchjo01
2020,Ryan Broekhoff,SF,DAL,421,29,17,1,180,5.9,15.8,0.373,5.4,13.7,0.392,0.5,2.1,0.25,0.542,1.9,2.1,0.875,1.3,10.2,11.5,3.0,1.3,1.1,1.6,4.0,19.1,114.0,110,,broekry01
2020,Johnathan Williams,PF,WAS,422,24,15,6,180,4.9,8.8,0.559,0.0,0.5,0.0,4.9,8.3,0.594,0.559,1.8,3.4,0.538,6.2,10.4,16.6,2.1,0.3,2.1,1.3,4.2,11.7,126.0,115,,willijo04
2020,Malcolm Miller,SF,TOR,423,26,28,1,162,3.5,8.5,0.414,2.3,6.5,0.364,1.2,2.1,0.571,0.552,0.9,2.3,0.375,0.6,4.1,4.7,3.2,1.5,0.6,1.2,5.3,10.3,108.0,108,,millema01
2020,Rayjon Tucker,SG,UTA,424,22,20,0,161,6.0,13.0,0.465,0.9,5.1,0.176,5.1,7.9,0.654,0.5,5.7,7.0,0.826,0.9,5.1,6.0,1.5,0.3,0.3,2.4,3.0,18.7,109.0,114,,tuckera01
2020,C.J. Miles,SF,WAS,425,32,10,0,161,5.5,17.1,0.322,3.2,10.2,0.314,2.3,7.0,0.333,0.415,4.4,5.8,0.75,1.2,2.3,3.5,3.5,2.9,1.2,1.2,4.1,18.6,103.0,114,,milescj01
2020,Tyrone Wallace,SG,ATL,426,25,14,0,160,4.1,12.8,0.318,0.3,4.4,0.067,3.8,8.4,0.448,0.33,3.2,5.0,0.647,0.9,5.5,6.4,3.8,2.0,0.3,2.9,5.5,11.6,80.0,115,,wallaty01
2020,Amir Coffey,SG,LAC,427,22,18,1,159,6.8,16.1,0.426,1.8,5.6,0.316,5.1,10.4,0.486,0.481,1.8,3.3,0.545,1.2,3.6,4.8,4.2,1.5,0.6,2.4,5.9,17.2,100.0,110,,coffeam01
2020,Jaylen Nowell,SG,MIN,428,20,15,0,151,5.8,16.3,0.358,0.9,8.0,0.115,4.9,8.3,0.593,0.387,4.9,5.2,0.941,0.9,3.1,4.0,5.8,0.9,0.3,0.9,3.4,17.5,109.0,117,,nowelja01
2020,Stanley Johnson,PF,TOR,429,23,25,0,150,7.0,18.7,0.373,2.2,7.6,0.292,4.8,11.1,0.429,0.432,2.9,5.1,0.563,2.2,9.5,11.7,6.3,1.9,1.3,4.8,5.1,19.0,90.0,103,,johnsst04
2020,Michael Frazier,SG,HOU,430,25,13,0,145,2.2,9.3,0.241,1.3,7.3,0.174,1.0,1.9,0.5,0.31,2.9,4.5,0.643,0.3,2.9,3.2,0.6,0.6,0.0,1.6,7.0,8.6,76.0,116,,frazimi01
2020,DaQuan Jeffries,SG,SAC,431,22,13,0,141,6.9,13.8,0.5,1.7,6.2,0.278,5.2,7.6,0.682,0.563,1.7,2.1,0.833,1.0,5.2,6.2,2.4,1.4,0.3,0.7,6.5,17.2,121.0,114,,jeffrda01
2020,Alen Smailagić,C,GSW,432,19,14,0,139,6.9,13.8,0.5,1.0,4.5,0.231,5.9,9.3,0.63,0.538,5.5,6.5,0.842,3.4,5.9,9.3,4.5,1.0,1.4,3.8,4.8,20.3,112.0,115,,smailal01
2020,Stephen Curry,PG,GSW,433,31,5,5,139,11.4,28.2,0.402,4.1,16.9,0.245,7.2,11.4,0.636,0.476,9.0,9.0,1.0,1.4,7.6,9.0,11.4,1.7,0.7,5.5,3.8,35.8,109.0,113,,curryst01
2020,Oshae Brissett,SF,TOR,434,21,19,0,135,4.6,12.7,0.361,1.1,5.3,0.2,3.5,7.4,0.476,0.403,2.8,3.5,0.8,3.2,6.0,9.2,2.5,1.4,0.4,2.5,6.3,13.0,96.0,107,,brissos01
2020,Juwan Morgan,PF,UTA,435,22,21,0,134,5.4,9.4,0.577,1.1,2.9,0.375,4.4,6.5,0.667,0.635,1.1,1.5,0.75,3.6,6.9,10.5,2.2,0.4,0.7,2.2,6.9,13.1,121.0,112,,morgaju01
2020,Donta Hall,PF,DET,436,22,9,0,133,5.4,7.9,0.682,0.0,0.0,,5.4,7.9,0.682,0.682,3.2,6.5,0.5,5.1,8.7,13.7,1.4,1.1,2.2,1.8,8.3,14.1,125.0,109,,halldo01
2020,Vincent Poirier,C,BOS,437,26,22,0,130,6.3,13.4,0.472,0.4,0.7,0.5,5.9,12.6,0.471,0.486,2.2,2.6,0.857,4.8,11.1,16.0,3.0,0.7,3.3,3.0,9.3,15.2,107.0,104,,poirivi01
2020,Thanasis Antetokounmpo,SF,MIL,438,27,20,2,129,8.5,17.0,0.5,0.0,3.5,0.0,8.5,13.5,0.632,0.5,2.5,6.0,0.412,4.2,4.2,8.5,5.3,2.5,0.7,4.2,6.4,19.5,98.0,103,,antetth01
2020,Melvin Frazier,SG,ORL,439,23,19,0,126,5.8,13.1,0.441,3.1,6.2,0.5,2.7,7.0,0.389,0.559,0.8,1.5,0.5,0.8,3.1,3.9,1.2,3.5,0.8,1.9,4.3,15.5,100.0,108,,frazime01
2020,Tremont Waters,PG,BOS,440,22,11,1,119,5.7,19.9,0.286,1.6,9.7,0.167,4.1,10.1,0.4,0.327,3.2,3.2,1.0,0.0,4.9,4.9,6.5,4.1,0.8,6.1,5.3,16.2,73.0,103,,watertr01
2020,Alize Johnson,PF,IND,441,23,17,1,118,4.9,11.9,0.414,1.2,3.3,0.375,3.7,8.6,0.429,0.466,2.9,4.1,0.7,6.6,13.2,19.7,2.9,1.2,0.8,2.9,4.9,14.0,108.0,105,,johnsal02
2020,Frank Mason III,PG,MIL,442,25,9,0,118,8.9,19.7,0.451,2.3,8.1,0.286,6.6,11.6,0.567,0.51,3.9,6.6,0.588,1.9,5.4,7.4,11.2,1.9,0.4,4.3,4.3,24.0,110.0,104,,masonfr01
2020,Kadeem Allen,PG,NYK,443,27,10,0,117,7.9,18.3,0.432,2.1,6.7,0.313,5.8,11.7,0.5,0.489,2.9,4.6,0.636,0.8,2.9,3.7,8.7,2.1,0.8,3.3,2.9,20.8,106.0,114,,allenka01
2020,Adam Mokoka,SF,CHI,444,21,11,0,112,5.2,12.0,0.429,2.6,6.5,0.4,2.6,5.6,0.462,0.536,0.9,1.7,0.5,3.0,1.3,4.3,1.7,1.7,0.0,0.9,7.3,13.8,115.0,114,,mokokad01
2020,Miye Oni,SF,UTA,445,22,10,1,109,5.4,14.3,0.375,3.1,8.5,0.368,2.2,5.8,0.385,0.484,1.8,2.2,0.8,2.2,5.4,7.6,1.8,1.8,0.9,1.8,4.0,15.6,104.0,110,,onimi01
2020,Justin Anderson,SG,BRK,446,26,10,1,107,4.4,16.8,0.263,2.7,12.8,0.207,1.8,4.0,0.444,0.342,0.9,1.8,0.5,0.4,8.8,9.3,3.5,0.0,2.7,1.8,5.7,12.4,78.0,109,,anderju01
2020,Chimezie Metu,C,SAS,447,22,18,0,105,10.9,19.1,0.571,0.0,0.9,0.0,10.9,18.2,0.6,0.571,4.6,5.9,0.769,5.5,9.6,15.0,4.6,1.4,2.7,4.6,3.2,26.4,113.0,110,,metuch01
2020,Yuta Watanabe,SF,MEM,448,25,18,0,105,6.7,15.1,0.441,1.3,3.6,0.375,5.3,11.6,0.462,0.485,1.3,3.6,0.375,3.1,5.8,8.9,2.2,2.2,0.4,0.9,4.0,16.0,105.0,110,,watanyu01
2020,Jaylen Hoard,PF,POR,449,20,13,0,103,6.9,14.8,0.469,0.0,1.4,0.0,6.9,13.4,0.517,0.469,3.7,6.0,0.615,6.5,8.3,14.8,1.9,2.3,0.0,1.9,5.6,17.6,113.0,113,,hoardja01
2020,Jeremiah Martin,PG,BRK,450,23,9,0,99,11.5,25.3,0.453,2.4,8.6,0.278,9.1,16.7,0.543,0.5,5.3,6.7,0.786,0.5,4.3,4.8,8.6,3.3,1.0,1.9,3.3,30.6,116.0,107,,martije02
2020,Lance Thomas,PF,BRK,451,31,7,4,98,3.9,11.1,0.348,1.9,6.3,0.308,1.9,4.8,0.4,0.435,1.9,1.9,1.0,1.0,5.3,6.3,2.9,0.0,0.0,2.9,5.3,11.6,91.0,115,,thomala01
2020,Jarrell Brantley,PF,UTA,452,23,9,0,96,5.1,14.2,0.357,1.5,6.6,0.231,3.5,7.6,0.467,0.411,0.5,1.0,0.5,1.0,9.1,10.1,5.6,1.5,2.5,3.5,3.5,12.2,85.0,106,,brantja01
2020,Bol Bol,PF,DEN,453,20,7,0,87,8.0,15.9,0.5,2.3,5.1,0.444,5.7,10.8,0.526,0.571,4.5,5.7,0.8,2.8,8.0,10.8,3.4,1.1,3.4,5.7,6.2,22.7,102.0,108,,bolbo01
2020,Andre Roberson,SF,OKC,454,28,7,0,87,4.5,16.2,0.276,1.7,7.8,0.214,2.8,8.4,0.333,0.328,0.6,1.1,0.5,3.9,11.2,15.1,2.2,0.6,1.7,1.1,7.3,11.2,84.0,108,,roberan03
2020,Paul Watson,SF,ATL,455,25,10,0,87,5.4,14.2,0.385,2.2,6.5,0.333,3.3,7.6,0.429,0.462,3.8,4.9,0.778,1.1,8.2,9.3,4.4,2.2,0.5,1.6,2.7,16.9,106.0,106,,watsopa01
2020,B.J. Johnson,SF,ORL,456,24,10,0,83,5.3,18.8,0.281,1.8,5.3,0.333,3.5,13.5,0.261,0.328,5.3,5.9,0.9,1.8,7.0,8.8,1.8,1.8,0.0,3.5,1.8,17.6,81.0,111,,johnsbj01
2020,Gabe Vincent,PG,MIA,457,23,9,0,83,4.7,21.8,0.216,3.5,15.9,0.222,1.2,5.9,0.2,0.297,0.0,0.0,,0.0,2.9,2.9,3.5,2.9,0.0,0.6,3.5,12.9,70.0,110,,vincega01
2020,Devon Hall,PG,OKC,458,24,11,0,81,3.6,18.0,0.2,2.4,10.2,0.235,1.2,7.8,0.154,0.267,2.4,4.8,0.5,1.2,3.0,4.2,7.8,2.4,0.6,3.0,3.6,12.0,74.0,110,,hallde01
2020,Talen Horton-Tucker,SG,LAL,459,19,6,1,81,8.2,17.6,0.467,2.3,7.6,0.308,5.9,10.0,0.588,0.533,1.2,2.3,0.5,1.2,2.9,4.1,3.5,4.7,0.6,3.5,5.9,20.0,97.0,103,,hortota01
2020,Jerian Grant,SG,WAS,460,27,6,0,80,5.8,15.8,0.37,1.2,4.7,0.25,4.7,11.1,0.421,0.407,2.9,4.1,0.714,1.2,2.3,3.5,5.3,0.6,0.6,1.8,6.4,15.8,99.0,120,,grantje02
2020,J.R. Smith,SG,LAL,461,34,6,0,79,4.2,13.2,0.318,0.6,6.6,0.091,3.6,6.6,0.545,0.341,1.2,1.2,1.0,0.0,3.0,3.0,1.8,0.6,0.0,2.4,3.0,10.2,72.0,113,,smithjr01
2020,Quinndary Weatherspoon,SG,SAS,462,23,11,0,78,3.1,10.4,0.294,0.6,3.1,0.2,2.5,7.4,0.333,0.324,0.6,1.2,0.5,0.6,3.7,4.3,6.7,1.8,0.6,3.1,4.9,7.4,77.0,115,,weathqu01
2020,Amile Jefferson,PF,ORL,463,26,18,0,74,3.3,9.2,0.357,0.0,0.0,,3.3,9.2,0.357,0.357,3.3,9.2,0.357,6.6,8.6,15.1,2.6,0.7,2.0,2.0,4.6,9.9,95.0,110,,jeffeam01
2020,Dean Wade,PF,CLE,464,23,12,0,71,6.2,8.9,0.692,1.4,2.7,0.5,4.8,6.2,0.778,0.769,0.0,0.7,0.0,2.1,11.0,13.0,1.4,1.4,2.7,2.1,5.5,13.7,122.0,111,,wadede01
2020,Mfiondu Kabengele,C,LAC,465,22,12,0,64,10.3,23.6,0.438,6.6,14.8,0.45,3.7,8.9,0.417,0.578,3.7,3.7,1.0,0.7,7.4,8.1,1.5,1.5,1.5,1.5,6.6,31.0,119.0,107,,kabenmf01
2020,Louis King,SF,DET,466,20,10,0,62,6.3,16.7,0.381,3.2,8.7,0.364,3.2,7.9,0.4,0.476,0.0,2.4,0.0,0.8,7.1,7.9,4.0,1.6,0.0,1.6,7.9,15.9,93.0,113,,kinglo02
2020,Vic Law,PF,ORL,467,24,8,0,62,4.7,14.1,0.333,0.8,5.5,0.143,3.9,8.6,0.455,0.361,1.6,4.7,0.333,1.6,7.1,8.6,2.4,1.6,0.0,1.6,4.7,11.8,79.0,111,,lawvi01
2020,Khyri Thomas,SG,DET,468,23,8,0,61,4.0,13.7,0.294,4.0,11.3,0.357,0.0,2.4,0.0,0.441,1.6,3.2,0.5,0.8,0.0,0.8,2.4,2.4,0.0,2.4,7.3,13.7,88.0,116,,thomakh01
2020,Chandler Parsons,PF,ATL,469,31,5,0,54,4.3,15.5,0.278,3.5,12.1,0.286,0.9,3.5,0.25,0.389,0.0,0.0,,0.9,5.2,6.0,2.6,3.5,0.9,2.6,2.6,12.1,77.0,112,,parsoch01
2020,Tyler Cook,PF,CLE,470,22,13,0,54,7.2,10.9,0.667,0.0,0.0,,7.2,10.9,0.667,0.667,6.3,7.2,0.875,5.4,7.2,12.7,0.9,2.7,0.0,2.7,4.5,20.8,135.0,112,,cookty01
2020,Jordan Bone,PG,DET,471,22,10,0,53,4.6,18.6,0.25,1.9,9.3,0.2,2.8,9.3,0.3,0.3,0.0,0.0,,0.0,3.7,3.7,7.4,0.9,0.0,1.9,5.6,11.1,76.0,117,,bonejo01
2020,Ignas Brazdeikis,SF,NYK,472,21,9,0,53,5.5,20.2,0.273,0.9,8.3,0.111,4.6,11.9,0.385,0.295,3.7,4.6,0.8,1.8,2.8,4.6,3.7,0.0,0.9,1.8,2.8,15.6,82.0,119,,brazdig01
2020,Jarrod Uthoff,PF,MEM,473,26,7,0,53,6.2,15.9,0.389,2.6,7.9,0.333,3.5,7.9,0.444,0.472,1.8,1.8,1.0,1.8,3.5,5.3,0.0,0.9,0.0,0.0,1.8,16.8,105.0,119,,uthofja01
2020,Kevin Hervey,PF,OKC,474,23,10,0,52,6.5,25.2,0.259,2.8,18.7,0.15,3.7,6.5,0.571,0.315,0.0,0.0,,0.9,10.3,11.2,4.7,0.9,0.9,0.0,3.7,15.9,78.0,109,,herveke01
2020,Zylan Cheatham,PF,NOP,475,24,4,0,51,5.4,8.2,0.667,0.0,0.9,0.0,5.4,7.3,0.75,0.667,0.0,0.0,,2.7,5.4,8.2,2.7,0.9,0.9,3.6,9.1,10.9,103.0,114,,cheatzy01
2020,Nigel Williams-Goss,PG,UTA,476,25,10,0,50,4.9,15.6,0.313,1.9,6.8,0.286,2.9,8.8,0.333,0.375,1.9,1.9,1.0,1.9,3.9,5.8,5.8,2.9,1.0,2.9,5.8,13.6,92.0,108,,willini01
2020,Joakim Noah,C,LAC,477,34,5,0,50,3.8,7.6,0.5,0.0,0.0,,3.8,7.6,0.5,0.5,5.7,7.6,0.75,4.7,10.4,15.1,6.6,0.9,0.9,5.7,8.5,13.2,107.0,107,,noahjo01
2020,Justin Robinson,PG,WAS,478,22,9,0,49,4.8,11.4,0.417,2.9,4.8,0.6,1.9,6.7,0.286,0.542,0.0,0.0,,1.0,3.8,4.8,6.7,0.0,1.0,2.9,1.9,12.4,105.0,120,,robinju01
2020,Luka Šamanić,PF,SAS,479,20,3,1,48,5.0,15.9,0.313,3.0,8.0,0.375,2.0,8.0,0.25,0.406,3.0,4.0,0.75,1.0,9.0,10.0,6.0,0.0,2.0,2.0,6.0,15.9,98.0,115,,samanlu01
2020,Naz Mitrou-Long,SG,IND,480,26,5,0,47,6.2,17.5,0.353,2.1,12.4,0.167,4.1,5.2,0.8,0.412,0.0,0.0,,0.0,7.2,7.2,8.3,1.0,1.0,3.1,2.1,14.5,87.0,109,,mitrona01
2020,Jonah Bolden,C,PHI,481,24,7,0,47,4.1,11.2,0.364,0.0,4.1,0.0,4.1,7.1,0.571,0.364,2.0,4.1,0.5,3.0,6.1,9.1,0.0,3.0,2.0,2.0,10.1,10.1,80.0,106,,boldejo01
2020,Antonius Cleveland,SG,DAL,482,25,11,0,46,4.2,14.7,0.286,0.0,3.2,0.0,4.2,11.6,0.364,0.286,3.2,5.3,0.6,2.1,5.3,7.4,1.1,1.1,3.2,2.1,8.4,11.6,74.0,110,,clevean01
2020,Jarred Vanderbilt,PF,DEN,483,20,11,0,46,5.3,8.5,0.625,0.0,1.1,0.0,5.3,7.5,0.714,0.625,2.1,2.1,1.0,3.2,6.4,9.6,2.1,3.2,1.1,7.5,6.4,12.8,81.0,108,,vandeja01
2020,Vlatko Čančar,PF,DEN,484,22,14,0,45,6.6,16.5,0.4,1.1,6.6,0.167,5.5,9.9,0.556,0.433,4.4,4.4,1.0,5.5,5.5,11.0,3.3,1.1,1.1,3.3,7.7,18.7,106.0,113,,cancavl01
2020,Justin Wright-Foreman,PG,UTA,485,22,4,0,45,7.6,21.6,0.35,2.2,10.8,0.2,5.4,10.8,0.5,0.4,3.2,4.3,0.75,0.0,5.4,5.4,7.6,2.2,0.0,3.2,5.4,20.5,93.0,110,,wrighju02
2020,Udonis Haslem,C,MIA,486,39,4,1,44,4.4,12.2,0.364,1.1,3.3,0.333,3.3,8.9,0.375,0.409,3.3,4.4,0.75,1.1,16.6,17.7,1.1,0.0,0.0,1.1,6.7,13.3,97.0,109,,hasleud01
2020,Jeremy Pargo,PG,GSW,487,33,3,0,44,12.0,23.9,0.5,3.3,7.6,0.429,8.7,16.3,0.533,0.568,0.0,1.1,0.0,1.1,2.2,3.3,8.7,1.1,0.0,4.4,8.7,27.2,103.0,119,,pargoje01
2020,Johnathan Motley,PF,LAC,488,24,13,0,41,12.7,17.3,0.733,1.2,1.2,1.0,11.5,16.1,0.714,0.767,5.8,8.1,0.714,3.5,8.1,11.5,9.2,3.5,0.0,5.8,6.9,32.3,132.0,104,,motlejo01
2020,Zach Norvell,SG,LAL,489,22,5,0,41,3.5,14.0,0.25,3.5,9.3,0.375,0.0,4.7,0.0,0.375,1.2,1.2,1.0,0.0,7.0,7.0,3.5,2.3,0.0,3.5,4.7,11.7,74.0,112,,norveza01
2020,Charlie Brown Jr.,SG,ATL,490,22,10,0,40,7.0,22.1,0.316,3.5,10.5,0.333,3.5,11.6,0.3,0.395,5.8,5.8,1.0,2.3,2.3,4.7,2.3,2.3,2.3,3.5,3.5,23.3,93.0,114,,brownch02
2020,Chasson Randle,PG,GSW,491,26,3,0,40,0.0,4.8,0.0,0.0,2.4,0.0,0.0,2.4,0.0,0.0,6.0,7.2,0.833,0.0,2.4,2.4,6.0,2.4,0.0,0.0,3.6,6.0,113.0,116,,randlch01
2020,Josh Magette,PG,ORL,492,30,8,0,38,6.4,19.2,0.333,1.3,5.1,0.25,5.1,14.1,0.364,0.367,1.3,2.6,0.5,1.3,6.4,7.7,6.4,3.8,1.3,6.4,5.1,15.4,71.0,105,,magetjo01
2020,Sindarius Thornwell,SF,NOP,493,25,2,0,35,7.9,14.5,0.545,2.6,5.3,0.5,5.3,9.3,0.571,0.636,2.6,5.3,0.5,0.0,5.3,5.3,5.3,1.3,1.3,2.6,2.6,21.2,115.0,113,,thornsi01
2020,Moses Brown,C,POR,494,20,9,0,33,5.8,14.4,0.4,0.0,0.0,,5.8,14.4,0.4,0.4,4.3,11.6,0.375,4.3,15.9,20.2,1.4,1.4,1.4,4.3,10.1,15.9,81.0,108,,brownmo01
2020,Tacko Fall,C,BOS,495,24,7,0,33,16.1,20.5,0.786,0.0,0.0,,16.1,20.5,0.786,0.786,1.5,4.4,0.333,1.5,20.5,21.9,1.5,1.5,5.9,4.4,10.2,33.6,115.0,93,,fallta01
2020,Corey Brewer,PF,SAC,496,33,5,0,33,2.9,5.9,0.5,0.0,1.5,0.0,2.9,4.4,0.667,0.5,1.5,4.4,0.333,2.9,8.8,11.8,2.9,5.9,0.0,2.9,10.3,7.4,91.0,102,,breweco01
2020,Joe Chealey,PG,CHO,497,24,4,0,33,0.0,10.6,0.0,0.0,6.1,0.0,0.0,4.6,0.0,0.0,3.0,3.0,1.0,0.0,0.0,0.0,1.5,6.1,0.0,3.0,3.0,3.0,29.0,108,,chealjo01
2020,Zhaire Smith,SF,PHI,498,20,7,0,32,4.5,16.7,0.273,0.0,4.5,0.0,4.5,12.1,0.375,0.273,3.0,6.1,0.5,0.0,3.0,3.0,3.0,4.5,0.0,3.0,6.1,12.1,65.0,106,,smithzh01
2020,Jalen Lecque,SG,PHO,499,19,5,0,32,5.9,14.8,0.4,0.0,5.9,0.0,5.9,8.9,0.667,0.4,3.0,3.0,1.0,0.0,3.0,3.0,3.0,0.0,0.0,3.0,4.4,14.8,86.0,118,,lecquja01
2020,Brian Bowen,SF,IND,500,21,6,1,31,4.7,15.7,0.3,0.0,3.1,0.0,4.7,12.5,0.375,0.3,0.0,0.0,,1.6,9.4,11.0,0.0,0.0,1.6,1.6,4.7,9.4,62.0,109,,bowenbr02
2020,Dewan Hernandez,C,TOR,501,23,6,0,28,8.5,23.8,0.357,1.7,3.4,0.5,6.8,20.4,0.333,0.393,5.1,8.5,0.6,8.5,15.3,23.8,5.1,1.7,0.0,5.1,10.2,23.8,95.0,101,,hernade01
2020,Josh Reaves,SF,DAL,502,22,4,0,28,5.2,15.5,0.333,0.0,3.5,0.0,5.2,12.1,0.429,0.333,3.5,3.5,1.0,1.7,3.5,5.2,5.2,0.0,0.0,0.0,8.6,13.8,107.0,118,,reavejo02
2020,Marial Shayok,SG,PHI,503,24,4,0,28,5.2,20.8,0.25,3.5,10.4,0.333,1.7,10.4,0.167,0.333,5.2,6.9,0.75,1.7,10.4,12.1,1.7,0.0,1.7,5.2,6.9,19.0,75.0,110,,shayoma01
2020,KZ Okpala,PF,MIA,504,20,5,0,26,5.6,9.4,0.6,0.0,1.9,0.0,5.6,7.5,0.75,0.6,1.9,3.8,0.5,1.9,7.5,9.4,1.9,3.8,1.9,1.9,3.8,13.1,110.0,103,,okpalkz01
2020,Luc Mbah a Moute,PF,HOU,505,33,3,0,25,3.7,9.3,0.4,0.0,3.7,0.0,3.7,5.6,0.667,0.4,1.9,3.7,0.5,1.9,1.9,3.7,0.0,3.7,0.0,1.9,0.0,9.3,82.0,110,,mbahalu01
2020,Justin Patton,C,OKC,506,22,5,0,24,8.1,20.2,0.4,2.0,8.1,0.25,6.1,12.1,0.5,0.45,0.0,0.0,,2.0,8.1,10.1,4.0,0.0,0.0,4.0,8.1,18.2,86.0,113,,pattoju01
2020,Josh Gray,PG,NOP,507,26,2,0,23,2.0,4.0,0.5,0.0,0.0,,2.0,4.0,0.5,0.5,0.0,0.0,,2.0,2.0,4.0,4.0,0.0,0.0,10.1,2.0,4.0,47.0,119,,grayjo01
2020,Kostas Antetokounmpo,PF,LAL,508,22,5,0,20,7.1,7.1,1.0,0.0,0.0,,7.1,7.1,1.0,1.0,2.4,4.8,0.5,4.8,2.4,7.1,4.8,0.0,0.0,2.4,4.8,16.6,153.0,115,,antetko01
2020,Matt Mooney,SG,CLE,509,23,4,0,19,2.6,10.2,0.25,0.0,5.1,0.0,2.6,5.1,0.5,0.25,0.0,0.0,,0.0,7.7,7.7,2.6,5.1,2.6,0.0,2.6,5.1,69.0,104,,moonema01
2020,Eric Mika,C,SAC,510,25,1,0,19,5.1,7.7,0.667,0.0,0.0,,5.1,7.7,0.667,0.667,5.1,5.1,1.0,5.1,12.8,17.9,0.0,0.0,0.0,0.0,12.8,15.3,173.0,113,,mikaer01
2020,Henry Ellenson,C,BRK,511,23,5,0,15,3.2,22.1,0.143,0.0,12.6,0.0,3.2,9.5,0.333,0.143,0.0,0.0,,6.3,12.6,18.9,3.2,0.0,0.0,0.0,3.2,6.3,60.0,111,,ellenhe01
2020,Stanton Kidd,SG,UTA,512,27,4,0,15,0.0,9.7,0.0,0.0,3.2,0.0,0.0,6.5,0.0,0.0,0.0,0.0,,0.0,9.7,9.7,3.2,0.0,0.0,6.5,9.7,0.0,13.0,112,,kiddst01
2020,Tariq Owens,PF,PHO,513,24,3,0,15,3.2,15.8,0.2,0.0,6.3,0.0,3.2,9.5,0.333,0.2,6.3,6.3,1.0,6.3,3.2,9.5,0.0,3.2,0.0,0.0,3.2,12.6,96.0,111,,owensta01
2020,Daryl Macon,PG,MIA,514,24,4,0,14,3.5,10.5,0.333,3.5,7.0,0.5,0.0,3.5,0.0,0.5,0.0,0.0,,0.0,0.0,0.0,3.5,0.0,0.0,7.0,3.5,10.5,65.0,118,,maconda01
2020,Ryan Anderson,C,HOU,515,31,2,0,14,6.6,23.1,0.286,3.3,16.5,0.2,3.3,6.6,0.5,0.357,0.0,0.0,,0.0,23.1,23.1,6.6,3.3,0.0,3.3,3.3,16.5,78.0,98,,anderry01
2020,Kyle Alexander,C,MIA,516,23,2,0,13,3.8,7.5,0.5,0.0,0.0,,3.8,7.5,0.5,0.5,0.0,0.0,,7.5,3.8,11.3,0.0,0.0,0.0,3.8,3.8,7.5,96.0,116,,alexaky01
2020,Dusty Hannahs,SG,MEM,517,26,2,0,13,14.4,32.3,0.444,7.2,10.8,0.667,7.2,21.5,0.333,0.556,7.2,7.2,1.0,0.0,3.6,3.6,0.0,0.0,0.0,0.0,3.6,43.1,120.0,117,,hannadu01
2020,William Howard,PF,HOU,518,26,2,0,13,0.0,14.2,0.0,0.0,14.2,0.0,0.0,0.0,,0.0,0.0,0.0,,0.0,7.1,7.1,3.6,0.0,0.0,3.6,3.6,0.0,14.0,115,,howarwi01
2020,Shamorie Ponds,PG,TOR,519,21,4,0,11,13.0,21.6,0.6,4.3,8.6,0.5,8.6,13.0,0.667,0.7,8.6,8.6,1.0,0.0,4.3,4.3,8.6,0.0,4.3,0.0,8.6,38.9,164.0,107,,pondssh01
2020,Isaiah Roby,PF,OKC,520,21,3,0,11,0.0,4.4,0.0,0.0,0.0,,0.0,4.4,0.0,0.0,0.0,0.0,,0.0,8.8,8.8,0.0,0.0,0.0,4.4,4.4,0.0,0.0,113,,robyis01
2020,Kyle Guy,SG,SAC,521,22,3,0,10,9.7,24.3,0.4,0.0,14.6,0.0,9.7,9.7,1.0,0.4,0.0,0.0,,0.0,4.9,4.9,4.9,0.0,0.0,0.0,4.9,19.4,92.0,118,,guyky01
2020,Devontae Cacok,C,LAL,522,23,1,0,9,15.8,31.7,0.5,0.0,0.0,,15.8,31.7,0.5,0.5,0.0,0.0,,10.6,15.8,26.4,5.3,0.0,0.0,0.0,0.0,31.7,122.0,107,,cacokde01
2020,Jared Harper,PG,PHO,523,22,3,0,8,5.9,23.7,0.25,0.0,11.8,0.0,5.9,11.8,0.5,0.25,0.0,0.0,,0.0,0.0,0.0,0.0,0.0,0.0,0.0,0.0,11.8,54.0,120,,harpeja01
2020,Max Strus,SF,CHI,524,23,2,0,6,16.1,24.1,0.667,0.0,8.0,0.0,16.1,16.1,1.0,0.667,8.0,8.0,1.0,8.0,0.0,8.0,0.0,0.0,0.0,0.0,8.0,40.1,153.0,119,,strusma01
2020,Jamal Crawford,SG,BRK,525,39,1,0,6,15.8,31.5,0.5,7.9,15.8,0.5,7.9,15.8,0.5,0.625,0.0,0.0,,0.0,0.0,0.0,23.7,0.0,0.0,0.0,7.9,39.4,155.0,118,,crawfja01
2020,Tyler Zeller,C,SAS,526,30,2,0,4,11.9,47.8,0.25,0.0,0.0,,11.9,47.8,0.25,0.25,0.0,0.0,,35.8,11.9,47.8,0.0,0.0,0.0,0.0,0.0,23.9,95.0,116,,zellety01
2020,Malik Newman,SG,CLE,527,22,1,0,4,0.0,24.3,0.0,0.0,12.2,0.0,0.0,12.2,0.0,0.0,24.3,24.3,1.0,0.0,0.0,0.0,0.0,0.0,0.0,12.2,0.0,24.3,58.0,123,,newmama01
2020,Marques Bolden,C,CLE,528,21,1,0,3,0.0,0.0,,0.0,0.0,,0.0,0.0,,,0.0,0.0,,0.0,32.4,32.4,0.0,16.2,0.0,0.0,16.2,0.0,,69,,boldema01
2020,J.P. Macura,SG,CLE,529,24,1,0,1,0.0,0.0,,0.0,0.0,,0.0,0.0,,,0.0,0.0,,0.0,0.0,0.0,0.0,0.0,0.0,0.0,0.0,0.0,,123,,macurjp01
2021,Julius Randle,PF,NYK,1,26,71,71,2667,11.3,24.8,0.456,3.0,7.3,0.411,8.3,17.5,0.474,0.516,6.5,8.0,0.811,1.6,12.0,13.6,8.0,1.2,0.3,4.5,4.2,32.1,111.0,107,MVP-8MIP-1ASNBA2,randlju01
2021,RJ Barrett,SG,NYK,2,20,72,72,2511,9.3,21.1,0.441,2.5,6.2,0.401,6.8,15.0,0.457,0.499,4.1,5.5,0.746,1.4,6.9,8.2,4.3,1.1,0.4,2.8,3.7,25.2,106.0,110,,barrerj01
2021,Nikola Jokić,C,DEN,3,25,72,72,2488,14.5,25.7,0.566,1.8,4.7,0.388,12.7,21.0,0.606,0.602,6.8,7.8,0.868,4.1,11.4,15.5,11.9,1.9,1.0,4.4,3.8,37.7,130.0,109,MVP-1ASNBA1,jokicni01
2021,Buddy Hield,SG,SAC,4,28,71,71,2433,8.0,19.6,0.406,5.6,14.2,0.391,2.4,5.3,0.446,0.548,1.7,2.1,0.846,0.6,6.0,6.6,5.1,1.2,0.6,2.6,3.5,23.2,109.0,119,,hieldbu01
2021,Damian Lillard,PG,POR,5,30,67,67,2398,12.2,27.1,0.451,5.6,14.3,0.391,6.7,12.8,0.519,0.554,9.1,9.8,0.928,0.7,5.1,5.8,10.3,1.3,0.3,4.1,2.1,39.2,125.0,118,MVP-7ASNBA2,lillada01
2021,Terry Rozier,SG,CHO,6,26,69,69,2383,10.5,23.2,0.45,4.5,11.7,0.389,5.9,11.5,0.512,0.548,3.4,4.1,0.817,1.0,5.2,6.2,6.0,1.8,0.5,2.6,2.4,28.8,113.0,114,,roziete01
2021,Russell Westbrook,PG,WAS,7,32,65,65,2369,10.6,24.1,0.439,1.7,5.3,0.315,8.9,18.8,0.475,0.474,5.3,8.0,0.656,2.1,12.5,14.6,14.9,1.7,0.4,6.1,3.7,28.1,105.0,110,,westbru01
2021,Andrew Wiggins,PF,GSW,8,25,71,71,2364,10.0,21.0,0.477,2.8,7.3,0.38,7.3,13.7,0.529,0.543,3.4,4.7,0.714,1.6,5.3,6.9,3.3,1.3,1.4,2.5,3.2,26.2,107.0,111,,wiggian01
2021,Mikal Bridges,SF,PHO,9,24,72,72,2348,7.6,14.1,0.543,2.8,6.6,0.425,4.8,7.4,0.647,0.643,2.3,2.8,0.84,1.6,4.9,6.5,3.2,1.6,1.3,1.2,2.4,20.4,131.0,112,,bridgmi01
2021,Nikola Vučević,C,ORL,10,30,70,70,2348,13.8,28.9,0.477,3.6,9.1,0.4,10.1,19.8,0.513,0.54,2.7,3.2,0.84,3.0,13.9,16.9,5.6,1.3,1.0,2.6,2.8,33.9,112.0,110,AS,vucevni01
2021,Anthony Edwards,SG,MIN,11,19,72,55,2314,10.3,24.7,0.417,3.5,10.6,0.329,6.8,14.1,0.483,0.488,4.3,5.6,0.776,1.2,5.7,6.9,4.3,1.7,0.7,3.3,2.6,28.4,102.0,116,ROY-2,edwaran01
2021,Jayson Tatum,SF,BOS,12,22,64,64,2290,12.9,28.1,0.459,4.0,10.3,0.386,8.9,17.8,0.502,0.53,6.3,7.3,0.868,1.1,9.0,10.1,5.9,1.6,0.7,3.6,2.6,36.1,114.0,112,AS,tatumja01
2021,Devin Booker,SG,PHO,13,24,67,67,2270,13.5,28.0,0.484,2.7,8.1,0.34,10.8,19.9,0.543,0.533,7.4,8.5,0.867,0.7,5.4,6.1,6.3,1.2,0.3,4.5,3.9,37.2,110.0,114,AS,bookede01
2021,Khris Middleton,SF,MIL,14,29,68,68,2269,10.6,22.2,0.476,3.1,7.6,0.414,7.5,14.7,0.508,0.546,4.4,4.9,0.898,1.1,7.3,8.4,7.7,1.5,0.2,3.7,3.3,28.7,116.0,113,,middlkh01
2021,Duncan Robinson,SF,MIA,15,26,72,72,2262,6.9,15.7,0.439,5.5,13.5,0.408,1.4,2.3,0.625,0.614,1.4,1.6,0.827,0.2,5.3,5.5,2.8,0.9,0.4,1.8,4.0,20.7,113.0,114,,robindu01
2021,Luka Dončić,PG,DAL,16,21,66,66,2262,14.1,29.5,0.479,4.2,11.9,0.35,9.9,17.5,0.567,0.55,7.5,10.3,0.73,1.2,10.3,11.5,12.4,1.4,0.8,6.1,3.3,39.9,114.0,111,MVP-6ASNBA1,doncilu01
2021,Robert Covington,PF,POR,17,30,70,70,2243,4.4,11.1,0.401,2.9,7.7,0.379,1.5,3.3,0.451,0.533,1.1,1.3,0.806,1.3,8.8,10.1,2.5,2.2,1.8,1.4,4.2,12.9,113.0,112,,covinro01
2021,Royce O'Neale,SF,UTA,18,27,71,71,2241,3.8,8.6,0.444,2.3,6.0,0.385,1.5,2.5,0.586,0.58,0.8,1.0,0.848,1.9,8.6,10.5,3.9,1.2,0.7,1.8,4.0,10.8,121.0,108,,onealro01
2021,Domantas Sabonis,PF,IND,19,24,62,62,2231,10.3,19.2,0.535,1.1,3.4,0.321,9.2,15.7,0.582,0.564,5.1,6.9,0.732,3.2,12.5,15.7,8.8,1.6,0.7,4.5,4.3,26.7,115.0,110,AS,sabondo01
2021,Bojan Bogdanović,SF,UTA,20,31,72,72,2216,8.9,20.3,0.439,4.0,10.1,0.39,5.0,10.2,0.487,0.536,5.1,5.8,0.879,0.9,5.3,6.2,3.0,1.0,0.1,2.8,2.5,26.9,113.0,112,,bogdabo02
2021,Norman Powell,SG,TOR,21,27,69,58,2205,9.6,20.2,0.477,3.8,9.2,0.411,5.9,11.1,0.532,0.57,5.2,6.0,0.871,0.9,3.8,4.7,2.8,1.8,0.4,2.6,3.5,28.3,116.0,116,,powelno01
2021,Chris Paul,PG,PHO,22,35,70,70,2199,9.9,19.7,0.499,2.3,5.8,0.395,7.6,13.9,0.543,0.557,3.8,4.1,0.934,0.6,6.4,7.0,14.0,2.2,0.4,3.5,3.7,25.8,124.0,111,MVP-5ASNBA2,paulch01
2021,Rudy Gobert,C,UTA,23,28,71,71,2187,8.7,12.9,0.675,0.0,0.1,0.0,8.7,12.8,0.68,0.675,5.2,8.3,0.623,5.3,16.0,21.4,2.0,0.9,4.2,2.6,3.6,22.6,131.0,101,MVP-10DPOY-1ASNBA3DEF1,goberru01
2021,Justin Holiday,SG,IND,24,31,72,52,2183,5.6,13.5,0.413,3.7,9.8,0.382,1.8,3.7,0.494,0.551,1.5,1.8,0.788,0.7,4.9,5.5,2.6,1.6,0.9,1.2,2.9,16.4,112.0,114,,holidju01
2021,Isaac Okoro,SG,CLE,25,20,67,67,2173,5.3,12.7,0.42,1.4,4.9,0.29,3.9,7.8,0.501,0.476,2.6,3.6,0.726,1.5,3.1,4.7,2.9,1.4,0.5,2.0,4.2,14.7,103.0,117,,okorois01
2021,Coby White,PG,CHI,26,20,69,54,2156,8.4,20.3,0.416,3.7,10.2,0.359,4.8,10.1,0.473,0.506,2.9,3.2,0.901,0.6,5.8,6.4,7.4,0.9,0.3,3.5,4.0,23.4,106.0,115,,whiteco01
2021,Stephen Curry,PG,GSW,27,32,63,63,2152,14.4,29.8,0.482,7.4,17.5,0.421,7.0,12.3,0.569,0.605,7.9,8.6,0.916,0.6,6.9,7.5,7.9,1.7,0.2,4.6,2.6,44.0,119.0,111,MVP-3ASNBA1,curryst01
2021,Bradley Beal,SG,WAS,28,27,60,60,2147,14.4,29.7,0.485,2.8,8.0,0.349,11.6,21.7,0.535,0.532,8.8,9.9,0.889,1.5,4.5,6.1,5.7,1.5,0.5,4.0,3.0,40.3,114.0,115,ASNBA3,bealbr01
2021,Bam Adebayo,C,MIA,29,23,64,64,2143,10.6,18.5,0.57,0.0,0.2,0.25,10.5,18.4,0.573,0.571,6.6,8.2,0.799,3.3,10.0,13.3,8.0,1.7,1.5,3.9,3.4,27.7,122.0,108,DPOY-4DEF2,adebaba01
2021,Joe Harris,SF,BRK,30,29,69,65,2141,8.0,15.9,0.505,4.8,10.0,0.475,3.3,5.9,0.555,0.654,1.1,1.4,0.778,1.0,4.6,5.6,2.9,1.0,0.3,1.4,3.2,21.9,126.0,117,,harrijo01
2021,Dejounte Murray,PG,SAS,31,24,67,67,2139,10.0,22.1,0.453,1.4,4.5,0.317,8.6,17.6,0.488,0.485,2.4,3.0,0.791,1.3,9.4,10.7,8.2,2.3,0.2,2.7,3.1,23.8,106.0,111,,murrade01
2021,Kevin Huerter,SG,ATL,32,22,69,49,2126,7.3,16.9,0.432,3.2,8.9,0.363,4.1,8.0,0.51,0.528,1.2,1.5,0.781,0.9,4.5,5.3,5.6,1.9,0.4,1.8,3.8,19.0,112.0,115,,huertke01
2021,Trae Young,PG,ATL,33,22,63,63,2125,11.3,25.7,0.438,3.1,9.2,0.343,8.1,16.6,0.491,0.499,11.2,12.6,0.886,0.9,4.8,5.7,13.8,1.2,0.3,6.0,2.6,36.9,117.0,116,,youngtr01
2021,Deandre Ayton,C,PHO,34,22,69,69,2115,10.0,16.0,0.626,0.1,0.5,0.2,9.9,15.6,0.639,0.629,3.1,4.0,0.769,5.3,11.6,17.0,2.3,1.0,1.9,2.4,4.6,23.3,127.0,109,,aytonde01
2021,Collin Sexton,SG,CLE,35,22,60,60,2115,12.2,25.8,0.475,2.3,6.2,0.371,10.0,19.6,0.508,0.519,7.3,8.9,0.815,1.4,3.0,4.4,6.1,1.4,0.2,3.9,3.7,34.0,111.0,118,,sextoco01
2021,Eric Bledsoe,SG,NOP,36,31,71,70,2111,7.0,16.6,0.421,2.7,8.1,0.341,4.2,8.5,0.496,0.503,3.0,4.4,0.687,0.7,4.9,5.5,6.1,1.2,0.5,2.6,2.5,19.7,108.0,116,,bledser01
2021,Harrison Barnes,PF,SAC,37,28,58,58,2102,7.3,14.7,0.497,2.3,5.8,0.391,5.0,8.8,0.567,0.575,4.5,5.4,0.83,1.5,7.3,8.8,4.6,1.0,0.3,2.1,1.7,21.3,123.0,119,,barneha02
2021,Brandon Ingram,SF,NOP,38,23,61,61,2093,11.8,25.2,0.466,3.3,8.6,0.381,8.5,16.6,0.51,0.531,6.4,7.3,0.878,0.8,6.1,6.9,6.8,1.0,0.8,3.5,2.8,33.2,115.0,116,,ingrabr01
2021,DeMar DeRozan,PF,SAS,39,31,61,61,2056,10.7,21.7,0.495,0.4,1.7,0.257,10.3,20.0,0.515,0.505,9.1,10.4,0.88,0.9,5.2,6.1,10.0,1.3,0.4,2.8,3.0,31.1,122.0,115,,derozde01
2021,Ja Morant,PG,MEM,40,21,63,63,2053,10.0,22.3,0.449,1.7,5.6,0.303,8.3,16.7,0.499,0.487,6.3,8.7,0.728,1.4,4.5,5.9,10.8,1.3,0.3,4.7,2.0,28.0,108.0,115,,moranja01
2021,Jae'Sean Tate,SF,HOU,41,25,70,58,2043,7.3,14.5,0.506,1.4,4.5,0.308,5.9,10.0,0.595,0.554,2.4,3.4,0.694,3.1,5.6,8.7,4.1,2.0,0.8,2.3,5.1,18.4,114.0,115,,tateja01
2021,De'Aaron Fox,PG,SAC,42,23,58,58,2036,12.5,26.2,0.477,2.4,7.5,0.322,10.0,18.6,0.539,0.523,7.1,9.8,0.719,0.8,4.0,4.8,9.8,2.1,0.6,4.1,4.0,34.4,113.0,118,,foxde01
2021,Zach LaVine,SG,CHI,43,25,58,58,2034,13.6,26.8,0.507,4.8,11.4,0.419,8.8,15.4,0.571,0.596,6.0,7.1,0.849,0.9,6.0,6.9,6.7,1.1,0.6,4.8,3.3,37.9,115.0,114,AS,lavinza01
2021,Zion Williamson,PF,NOP,44,20,61,61,2026,15.0,24.5,0.611,0.2,0.8,0.294,14.8,23.7,0.622,0.616,8.7,12.5,0.698,4.0,6.5,10.4,5.3,1.3,0.9,4.0,3.2,39.0,124.0,115,AS,willizi01
2021,Tobias Harris,PF,PHI,45,28,62,62,2014,11.3,22.1,0.512,2.0,5.0,0.394,9.4,17.1,0.546,0.556,4.4,4.9,0.892,1.5,8.5,10.0,5.3,1.3,1.2,2.6,2.8,29.0,118.0,108,,harrito02
2021,Giannis Antetokounmpo,PF,MIL,46,26,61,61,2013,14.6,25.7,0.569,1.6,5.2,0.303,13.0,20.5,0.636,0.6,9.3,13.6,0.685,2.3,13.4,15.7,8.3,1.7,1.7,4.8,3.9,40.1,122.0,107,MVP-4DPOY-5ASNBA1DEF1,antetgi01
2021,Pascal Siakam,PF,TOR,47,26,56,56,2006,10.5,23.2,0.455,1.8,5.9,0.297,8.8,17.3,0.509,0.493,6.0,7.3,0.827,2.3,7.5,9.8,6.0,1.5,0.9,3.1,4.2,28.9,111.0,113,,siakapa01
2021,Jaylen Brown,SG,BOS,48,24,58,58,1999,13.1,27.2,0.484,4.0,10.0,0.397,9.2,17.1,0.536,0.558,4.7,6.1,0.764,1.7,6.7,8.5,4.8,1.8,0.8,3.9,4.1,34.9,112.0,113,AS,brownja02
2021,Dillon Brooks,SF,MEM,49,25,67,67,1997,10.3,24.7,0.419,3.1,8.9,0.344,7.3,15.8,0.461,0.481,3.8,4.7,0.815,1.3,3.4,4.7,3.8,1.9,0.6,2.8,5.7,27.6,102.0,113,,brookdi01
2021,Kelly Olynyk,C,MIA,50,29,70,62,1997,8.2,17.0,0.484,3.1,9.0,0.342,5.1,8.0,0.641,0.574,3.5,4.3,0.829,2.1,9.8,11.9,4.9,1.9,1.0,3.1,5.0,23.0,115.0,110,,olynyke01
2021,Tim Hardaway Jr.,SG,DAL,51,28,70,31,1985,10.1,22.6,0.447,5.1,13.1,0.391,5.0,9.5,0.524,0.56,3.5,4.3,0.816,0.5,5.2,5.7,3.1,0.8,0.3,1.6,2.8,28.9,116.0,116,6MOY-5,hardati02
2021,Patrick Williams,PF,CHI,52,19,71,71,1983,6.2,12.9,0.483,1.3,3.4,0.391,4.9,9.5,0.515,0.534,2.2,3.1,0.728,1.6,6.4,8.0,2.4,1.6,1.1,2.4,3.1,16.0,105.0,112,,willipa01
2021,Draymond Green,PF,GSW,53,30,63,63,1982,4.0,9.0,0.447,0.8,3.0,0.27,3.2,6.0,0.535,0.492,1.7,2.1,0.795,1.3,9.3,10.6,13.2,2.5,1.2,4.5,4.6,10.5,110.0,106,DPOY-3DEF1,greendr01
2021,Keldon Johnson,SF,SAS,54,21,69,67,1968,8.3,17.4,0.479,1.5,4.5,0.331,6.9,12.9,0.531,0.522,3.6,4.8,0.74,2.3,7.9,10.2,3.0,1.0,0.6,1.9,3.5,21.7,111.0,114,,johnske04
2021,Dennis Schröder,SG,LAL,55,27,61,61,1956,8.3,18.9,0.437,1.8,5.3,0.335,6.5,13.6,0.476,0.484,5.1,6.0,0.848,0.7,4.5,5.2,8.7,1.7,0.3,4.1,4.0,23.4,107.0,109,,schrode01
2021,Kyle Kuzma,SF,LAL,56,25,68,32,1954,8.3,18.8,0.443,3.4,9.5,0.361,4.9,9.4,0.525,0.533,1.7,2.4,0.691,2.7,7.7,10.4,3.2,0.9,1.0,2.8,3.0,21.8,105.0,109,,kuzmaky01
2021,P.J. Washington,PF,CHO,57,22,64,61,1954,7.5,17.1,0.44,2.8,7.2,0.386,4.7,9.9,0.48,0.522,2.7,3.6,0.745,2.3,8.1,10.4,4.0,1.7,2.0,3.2,4.3,20.6,105.0,111,,washipj01
2021,Reggie Bullock,SF,NYK,58,29,65,64,1949,6.4,14.4,0.442,4.2,10.2,0.41,2.2,4.2,0.521,0.587,1.3,1.4,0.909,0.4,5.3,5.7,2.5,1.3,0.3,1.2,3.7,18.2,118.0,111,,bullore01
2021,Danny Green,SF,PHI,59,33,69,69,1934,5.6,13.6,0.412,4.4,10.8,0.405,1.2,2.8,0.438,0.573,0.8,1.0,0.775,1.4,5.1,6.5,2.9,2.3,1.4,1.7,3.1,16.3,114.0,108,,greenda02
2021,Miles Bridges,PF,CHO,60,22,66,19,1932,7.9,15.7,0.503,2.9,7.3,0.4,5.0,8.4,0.593,0.596,2.5,2.9,0.867,2.0,8.0,10.0,3.7,1.1,1.3,2.7,3.6,21.2,116.0,113,6MOY-12,bridgmi02
2021,Malcolm Brogdon,PG,IND,61,28,56,56,1930,10.9,24.0,0.453,3.6,9.2,0.388,7.3,14.8,0.493,0.527,3.7,4.3,0.864,1.4,5.8,7.2,8.1,1.2,0.4,2.8,2.7,29.0,113.0,115,,brogdma01
2021,Dorian Finney-Smith,PF,DAL,62,27,60,60,1921,5.6,12.0,0.472,3.1,7.8,0.394,2.6,4.2,0.616,0.6,0.8,1.1,0.756,2.5,5.9,8.4,2.6,1.3,0.6,1.2,3.5,15.1,124.0,114,,finnedo01
2021,Michael Porter Jr.,SF,DEN,63,22,61,54,1912,11.5,21.1,0.542,4.4,9.9,0.445,7.1,11.2,0.628,0.646,2.7,3.5,0.791,2.4,9.2,11.5,1.8,1.0,1.4,2.0,3.3,30.0,125.0,112,,portemi01
2021,Saddiq Bey,SF,DET,64,21,70,53,1909,7.2,17.8,0.404,4.5,11.8,0.38,2.7,5.9,0.45,0.53,3.2,3.8,0.844,1.1,7.1,8.2,2.4,1.3,0.4,1.5,2.8,22.0,112.0,114,ROY-4,beysa01
2021,Jrue Holiday,PG,MIL,65,30,59,56,1907,10.2,20.3,0.503,2.7,7.0,0.392,7.5,13.3,0.561,0.57,2.6,3.3,0.787,1.8,4.8,6.6,8.8,2.4,0.9,3.1,2.4,25.8,121.0,111,DPOY-8DEF1,holidjr01
2021,Brook Lopez,C,MIL,66,32,70,70,1902,8.0,15.8,0.503,2.3,6.9,0.338,5.6,8.9,0.632,0.577,3.0,3.5,0.845,2.6,6.0,8.6,1.2,1.0,2.5,1.6,3.7,21.2,121.0,111,,lopezbr01
2021,Kentavious Caldwell-Pope,SG,LAL,67,27,67,67,1902,5.6,12.9,0.431,3.1,7.5,0.41,2.5,5.4,0.46,0.549,2.5,2.9,0.866,0.7,3.9,4.6,3.2,1.6,0.7,1.7,2.9,16.7,114.0,109,DPOY-11,caldwke01
2021,Fred VanVleet,SG,TOR,68,26,52,52,1899,8.6,22.2,0.389,4.4,12.1,0.366,4.2,10.0,0.416,0.489,4.3,4.9,0.885,0.8,4.8,5.6,8.4,2.2,0.9,2.4,3.0,26.0,113.0,113,,vanvlfr01
2021,Clint Capela,C,ATL,69,26,63,63,1898,10.7,18.0,0.594,0.0,0.0,,10.7,18.0,0.594,0.594,3.4,5.9,0.573,7.7,15.7,23.4,1.3,1.1,3.3,1.9,3.8,24.8,125.0,106,DPOY-6,capelca01
2021,Kyle Anderson,PF,MEM,70,27,69,69,1887,7.8,16.7,0.468,2.4,6.6,0.36,5.4,10.1,0.539,0.54,3.6,4.7,0.783,1.3,8.7,10.0,6.3,2.1,1.4,2.2,3.0,21.6,118.0,109,,anderky01
2021,Kyrie Irving,PG,BRK,71,28,54,54,1886,14.0,27.8,0.506,3.9,9.7,0.402,10.2,18.1,0.561,0.576,5.1,5.6,0.922,1.3,5.2,6.6,8.3,1.9,0.9,3.3,3.6,37.1,121.0,114,ASNBA3,irvinky01
2021,Ben Simmons,PG,PHI,72,24,58,58,1877,8.4,15.0,0.557,0.1,0.3,0.3,8.3,14.7,0.562,0.56,4.5,7.4,0.613,2.4,8.3,10.7,10.3,2.4,0.9,4.4,4.4,21.3,114.0,106,MVP-12DPOY-2ASDEF1,simmobe01
2021,Joe Ingles,SF,UTA,73,33,67,30,1867,7.2,14.7,0.489,4.8,10.6,0.451,2.4,4.1,0.59,0.652,2.0,2.3,0.844,0.7,5.7,6.4,8.3,1.2,0.3,3.1,3.1,21.1,129.0,111,6MOY-2,inglejo01
2021,Jarrett Allen,C,BRK,74,22,63,45,1864,7.9,12.7,0.618,0.2,0.5,0.316,7.7,12.2,0.631,0.624,5.4,7.6,0.703,5.2,11.5,16.6,2.8,0.8,2.4,2.6,2.5,21.2,127.0,112,,allenja01
2021,Dwayne Bacon,SG,ORL,75,25,72,50,1853,7.7,19.1,0.402,1.5,5.4,0.285,6.1,13.6,0.449,0.443,3.8,4.6,0.824,0.8,5.1,5.9,2.4,1.2,0.1,1.2,2.7,20.7,102.0,117,,bacondw01
2021,John Collins,PF,ATL,76,23,63,63,1848,11.4,20.5,0.556,2.2,5.5,0.399,9.2,15.0,0.615,0.61,4.5,5.4,0.833,3.1,9.3,12.4,2.1,0.9,1.7,2.2,5.1,29.6,125.0,112,,collijo01
2021,Jakob Poeltl,C,SAS,77,25,69,51,1845,7.0,11.3,0.616,0.0,0.0,,7.0,11.3,0.616,0.616,1.7,3.3,0.508,5.8,8.6,14.4,3.5,1.2,3.2,2.2,4.5,15.6,123.0,109,,poeltja01
2021,Jeff Green,PF,BRK,78,34,68,38,1835,6.9,13.9,0.492,2.7,6.6,0.412,4.2,7.4,0.564,0.59,3.3,4.2,0.776,0.9,6.0,6.9,2.8,0.9,0.7,1.4,3.2,19.7,122.0,116,,greenje02
2021,Nicolas Batum,SF,LAC,79,32,67,38,1835,5.2,11.1,0.464,3.0,7.3,0.404,2.2,3.8,0.579,0.597,1.3,1.6,0.828,1.3,7.2,8.5,4.0,1.9,1.0,1.4,2.8,14.6,124.0,110,,batumni01
2021,Jerami Grant,SF,DET,80,26,54,54,1829,10.7,25.0,0.429,3.1,8.8,0.35,7.6,16.2,0.473,0.491,7.8,9.2,0.845,0.9,5.8,6.7,4.1,0.9,1.6,2.9,3.4,32.3,109.0,114,,grantje01
2021,Paul George,SF,LAC,81,30,54,54,1821,12.1,25.9,0.467,4.6,11.3,0.411,7.4,14.6,0.51,0.557,5.4,6.2,0.868,1.2,8.5,9.8,7.6,1.7,0.7,4.9,3.6,34.2,113.0,110,ASNBA3,georgpa01
2021,Jordan Clarkson,SG,UTA,82,28,68,1,1818,12.2,28.8,0.425,5.6,16.0,0.347,6.7,12.8,0.523,0.522,3.5,3.9,0.896,1.3,6.1,7.3,4.5,1.6,0.3,3.1,2.9,33.5,109.0,110,6MOY-1,clarkjo01
2021,Donte DiVincenzo,SG,MIL,83,24,66,66,1814,6.5,15.6,0.42,3.4,9.0,0.379,3.2,6.7,0.475,0.528,1.3,1.8,0.718,2.1,7.7,9.8,5.3,1.9,0.4,2.4,2.9,17.8,112.0,112,,divindo01
2021,Gary Trent Jr.,SG,POR,84,22,58,38,1802,8.6,21.2,0.408,4.5,11.6,0.385,4.2,9.6,0.435,0.513,2.2,2.9,0.783,0.7,3.4,4.1,2.2,1.5,0.3,1.2,2.5,24.0,108.0,118,,trentga02
2021,Rui Hachimura,PF,WAS,85,22,57,57,1797,8.0,16.6,0.478,1.2,3.5,0.328,6.8,13.1,0.519,0.513,3.2,4.1,0.77,1.3,6.7,8.0,2.1,1.1,0.2,1.7,3.1,20.2,107.0,115,,hachiru01
2021,T.J. McConnell,PG,IND,86,28,69,3,1796,7.2,12.9,0.559,0.4,1.3,0.313,6.8,11.6,0.586,0.574,0.9,1.3,0.688,1.4,5.3,6.7,12.0,3.4,0.6,3.6,3.0,15.7,117.0,110,6MOY-11,mccontj01
2021,Josh Richardson,SG,DAL,87,27,59,56,1790,7.3,17.0,0.427,2.4,7.4,0.33,4.8,9.7,0.501,0.498,2.7,3.0,0.917,1.4,4.0,5.4,4.2,1.7,0.7,2.2,3.6,19.7,109.0,114,,richajo01
2021,Darius Garland,PG,CLE,88,21,54,50,1790,10.0,22.1,0.451,2.9,7.3,0.395,7.1,14.8,0.479,0.517,3.1,3.6,0.848,0.6,2.9,3.6,9.1,1.8,0.2,4.5,3.0,25.9,105.0,117,,garlada01
2021,Richaun Holmes,C,SAC,89,27,61,61,1782,9.9,15.5,0.637,0.1,0.3,0.182,9.8,15.2,0.645,0.638,3.6,4.6,0.794,3.9,9.7,13.6,2.7,1.1,2.6,2.0,5.7,23.4,130.0,115,,holmeri01
2021,Théo Maledon,PG,OKC,90,19,65,49,1778,6.0,16.4,0.368,2.8,8.4,0.335,3.2,8.0,0.402,0.454,2.7,3.6,0.748,0.7,5.0,5.6,6.1,1.5,0.3,3.8,3.4,17.6,94.0,116,,maledth01
2021,Kawhi Leonard,SF,LAC,91,29,52,52,1773,13.0,25.4,0.512,2.8,7.1,0.398,10.2,18.3,0.557,0.568,7.3,8.2,0.885,1.5,7.9,9.4,7.5,2.3,0.6,2.9,2.3,36.1,126.0,110,MVP-13ASNBA1DEF2,leonaka01
2021,Ricky Rubio,PG,MIN,92,30,68,51,1772,5.1,13.3,0.388,1.8,5.7,0.308,3.4,7.6,0.447,0.454,3.5,4.0,0.867,0.7,5.2,5.9,11.5,2.6,0.1,3.0,3.7,15.5,113.0,115,,rubiori01
2021,Donovan Mitchell,PG,UTA,93,24,53,53,1771,13.1,30.0,0.438,4.9,12.7,0.386,8.3,17.3,0.476,0.52,7.3,8.7,0.845,1.4,5.1,6.5,7.6,1.4,0.4,4.0,3.2,38.5,115.0,110,AS,mitchdo01
2021,Enes Freedom,C,POR,94,28,72,35,1758,9.4,15.6,0.604,0.0,0.1,0.25,9.4,15.5,0.607,0.605,3.5,4.6,0.774,7.9,14.2,22.1,2.3,0.9,1.3,2.2,4.7,22.4,133.0,113,6MOY-10,kanteen01
2021,Jonas Valančiūnas,C,MEM,95,28,62,61,1755,12.0,20.2,0.592,0.6,1.6,0.368,11.4,18.7,0.611,0.606,4.3,5.5,0.773,6.9,14.2,21.1,3.1,1.0,1.6,2.7,4.9,28.8,126.0,108,,valanjo01
2021,Delon Wright,PG,DET,96,28,63,39,1748,6.7,14.4,0.463,1.8,4.8,0.372,4.9,9.6,0.509,0.525,2.8,3.5,0.802,1.8,5.7,7.5,7.7,2.8,0.8,2.3,2.1,17.9,118.0,113,,wrighde01
2021,Lonzo Ball,PG,NOP,97,23,55,55,1747,8.0,19.2,0.414,4.7,12.5,0.378,3.2,6.7,0.482,0.537,1.4,1.8,0.781,0.9,6.3,7.2,8.7,2.3,0.9,3.4,2.8,22.0,110.0,113,,balllo01
2021,Tyrese Haliburton,PG,SAC,98,20,58,20,1746,8.0,17.0,0.472,3.3,8.1,0.409,4.7,8.9,0.529,0.569,1.3,1.5,0.857,1.1,3.7,4.8,8.5,2.1,0.8,2.5,2.3,20.7,118.0,118,ROY-3,halibty01
2021,Jimmy Butler,SF,MIA,99,31,52,52,1745,10.4,21.0,0.497,0.7,2.9,0.245,9.7,18.0,0.538,0.514,10.2,11.8,0.863,2.7,7.5,10.2,10.5,3.1,0.5,3.1,2.0,31.8,127.0,108,DPOY-10NBA3DEF2,butleji01
2021,Will Barton,SF,DEN,100,30,56,52,1736,7.4,17.3,0.426,2.8,7.3,0.381,4.6,10.0,0.459,0.507,2.7,3.4,0.785,1.1,5.3,6.4,5.2,1.4,0.7,2.7,2.7,20.2,107.0,114,,bartowi01
2021,Darius Bazley,PF,OKC,101,20,55,55,1714,7.6,19.1,0.396,2.3,7.9,0.29,5.3,11.2,0.47,0.456,3.5,4.9,0.702,1.4,9.6,11.0,2.7,0.8,0.7,3.4,1.7,20.9,93.0,114,,bazleda01
2021,Jamal Murray,PG,DEN,102,23,48,48,1704,11.0,23.0,0.477,3.7,9.2,0.408,7.2,13.8,0.523,0.559,3.9,4.4,0.869,1.1,4.6,5.6,6.7,1.9,0.4,3.1,2.8,29.5,116.0,114,,murraja01
2021,Jalen Brunson,PG,DAL,103,24,68,12,1697,9.5,18.2,0.523,2.4,5.8,0.405,7.2,12.4,0.578,0.588,3.5,4.4,0.795,0.8,5.9,6.7,6.9,1.0,0.0,2.3,3.2,24.9,123.0,116,6MOY-4,brunsja01
2021,Carmelo Anthony,PF,POR,104,36,69,3,1690,9.4,22.4,0.421,3.8,9.4,0.409,5.6,13.0,0.429,0.506,4.0,4.4,0.89,0.9,5.3,6.2,3.0,1.3,1.1,1.8,4.2,26.7,112.0,117,6MOY-7,anthoca01
2021,Karl-Anthony Towns,C,MIN,105,25,50,50,1689,11.9,24.5,0.486,3.4,8.8,0.387,8.5,15.7,0.541,0.555,7.5,8.7,0.859,3.7,11.1,14.8,6.3,1.1,1.6,4.5,5.2,34.6,117.0,113,,townska01
2021,Kelly Oubre Jr.,SF,GSW,106,25,55,50,1687,8.9,20.2,0.439,2.5,7.9,0.316,6.3,12.2,0.519,0.501,3.4,4.9,0.695,2.3,6.9,9.2,2.0,1.6,1.2,1.9,3.4,23.6,103.0,110,,oubreke01
2021,Patty Mills,PG,SAS,107,32,68,1,1685,7.3,17.6,0.412,4.6,12.4,0.375,2.6,5.2,0.5,0.544,2.0,2.2,0.91,0.5,2.8,3.3,4.7,1.2,0.1,1.9,2.3,21.2,111.0,117,,millspa02
2021,Devonte' Graham,PG,CHO,108,25,55,44,1659,7.4,19.7,0.377,5.3,14.0,0.375,2.1,5.7,0.38,0.51,3.9,4.7,0.842,0.6,3.7,4.4,8.7,1.4,0.2,2.5,2.3,24.0,115.0,116,,grahade01
2021,Thaddeus Young,PF,CHI,109,32,68,23,1652,10.9,19.4,0.559,0.4,1.3,0.267,10.5,18.1,0.58,0.568,2.1,3.3,0.628,4.9,7.5,12.4,8.5,2.2,1.2,4.0,4.5,24.2,116.0,110,6MOY-14,youngth01
2021,Kendrick Nunn,PG,MIA,110,25,56,44,1650,9.6,19.8,0.485,3.7,9.6,0.381,5.9,10.2,0.583,0.578,1.7,1.8,0.933,0.6,4.8,5.4,4.5,1.6,0.4,2.4,3.3,24.6,111.0,113,,nunnke01
2021,Jae Crowder,PF,PHO,111,30,60,42,1648,6.0,14.7,0.404,4.4,11.4,0.389,1.5,3.4,0.455,0.555,1.7,2.2,0.76,1.0,7.5,8.4,3.8,1.4,0.8,1.6,3.7,18.1,113.0,111,,crowdja01
2021,Seth Curry,SG,PHI,112,30,57,57,1638,7.6,16.3,0.467,3.7,8.2,0.45,3.9,8.0,0.485,0.582,2.0,2.3,0.896,0.3,3.7,4.0,4.6,1.3,0.2,1.9,2.8,20.9,118.0,112,,curryse01
2021,Tyler Herro,SG,MIA,113,21,54,15,1635,9.3,21.2,0.439,3.3,9.0,0.36,6.1,12.2,0.498,0.516,2.9,3.6,0.803,0.8,7.4,8.1,5.6,1.1,0.5,3.1,2.2,24.8,104.0,113,,herroty01
2021,Doug McDermott,PF,IND,114,29,66,29,1619,10.3,19.4,0.532,3.2,8.3,0.388,7.1,11.1,0.641,0.616,2.3,2.9,0.816,1.8,4.7,6.5,2.5,0.6,0.2,1.5,3.4,26.2,121.0,118,,mcderdo01
2021,Ivica Zubac,C,LAC,115,23,72,33,1609,7.9,12.1,0.652,0.0,0.1,0.25,7.9,12.0,0.656,0.654,4.2,5.3,0.789,5.8,10.2,16.0,2.8,0.7,1.9,2.5,5.8,20.0,135.0,110,,zubaciv01
2021,James Harden,PG,HOU,116,31,44,43,1609,10.2,21.9,0.466,3.6,10.0,0.362,6.6,12.0,0.553,0.548,8.3,9.6,0.861,1.0,9.4,10.4,14.2,1.6,1.0,5.3,3.0,32.4,122.0,112,MVP-13AS,hardeja01
2021,Steven Adams,C,NOP,117,27,58,58,1605,5.6,9.2,0.614,0.0,0.1,0.0,5.6,9.1,0.62,0.614,1.8,4.0,0.444,6.4,9.0,15.4,3.3,1.6,1.1,2.3,3.4,13.1,122.0,112,,adamsst01
2021,Kyle Lowry,PG,TOR,118,34,46,46,1601,7.9,18.0,0.436,4.0,10.0,0.396,3.9,8.0,0.487,0.546,4.2,4.8,0.875,1.1,6.4,7.5,10.2,1.4,0.4,3.8,4.3,23.9,117.0,115,,lowryky01
2021,Daniel Theis,C,BOS,119,28,65,51,1601,7.7,14.2,0.541,1.5,4.6,0.322,6.2,9.6,0.646,0.593,2.3,3.3,0.673,2.8,8.0,10.8,3.3,1.2,1.7,2.0,5.1,19.1,120.0,111,,theisda01
2021,CJ McCollum,SG,POR,120,29,47,47,1600,12.3,26.9,0.458,5.2,12.8,0.402,7.2,14.1,0.509,0.554,3.3,4.1,0.812,0.9,4.7,5.6,6.8,1.3,0.6,2.0,2.7,33.1,120.0,118,,mccolcj01
2021,Joel Embiid,C,PHI,121,26,51,51,1585,14.0,27.4,0.513,1.8,4.7,0.377,12.3,22.7,0.541,0.545,14.3,16.7,0.859,3.4,13.0,16.4,4.4,1.5,2.1,4.8,3.7,44.1,121.0,104,MVP-2DPOY-7ASNBA2DEF2,embiijo01
2021,Marcus Smart,PG,BOS,122,26,48,45,1581,6.3,15.8,0.398,2.9,8.7,0.33,3.4,7.0,0.482,0.489,4.0,5.0,0.79,1.1,4.0,5.2,8.4,2.2,0.7,3.0,3.9,19.4,114.0,113,,smartma01
2021,Montrezl Harrell,C,LAL,123,27,69,1,1580,11.5,18.6,0.622,0.0,0.3,0.0,11.5,18.3,0.632,0.622,5.6,7.9,0.707,4.9,8.3,13.2,2.2,1.4,1.5,2.3,3.9,28.7,127.0,106,6MOY-6,harremo01
2021,Pat Connaughton,SG,MIL,124,28,69,4,1575,5.0,11.5,0.434,3.0,8.1,0.371,2.0,3.4,0.583,0.565,0.9,1.2,0.775,1.9,8.0,9.9,2.4,1.5,0.7,1.0,3.0,14.0,121.0,112,,connapa01
2021,Josh Jackson,SG,DET,125,23,62,25,1560,9.3,22.2,0.419,2.4,8.1,0.3,6.9,14.2,0.487,0.473,5.0,6.9,0.729,1.8,6.2,8.0,4.5,1.7,1.5,4.5,5.6,26.0,97.0,112,,jacksjo02
2021,Nerlens Noel,C,NYK,126,26,64,41,1547,4.4,7.2,0.614,0.0,0.1,0.0,4.4,7.1,0.623,0.614,1.6,2.3,0.714,4.6,8.6,13.2,1.5,2.3,4.6,2.1,5.7,10.5,121.0,101,,noelne01
2021,Reggie Jackson,SG,LAC,127,30,67,43,1544,8.4,18.8,0.45,3.9,9.0,0.433,4.5,9.7,0.465,0.554,2.1,2.6,0.817,0.8,5.4,6.2,6.6,1.3,0.2,2.4,4.1,22.9,116.0,113,,jacksre01
2021,Luguentz Dort,SG,OKC,128,21,52,52,1543,7.6,19.7,0.387,3.5,10.1,0.343,4.1,9.6,0.432,0.475,3.8,5.1,0.744,1.2,4.7,5.8,2.7,1.4,0.6,2.4,4.1,22.5,100.0,116,,dortlu01
2021,Khem Birch,C,ORL,129,28,67,22,1529,6.0,12.1,0.497,0.4,1.7,0.25,5.6,10.4,0.537,0.514,2.9,4.1,0.705,5.5,6.8,12.3,2.8,1.5,1.6,1.4,3.6,15.3,121.0,113,,birchkh01
2021,Garrett Temple,SG,CHI,130,34,56,25,1528,5.0,12.1,0.415,2.1,6.3,0.335,2.9,5.7,0.503,0.503,1.3,1.6,0.8,0.9,4.2,5.1,3.9,1.4,1.0,1.8,4.0,13.4,105.0,113,,templga01
2021,Lonnie Walker IV,SG,SAS,131,22,60,38,1522,8.2,19.4,0.42,3.2,9.0,0.355,5.0,10.4,0.477,0.502,1.8,2.2,0.814,0.4,4.5,4.9,3.2,0.9,0.5,2.1,3.2,21.3,100.0,116,,walkelo01
2021,Desmond Bane,SG,MEM,132,22,68,17,1519,7.4,15.7,0.469,3.7,8.5,0.432,3.7,7.2,0.513,0.586,1.3,1.5,0.816,1.0,5.6,6.6,3.7,1.3,0.5,1.9,3.9,19.7,115.0,114,,banede01
2021,Solomon Hill,PF,ATL,133,29,71,16,1513,3.5,9.7,0.359,2.2,6.9,0.321,1.3,2.8,0.453,0.473,1.1,1.5,0.761,1.4,5.6,7.0,2.4,1.6,0.4,1.4,3.8,10.3,104.0,115,,hillso01
2021,Jaden McDaniels,PF,MIN,134,20,63,27,1511,5.1,11.5,0.447,2.3,6.2,0.364,2.9,5.3,0.544,0.545,0.8,1.4,0.6,1.6,5.6,7.3,2.2,1.1,1.9,1.5,5.4,13.3,108.0,116,,mcdanja02
2021,Cedi Osman,SF,CLE,135,25,59,26,1510,7.2,19.1,0.374,3.2,10.6,0.306,3.9,8.6,0.458,0.458,2.5,3.1,0.8,1.2,5.3,6.6,5.7,1.7,0.3,2.6,3.9,20.0,100.0,116,,osmande01
2021,LeBron James,PG,LAL,136,36,45,45,1504,13.7,26.6,0.513,3.4,9.2,0.365,10.3,17.4,0.591,0.576,5.8,8.2,0.698,0.9,10.3,11.2,11.3,1.6,0.8,5.4,2.3,36.4,114.0,106,MVP-13ASNBA2,jamesle01
2021,Marcus Morris,PF,LAC,137,31,57,29,1502,9.1,19.3,0.473,4.6,9.8,0.473,4.5,9.5,0.472,0.592,2.4,2.9,0.82,1.2,6.6,7.7,1.9,1.1,0.5,1.9,3.9,25.2,117.0,113,,morrima03
2021,Mason Plumlee,C,DET,138,30,56,56,1499,7.7,12.5,0.614,0.0,0.2,0.0,7.7,12.2,0.626,0.614,3.7,5.5,0.669,4.7,12.2,17.0,6.6,1.4,1.6,3.4,6.1,19.0,122.0,109,,plumlma01
2021,Mike Conley,PG,UTA,139,33,51,51,1498,9.2,20.8,0.444,4.5,10.9,0.412,4.7,9.9,0.479,0.552,3.9,4.6,0.852,1.2,4.6,5.8,9.9,2.3,0.3,3.2,3.2,26.9,123.0,109,AS,conlemi01
2021,Gordon Hayward,SF,CHO,140,30,44,44,1496,10.2,21.5,0.473,2.8,6.7,0.415,7.4,14.8,0.499,0.537,5.1,6.0,0.843,1.2,7.2,8.4,5.9,1.7,0.5,3.0,2.4,28.2,114.0,113,,haywago01
2021,Caris LeVert,SG,BRK,141,26,47,39,1486,11.5,26.0,0.441,2.7,8.2,0.326,8.8,17.8,0.495,0.493,4.7,5.8,0.811,1.1,5.8,6.8,7.8,2.1,1.0,3.3,3.4,30.3,107.0,113,,leverca01
2021,Elfrid Payton,PG,NYK,142,26,63,63,1484,9.1,21.0,0.432,0.9,3.3,0.286,8.1,17.7,0.46,0.455,2.5,3.6,0.682,2.2,5.1,7.3,6.8,1.6,0.3,3.5,3.9,21.5,99.0,110,,paytoel01
2021,LaMelo Ball,PG,CHO,143,19,51,31,1469,9.7,22.3,0.436,3.1,8.7,0.352,6.7,13.7,0.489,0.504,4.2,5.5,0.758,2.1,7.9,10.0,10.4,2.7,0.6,4.8,4.5,26.7,108.0,110,ROY-1,ballla01
2021,Dāvis Bertāns,PF,WAS,144,28,57,7,1464,6.1,15.1,0.404,5.3,13.5,0.395,0.8,1.6,0.48,0.581,3.1,3.6,0.87,0.6,4.7,5.3,1.5,1.0,0.4,1.0,4.3,20.6,120.0,116,,bertada01
2021,Shake Milton,SG,PHI,145,24,63,4,1461,9.9,22.0,0.45,2.3,6.7,0.35,7.6,15.3,0.494,0.503,4.8,5.8,0.83,1.1,3.8,4.9,6.4,1.3,0.6,3.4,4.3,27.0,109.0,112,6MOY-12,miltosh01
2021,Isaiah Stewart,C,DET,146,19,68,14,1455,7.6,13.8,0.553,0.7,2.1,0.333,6.9,11.7,0.592,0.578,2.2,3.1,0.696,5.4,9.9,15.3,2.0,1.3,2.9,2.3,6.2,18.1,118.0,109,,stewais01
2021,Myles Turner,C,IND,147,24,47,47,1455,6.7,14.0,0.477,2.2,6.7,0.335,4.5,7.3,0.606,0.557,3.6,4.6,0.782,2.0,7.9,9.9,1.6,1.3,5.2,2.2,5.4,19.2,112.0,108,DPOY-9,turnemy01
2021,Chris Boucher,C,TOR,148,28,60,14,1453,9.6,18.7,0.514,3.0,7.8,0.383,6.6,10.8,0.609,0.595,5.1,6.4,0.788,3.9,9.6,13.5,2.1,1.2,3.7,1.5,5.5,27.2,127.0,109,6MOY-8,bouchch01
2021,Bruce Brown,PG,BRK,149,24,65,37,1451,7.8,14.1,0.556,0.6,2.0,0.288,7.2,12.1,0.599,0.576,2.9,3.9,0.735,3.7,7.9,11.6,3.5,1.9,0.9,1.8,4.8,19.0,124.0,112,,brownbr01
2021,Cory Joseph,PG,SAC,150,29,63,13,1446,6.7,14.2,0.469,1.5,4.4,0.341,5.2,9.8,0.527,0.522,2.4,2.9,0.818,1.2,4.1,5.3,7.1,2.0,0.6,2.6,4.6,17.3,112.0,116,,josepco01
2021,Cameron Johnson,PF,PHO,151,24,60,11,1437,7.0,16.6,0.42,4.0,11.5,0.349,3.0,5.1,0.581,0.541,1.7,2.0,0.847,1.1,5.7,6.8,3.0,1.3,0.5,1.4,2.9,19.7,112.0,113,,johnsca02
2021,OG Anunoby,SF,TOR,152,23,43,43,1433,8.4,17.5,0.48,3.5,8.8,0.398,4.9,8.7,0.562,0.58,2.7,3.4,0.784,1.8,6.2,8.0,3.2,2.2,1.1,2.5,3.9,23.0,113.0,112,,anunoog01
2021,Kenrich Williams,PF,OKC,153,26,66,13,1426,7.3,13.7,0.533,1.7,3.9,0.444,5.6,9.8,0.568,0.596,1.2,2.1,0.571,2.8,6.3,9.1,5.1,1.8,0.6,2.5,4.8,17.5,116.0,114,,willike04
2021,Facundo Campazzo,PG,DEN,154,29,65,19,1425,4.2,10.9,0.381,2.6,7.5,0.352,1.5,3.4,0.444,0.502,2.8,3.2,0.879,0.8,3.9,4.6,8.0,2.7,0.5,2.5,4.6,13.7,117.0,112,6MOY-15,campafa01
2021,Isaiah Roby,PF,OKC,155,22,61,34,1425,6.9,14.3,0.483,1.1,3.6,0.294,5.8,10.7,0.547,0.52,2.9,3.9,0.744,3.0,8.4,11.4,3.6,1.7,1.2,3.8,5.4,17.8,102.0,112,,robyis01
2021,Lou Williams,PG,LAC,156,34,66,4,1423,9.2,22.4,0.41,2.4,6.0,0.399,6.8,16.4,0.414,0.464,5.2,6.0,0.867,0.7,4.1,4.8,7.8,1.6,0.2,3.7,2.2,26.0,106.0,114,,willilo02
2021,Brandon Clarke,PF,MEM,157,24,59,16,1415,8.7,16.7,0.517,0.7,2.6,0.26,8.0,14.1,0.565,0.537,2.6,3.8,0.69,3.3,7.8,11.1,3.2,2.0,1.7,1.1,2.8,20.6,119.0,109,,clarkbr01
2021,Raul Neto,PG,WAS,158,28,64,22,1403,6.9,14.7,0.468,2.1,5.4,0.39,4.8,9.3,0.512,0.539,2.5,2.8,0.882,0.9,4.2,5.1,4.8,2.4,0.2,1.7,3.6,18.3,115.0,113,,netora01
2021,Landry Shamet,SG,BRK,159,23,61,12,1403,6.4,15.7,0.408,4.4,11.4,0.387,2.0,4.2,0.463,0.549,2.3,2.7,0.846,0.4,3.5,3.9,3.4,1.1,0.3,1.7,3.2,19.5,113.0,118,,shamela01
2021,Aaron Gordon,PF,ORL,160,25,50,50,1384,8.2,17.7,0.463,2.1,6.2,0.335,6.1,11.4,0.533,0.522,3.4,5.3,0.651,2.7,7.3,10.1,5.7,1.2,1.2,3.4,3.2,21.9,107.0,114,,gordoaa01
2021,Wendell Carter Jr.,C,CHI,161,21,54,44,1375,8.1,16.1,0.503,0.5,1.8,0.294,7.6,14.3,0.53,0.52,4.6,6.3,0.732,4.7,11.0,15.6,3.7,1.2,1.5,2.8,5.2,21.4,114.0,111,,cartewe01
2021,Bobby Portis,C,MIL,162,25,66,7,1372,10.7,20.5,0.523,2.5,5.4,0.471,8.2,15.1,0.542,0.585,1.8,2.5,0.74,4.2,11.7,16.0,2.4,1.8,0.9,1.9,3.9,25.8,121.0,109,6MOY-9,portibo01
2021,Kemba Walker,PG,BOS,163,30,43,43,1369,10.1,24.1,0.42,4.5,12.6,0.36,5.6,11.5,0.486,0.514,4.8,5.3,0.899,0.6,5.5,6.1,7.6,1.7,0.4,3.1,2.2,29.6,114.0,114,,walkeke02
2021,Rudy Gay,PF,SAS,164,34,63,1,1358,9.4,22.4,0.42,3.8,9.9,0.381,5.6,12.5,0.451,0.505,2.9,3.6,0.804,1.5,9.3,10.8,3.1,1.6,1.4,2.3,4.1,25.6,103.0,111,,gayru01
2021,P.J. Tucker,PF,HOU,165,35,52,33,1356,2.3,6.2,0.373,1.4,4.1,0.336,0.9,2.0,0.448,0.486,0.7,1.0,0.75,1.8,5.3,7.1,2.1,1.4,0.7,1.4,4.4,6.7,104.0,116,,tuckepj01
2021,Robin Lopez,C,WAS,166,32,71,9,1354,9.2,14.5,0.633,0.2,0.6,0.278,9.0,13.9,0.649,0.639,3.4,4.7,0.723,4.8,4.5,9.3,1.9,0.5,1.5,2.6,3.7,21.9,124.0,116,,lopezro01
2021,Bryn Forbes,SG,MIL,167,27,70,10,1354,8.7,18.3,0.473,5.3,11.8,0.452,3.3,6.5,0.511,0.618,1.6,2.1,0.77,0.4,3.5,3.9,1.6,0.8,0.0,1.5,2.7,24.3,119.0,117,,forbebr01
2021,Bismack Biyombo,C,CHO,168,28,66,36,1349,5.1,8.8,0.587,0.0,0.0,0.0,5.1,8.7,0.589,0.587,1.7,3.8,0.448,5.0,7.6,12.6,2.9,0.6,2.7,2.6,5.1,12.0,113.0,113,,biyombi01
2021,Josh Hart,SF,NOP,169,25,47,4,1349,5.4,12.2,0.439,2.2,6.9,0.326,3.1,5.4,0.583,0.531,2.5,3.2,0.775,1.9,11.5,13.4,3.9,1.4,0.4,1.7,3.9,15.4,117.0,113,,hartjo01
2021,Naz Reid,C,MIN,170,21,70,15,1347,10.7,20.4,0.523,2.1,6.1,0.351,8.5,14.3,0.597,0.576,4.0,5.8,0.693,2.9,8.4,11.3,2.5,1.2,2.7,2.4,6.3,27.5,115.0,113,,reidna01
2021,Terrence Ross,SG,ORL,171,29,46,2,1347,9.2,22.3,0.412,3.2,9.5,0.337,6.0,12.7,0.469,0.485,4.3,5.0,0.87,0.5,5.2,5.7,3.9,1.7,0.8,2.7,3.2,25.9,103.0,115,,rosste01
2021,Maxi Kleber,PF,DAL,172,29,50,40,1341,4.3,10.1,0.422,3.2,7.8,0.41,1.1,2.3,0.46,0.58,1.3,1.4,0.919,1.7,7.8,9.6,2.5,0.9,1.3,1.1,3.9,13.0,123.0,113,,klebima01
2021,Andre Iguodala,SF,MIA,173,37,63,5,1339,3.5,9.2,0.383,2.2,6.8,0.33,1.3,2.4,0.53,0.504,0.9,1.4,0.658,1.4,6.8,8.2,5.3,2.1,1.3,2.5,3.3,10.2,103.0,110,,iguodan01
2021,Goran Dragić,PG,MIA,174,34,50,11,1337,8.9,20.6,0.432,3.4,9.1,0.373,5.5,11.6,0.479,0.514,3.8,4.5,0.828,0.9,5.4,6.3,8.1,1.2,0.3,4.4,4.2,25.0,104.0,114,,dragigo01
2021,Kent Bazemore,SF,GSW,175,31,67,18,1333,6.2,13.8,0.449,2.6,6.5,0.408,3.6,7.3,0.486,0.545,1.9,2.7,0.692,0.9,7.2,8.1,3.8,2.4,1.2,2.9,5.6,16.9,101.0,108,,bazemke01
2021,Kristaps Porziņģis,C,DAL,176,25,43,43,1327,12.1,25.4,0.476,3.6,9.6,0.376,8.5,15.8,0.536,0.547,4.4,5.1,0.855,3.0,11.1,14.2,2.5,0.7,2.2,1.9,4.3,32.1,117.0,110,,porzikr01
2021,Christian Wood,C,HOU,177,25,41,41,1326,11.7,22.8,0.514,2.7,7.4,0.374,9.0,15.5,0.581,0.574,4.5,7.1,0.631,2.7,11.4,14.1,2.5,1.2,1.7,2.9,3.1,30.7,111.0,112,,woodch01
2021,Svi Mykhailiuk,SF,DET,178,23,66,14,1324,7.6,18.4,0.411,3.8,11.4,0.334,3.8,7.0,0.536,0.515,1.4,1.8,0.76,0.9,5.1,5.9,4.0,1.9,0.4,3.2,2.3,20.4,98.0,114,,mykhasv01
2021,Derrick Jones Jr.,SF,POR,179,23,58,43,1318,5.4,11.3,0.484,1.6,5.0,0.316,3.8,6.2,0.619,0.554,2.2,3.4,0.648,2.8,4.7,7.6,1.7,1.4,2.0,1.2,4.7,14.7,121.0,116,,jonesde02
2021,Lauri Markkanen,PF,CHI,180,23,51,26,1317,9.2,19.2,0.48,4.4,10.9,0.402,4.8,8.3,0.582,0.594,2.8,3.4,0.826,1.3,8.6,9.9,1.7,1.0,0.6,1.9,2.8,25.6,115.0,113,,markkla01
2021,Tomáš Satoranský,SG,CHI,181,29,58,18,1307,6.3,12.2,0.514,1.6,4.4,0.356,4.7,7.8,0.602,0.578,2.5,2.9,0.848,1.1,4.2,5.3,10.1,1.5,0.5,3.6,3.3,16.6,118.0,114,,satorto01
2021,Bogdan Bogdanović,SG,ATL,182,28,44,27,1305,10.1,21.3,0.473,5.5,12.6,0.438,4.6,8.7,0.522,0.602,1.5,1.7,0.909,0.8,5.3,6.0,5.5,1.8,0.5,2.0,3.7,27.1,122.0,114,,bogdabo01
2021,Talen Horton-Tucker,SG,LAL,183,20,65,4,1304,8.4,18.2,0.458,1.4,4.9,0.282,7.0,13.4,0.522,0.496,3.7,4.8,0.775,0.9,5.4,6.3,6.8,2.4,0.8,3.9,4.7,21.8,103.0,107,,hortota01
2021,Matisse Thybulle,SG,PHI,184,23,65,8,1298,3.8,9.0,0.42,1.6,5.3,0.301,2.2,3.7,0.59,0.508,0.3,0.7,0.444,1.1,3.5,4.6,2.3,3.9,2.6,1.2,4.7,9.5,104.0,103,DPOY-11DEF2,thybuma01
2021,John Wall,PG,HOU,185,30,40,40,1288,10.8,26.7,0.404,2.9,9.1,0.317,7.9,17.5,0.449,0.458,5.8,7.8,0.749,0.6,4.1,4.7,10.1,1.5,1.1,5.2,1.7,30.2,99.0,116,,walljo01
2021,Tristan Thompson,C,BOS,186,29,54,43,1287,6.4,12.4,0.518,0.0,0.1,0.0,6.4,12.3,0.523,0.518,2.7,4.6,0.592,6.4,10.2,16.7,2.5,0.9,1.3,2.4,4.5,15.5,116.0,112,,thomptr01
2021,Derrick Rose,PG,DET,187,32,50,3,1279,11.2,23.8,0.47,1.9,5.0,0.388,9.2,18.8,0.492,0.511,4.3,4.9,0.866,0.8,4.3,5.1,8.1,1.9,0.7,3.0,2.2,28.6,112.0,111,MVP-96MOY-3,rosede01
2021,Cole Anthony,PG,ORL,188,20,47,34,1273,8.4,21.1,0.397,2.2,6.6,0.337,6.2,14.5,0.424,0.449,4.2,5.0,0.832,1.5,7.0,8.4,7.3,1.1,0.7,4.1,3.7,23.1,98.0,116,,anthoco01
2021,Payton Pritchard,SG,BOS,189,23,66,4,1268,7.1,16.1,0.44,3.9,9.6,0.411,3.2,6.5,0.482,0.562,1.5,1.7,0.889,1.3,4.8,6.1,4.6,1.4,0.3,2.0,4.0,19.6,117.0,115,,pritcpa01
2021,Terance Mann,SG,LAC,190,24,67,10,1263,7.0,13.7,0.509,1.5,3.6,0.418,5.5,10.2,0.541,0.563,3.1,3.7,0.83,2.2,7.3,9.5,4.1,1.1,0.5,1.6,4.9,18.5,125.0,112,,mannte01
2021,Grayson Allen,SG,MEM,191,25,50,38,1259,6.6,15.7,0.418,4.1,10.4,0.391,2.5,5.3,0.471,0.547,3.0,3.5,0.868,0.7,5.4,6.1,4.1,1.7,0.3,1.8,2.7,20.2,116.0,113,,allengr01
2021,Evan Fournier,SF,ORL,192,28,42,36,1259,9.6,20.9,0.457,4.5,11.0,0.413,5.0,10.0,0.504,0.565,4.2,5.3,0.788,0.4,4.6,5.0,5.6,1.8,0.7,2.8,3.7,27.8,115.0,115,,fournev01
2021,Deni Avdija,SF,WAS,193,20,54,32,1257,4.8,11.4,0.417,1.9,6.2,0.315,2.8,5.3,0.535,0.502,1.1,1.7,0.644,0.8,8.8,9.6,2.3,1.2,0.6,1.2,5.1,12.5,103.0,113,,avdijde01
2021,Alec Burks,SG,NYK,194,29,49,5,1255,8.4,19.9,0.42,4.1,9.8,0.415,4.3,10.1,0.425,0.522,4.0,4.7,0.856,0.8,8.2,9.0,4.3,1.2,0.6,2.0,4.1,24.8,114.0,109,,burksal01
2021,DeAndre Jordan,C,BRK,195,32,57,43,1246,7.4,9.6,0.763,0.0,0.0,0.0,7.4,9.6,0.766,0.763,1.8,3.6,0.5,4.5,12.0,16.5,3.6,0.7,2.5,3.3,4.5,16.5,127.0,111,,jordade01
2021,Immanuel Quickley,PG,NYK,196,21,64,3,1243,9.2,23.3,0.395,4.7,12.2,0.389,4.5,11.1,0.401,0.497,6.2,7.0,0.891,1.0,4.5,5.5,5.1,1.2,0.5,2.3,4.6,29.4,113.0,111,,quickim01
2021,Andre Drummond,C,CLE,197,27,46,46,1242,11.1,22.6,0.493,0.0,0.3,0.0,11.1,22.3,0.5,0.493,4.9,8.1,0.6,6.6,15.2,21.8,3.7,2.5,1.9,4.9,5.9,27.1,101.0,104,,drumman01
2021,Luke Kennard,SG,LAC,198,24,63,17,1232,7.9,16.6,0.476,4.0,9.0,0.446,3.9,7.6,0.511,0.597,1.0,1.2,0.839,0.6,5.9,6.5,4.2,0.9,0.4,1.9,3.7,20.9,117.0,114,,kennalu01
2021,Sterling Brown,SG,HOU,199,25,51,14,1229,5.8,12.9,0.448,3.5,8.3,0.423,2.3,4.6,0.492,0.584,1.0,1.2,0.806,1.5,7.2,8.6,2.8,1.5,0.5,1.6,3.7,16.0,114.0,116,,brownst02
2021,Hamidou Diallo,SG,OKC,200,22,52,9,1226,8.8,18.4,0.477,1.1,3.2,0.341,7.7,15.2,0.505,0.506,5.0,7.8,0.64,2.3,8.4,10.7,4.0,1.6,0.9,3.0,5.3,23.7,106.0,112,,diallha01
2021,Tyus Jones,PG,MEM,201,24,70,9,1222,7.0,16.2,0.431,1.8,5.5,0.321,5.2,10.7,0.487,0.485,1.6,1.8,0.911,0.8,4.7,5.5,10.1,2.5,0.2,1.9,1.2,17.3,115.0,112,,jonesty01
2021,Danilo Gallinari,PF,ATL,202,32,51,4,1222,8.3,19.1,0.434,4.1,10.2,0.406,4.1,8.9,0.466,0.542,6.5,7.0,0.925,0.7,7.8,8.5,3.1,1.2,0.4,1.7,4.2,27.2,123.0,114,,gallida01
2021,Alex Caruso,PG,LAL,203,26,58,6,1216,5.3,12.2,0.436,2.2,5.5,0.401,3.1,6.7,0.464,0.526,2.0,3.0,0.645,1.2,5.6,6.8,6.4,2.6,0.6,3.0,4.3,14.8,106.0,106,,carusal01
2021,Malik Beasley,SG,MIN,204,24,37,36,1214,10.3,23.3,0.44,5.0,12.5,0.399,5.3,10.9,0.487,0.547,2.6,3.1,0.85,1.1,5.2,6.3,3.4,1.2,0.3,2.3,2.4,28.2,109.0,118,,beaslma01
2021,Dean Wade,PF,CLE,205,24,63,19,1212,5.5,12.7,0.431,3.2,8.7,0.366,2.3,4.0,0.571,0.556,1.2,1.6,0.769,1.5,7.2,8.7,3.0,1.4,0.9,1.2,3.2,15.3,116.0,115,,wadede01
2021,Markieff Morris,PF,LAL,206,31,61,27,1200,6.2,15.3,0.405,2.6,8.5,0.311,3.6,6.9,0.521,0.491,1.5,2.0,0.72,1.9,8.8,10.8,3.0,0.9,0.8,2.2,4.3,16.5,101.0,108,,morrima02
2021,Josh Okogie,SG,MIN,207,22,59,37,1197,4.0,10.0,0.402,1.1,4.3,0.269,2.9,5.8,0.5,0.459,3.3,4.3,0.769,2.5,3.7,6.2,2.5,2.1,1.1,1.7,4.9,12.5,109.0,116,,okogijo01
2021,Dwight Howard,C,PHI,208,35,69,6,1196,7.2,12.2,0.587,0.2,0.8,0.25,7.0,11.4,0.611,0.596,4.9,8.5,0.576,7.7,15.7,23.4,2.5,1.2,2.5,4.5,8.1,19.4,113.0,102,,howardw01
2021,Monte Morris,PG,DEN,209,25,47,13,1196,7.7,16.0,0.481,2.1,5.5,0.381,5.6,10.5,0.534,0.547,2.4,3.0,0.795,0.5,3.5,4.0,6.2,1.4,0.5,1.4,2.0,19.9,121.0,115,,morrimo01
2021,D'Angelo Russell,PG,MIN,210,24,42,26,1196,11.1,25.7,0.431,4.7,12.2,0.387,6.4,13.5,0.471,0.523,4.5,5.9,0.765,0.6,3.8,4.4,9.6,1.8,0.7,4.4,2.7,31.4,108.0,117,,russeda01
2021,Blake Griffin,PF,DET,211,31,46,30,1186,7.1,16.9,0.423,2.9,8.4,0.341,4.3,8.5,0.505,0.509,3.6,4.8,0.744,1.4,7.8,9.2,5.7,1.3,0.6,2.5,4.6,20.7,110.0,114,,griffbl01
2021,Shai Gilgeous-Alexander,SG,OKC,212,22,35,35,1180,11.6,22.8,0.508,2.9,6.8,0.418,8.7,15.9,0.547,0.571,7.5,9.2,0.808,0.8,5.9,6.7,8.3,1.1,0.9,4.3,2.8,33.4,118.0,115,,gilgesh01
2021,Aaron Holiday,PG,IND,213,24,66,8,1176,6.8,17.5,0.39,2.7,7.3,0.368,4.1,10.2,0.406,0.467,2.7,3.3,0.819,0.6,3.0,3.6,4.9,1.8,0.5,2.7,3.8,19.1,99.0,115,,holidaa01
2021,Paul Millsap,PF,DEN,214,35,56,36,1162,8.1,17.1,0.476,2.1,6.1,0.343,6.0,11.0,0.55,0.537,3.0,4.2,0.724,3.2,7.9,11.1,4.2,2.2,1.5,2.2,4.7,21.4,117.0,110,,millspa01
2021,Anthony Davis,PF,LAL,215,27,36,36,1162,12.6,25.7,0.491,1.1,4.2,0.26,11.5,21.5,0.536,0.512,6.6,9.0,0.738,2.6,9.4,12.0,4.6,1.9,2.5,3.1,2.5,32.9,110.0,104,AS,davisan02
2021,Kevon Looney,C,GSW,216,24,61,34,1161,4.4,8.0,0.548,0.2,0.7,0.235,4.2,7.3,0.578,0.558,1.3,1.9,0.646,4.7,8.3,13.0,4.8,0.8,0.9,1.5,5.5,10.2,130.0,111,,looneke01
2021,Kevin Durant,PF,BRK,217,32,35,32,1157,13.5,25.1,0.537,3.5,7.9,0.45,10.0,17.3,0.577,0.608,8.8,9.9,0.882,0.5,9.8,10.3,8.1,1.0,1.9,5.0,2.9,39.3,122.0,112,AS,duranke01
2021,Georges Niang,PF,UTA,218,27,72,10,1154,7.5,17.1,0.437,5.2,12.3,0.425,2.2,4.8,0.469,0.59,0.9,1.0,0.957,1.2,6.2,7.4,2.5,1.1,0.3,2.2,4.9,21.1,114.0,111,,niangge01
2021,Jarred Vanderbilt,PF,MIN,219,21,64,30,1139,5.9,9.8,0.606,0.0,0.2,0.2,5.9,9.6,0.615,0.608,2.4,4.2,0.559,4.9,10.4,15.3,3.2,2.7,1.9,2.2,5.1,14.3,122.0,110,,vandeja01
2021,Grant Williams,PF,BOS,220,22,63,9,1138,4.6,10.6,0.437,2.1,5.5,0.372,2.6,5.1,0.508,0.534,1.3,2.2,0.588,2.1,5.6,7.6,2.7,1.4,1.0,2.4,6.9,12.6,105.0,114,,willigr01
2021,Chuma Okeke,PF,ORL,221,22,45,19,1133,5.8,13.9,0.417,2.1,6.1,0.348,3.7,7.9,0.47,0.492,1.3,1.7,0.75,1.8,6.0,7.8,4.3,2.1,0.9,1.6,2.1,15.0,107.0,114,,okekech01
2021,Wesley Matthews,SG,LAL,222,34,58,10,1130,3.8,10.8,0.353,2.8,8.5,0.335,1.0,2.4,0.418,0.484,1.5,1.8,0.854,0.9,3.1,4.0,2.3,1.6,0.7,1.1,3.4,12.0,106.0,110,,matthwe02
2021,D.J. Augustin,PG,MIL,223,33,57,12,1129,5.6,14.3,0.394,3.5,9.1,0.382,2.2,5.3,0.413,0.515,3.5,3.9,0.904,0.8,3.1,3.9,7.8,1.2,0.0,2.7,2.3,18.3,117.0,117,,augusdj01
2021,JaMychal Green,PF,DEN,224,30,58,5,1120,7.6,16.5,0.463,3.5,8.7,0.399,4.1,7.8,0.534,0.568,2.0,2.5,0.807,3.8,8.5,12.2,2.3,1.1,1.0,2.3,6.4,20.8,116.0,112,,greenja01
2021,Marvin Bagley III,PF,SAC,225,21,43,42,1112,10.7,21.2,0.504,1.6,4.7,0.343,9.1,16.5,0.55,0.542,3.3,5.8,0.575,4.6,9.2,13.7,1.9,0.9,0.9,2.5,4.3,26.2,109.0,117,,baglema01
2021,Juan Toscano-Anderson,SG,GSW,226,27,53,16,1107,5.1,8.9,0.579,1.6,3.9,0.402,3.6,5.0,0.718,0.667,0.9,1.3,0.71,1.2,8.7,10.0,6.4,1.7,1.1,2.6,4.7,12.8,121.0,109,,toscaju01
2021,Anfernee Simons,SG,POR,227,21,64,0,1104,7.4,17.7,0.419,5.3,12.5,0.426,2.1,5.3,0.403,0.569,2.0,2.5,0.807,0.6,5.6,6.2,3.9,0.8,0.4,1.9,4.2,22.2,117.0,119,,simonan01
2021,Larry Nance Jr.,PF,CLE,228,28,35,27,1091,5.8,12.3,0.471,1.9,5.2,0.36,3.9,7.1,0.551,0.546,1.4,2.2,0.612,2.4,8.2,10.6,4.8,2.8,0.8,2.5,3.3,14.8,109.0,111,,nancela02
2021,Aleksej Pokusevski,PF,OKC,229,19,45,28,1090,6.1,17.8,0.341,2.5,9.0,0.28,3.5,8.8,0.403,0.412,1.4,1.8,0.738,1.3,7.9,9.2,4.2,0.9,1.8,4.3,2.5,16.0,81.0,114,,pokusal01
2021,PJ Dozier,SG,DEN,230,24,50,6,1088,6.7,16.1,0.417,2.1,6.8,0.315,4.6,9.4,0.49,0.483,1.9,3.0,0.636,1.6,6.7,8.3,4.2,1.4,1.0,2.1,3.9,17.5,104.0,113,,doziepj01
2021,Xavier Tillman Sr.,PF,MEM,231,22,59,12,1085,7.4,13.2,0.559,1.0,2.9,0.338,6.4,10.3,0.62,0.595,1.5,2.3,0.642,3.3,8.0,11.3,3.3,1.9,1.5,2.0,5.1,17.2,119.0,110,,tillmxa01
2021,Victor Oladipo,SG,IND,232,28,33,33,1080,10.3,25.4,0.408,3.4,10.5,0.326,6.9,14.8,0.466,0.476,4.6,6.1,0.754,0.5,6.5,7.0,6.6,2.0,0.6,3.7,3.6,28.7,100.0,114,,oladivi01
2021,Gary Harris,SG,DEN,233,26,39,38,1080,6.3,15.7,0.4,2.2,6.4,0.34,4.1,9.3,0.441,0.47,2.9,3.5,0.821,1.0,2.6,3.6,3.5,1.3,0.5,1.7,3.2,17.6,105.0,117,,harriga01
2021,Cameron Payne,PG,PHO,234,26,60,1,1079,8.7,18.1,0.484,3.3,7.6,0.44,5.4,10.5,0.515,0.576,2.3,2.6,0.893,0.7,5.9,6.6,9.9,1.6,0.7,2.7,4.4,23.1,122.0,112,,payneca01
2021,Damion Lee,SG,GSW,235,28,57,1,1079,5.6,11.9,0.467,3.4,8.4,0.397,2.2,3.5,0.638,0.608,1.7,1.9,0.909,1.0,6.9,7.8,3.2,1.7,0.3,1.3,3.9,16.2,121.0,111,,leeda03
2021,Terence Davis,SG,TOR,236,23,61,4,1074,8.7,20.5,0.428,4.4,12.0,0.367,4.4,8.5,0.513,0.535,2.0,2.5,0.818,0.9,6.0,6.9,3.7,2.0,0.6,2.8,4.4,23.9,104.0,115,,daviste02
2021,KJ Martin,SF,HOU,237,20,45,8,1068,7.2,14.1,0.509,1.6,4.3,0.365,5.6,9.8,0.572,0.564,2.7,3.7,0.714,3.2,7.5,10.7,2.1,1.3,1.8,1.7,3.9,18.6,117.0,114,,martike04
2021,Derrick White,SG,SAS,238,26,36,32,1064,8.5,20.7,0.411,3.8,11.1,0.346,4.7,9.6,0.486,0.503,4.4,5.2,0.851,0.6,4.3,4.9,5.8,1.2,1.6,2.1,4.2,25.2,111.0,114,,whitede01
2021,Furkan Korkmaz,SG,PHI,239,23,55,11,1062,7.7,19.3,0.401,4.6,12.2,0.375,3.1,7.0,0.445,0.52,2.7,3.7,0.732,0.8,4.4,5.1,3.7,2.2,0.4,2.1,2.9,22.8,108.0,109,,korkmfu01
2021,Devin Vassell,SF,SAS,240,20,62,7,1056,5.7,13.9,0.406,2.4,6.9,0.347,3.3,7.0,0.464,0.492,2.0,2.3,0.843,1.1,6.9,8.0,2.6,2.0,0.8,1.0,4.0,15.7,108.0,112,,vassede01
2021,Brad Wanamaker,PG,GSW,241,31,61,0,1053,5.2,13.5,0.385,0.7,3.9,0.188,4.5,9.7,0.463,0.411,4.1,4.6,0.891,0.8,3.9,4.8,7.9,1.9,0.5,3.2,4.3,15.2,102.0,113,,wanambr01
2021,Timothé Luwawu-Cabarrot,SF,BRK,242,25,58,7,1050,6.0,16.4,0.365,3.4,11.0,0.314,2.5,5.4,0.47,0.471,1.6,2.0,0.814,1.3,4.6,5.9,3.2,1.5,0.3,2.0,4.5,17.0,100.0,116,,luwawti01
2021,De'Anthony Melton,PG,MEM,243,22,52,1,1045,7.9,18.0,0.438,4.0,9.7,0.412,3.9,8.3,0.467,0.548,1.9,2.3,0.804,1.4,6.0,7.4,6.0,2.7,1.4,3.0,3.9,21.6,110.0,109,,meltode01
2021,James Johnson,PF,DAL,244,33,51,12,1043,6.8,15.2,0.446,1.4,5.6,0.258,5.4,9.6,0.556,0.494,2.1,3.5,0.592,1.5,6.8,8.2,4.6,2.0,2.0,2.6,5.6,17.1,103.0,111,,johnsja01
2021,Derrick Favors,C,UTA,245,29,68,0,1039,7.3,11.4,0.638,0.0,0.1,0.0,7.3,11.3,0.643,0.638,2.8,3.8,0.738,6.5,11.2,17.6,2.1,1.5,3.2,1.7,6.7,17.3,138.0,103,,favorde01
2021,Garrison Mathews,SG,WAS,246,24,64,24,1038,4.3,10.5,0.409,3.4,8.8,0.384,0.9,1.7,0.538,0.57,3.7,4.2,0.884,0.7,3.2,3.9,1.2,1.3,0.3,0.4,4.7,15.7,130.0,116,,mathega01
2021,Denzel Valentine,SG,CHI,247,27,62,3,1036,7.3,19.5,0.373,3.7,11.3,0.331,3.5,8.1,0.431,0.469,0.7,0.8,0.941,1.1,8.1,9.2,4.9,1.4,0.3,2.0,3.3,19.0,100.0,112,,valende01
2021,Wayne Ellington,SG,DET,248,33,46,31,1012,7.2,16.4,0.441,5.6,13.3,0.422,1.6,3.1,0.524,0.612,1.4,1.7,0.8,0.6,3.5,4.1,3.2,0.9,0.4,1.6,2.9,21.4,118.0,117,,ellinwa01
2021,Nickeil Alexander-Walker,SG,NOP,249,22,46,13,1007,9.1,21.8,0.419,3.6,10.4,0.347,5.5,11.4,0.485,0.502,2.3,3.1,0.727,0.6,6.2,6.9,4.9,2.2,1.0,3.3,4.2,24.2,101.0,112,,alexani01
2021,Stanley Johnson,PF,TOR,250,24,61,13,1006,4.3,11.2,0.382,2.2,6.6,0.328,2.1,4.6,0.458,0.479,2.1,2.6,0.8,1.4,6.0,7.4,4.3,2.5,0.9,2.6,5.6,12.8,102.0,112,,johnsst04
2021,Cody Zeller,C,CHO,251,28,48,21,1005,8.8,15.7,0.559,0.2,1.4,0.143,8.6,14.4,0.598,0.565,4.1,5.8,0.714,5.8,10.2,15.9,4.2,1.3,0.8,2.5,5.9,21.9,123.0,112,,zelleco01
2021,Marc Gasol,C,LAL,252,36,52,42,993,4.3,9.5,0.454,2.4,6.0,0.41,1.9,3.5,0.528,0.582,1.8,2.4,0.72,1.9,8.7,10.5,5.3,1.3,2.8,2.6,5.6,12.8,115.0,105,,gasolma01
2021,Tony Snell,SG,ATL,253,29,47,23,992,4.4,8.5,0.515,3.1,5.4,0.569,1.3,3.1,0.419,0.696,0.5,0.5,1.0,0.9,4.7,5.6,2.9,0.6,0.5,1.0,3.7,12.3,135.0,117,,snellto01
2021,Jordan Poole,SG,GSW,254,21,51,7,988,9.7,22.5,0.432,4.6,13.1,0.351,5.1,9.4,0.545,0.535,5.0,5.7,0.882,0.7,3.7,4.4,4.7,1.2,0.4,2.4,4.1,29.1,111.0,114,,poolejo01
2021,James Ennis III,SF,ORL,255,30,41,37,986,5.7,12.0,0.473,2.2,5.1,0.433,3.5,6.9,0.504,0.566,3.5,4.3,0.805,2.1,6.1,8.2,3.1,1.6,0.3,1.8,4.1,17.0,120.0,115,,ennisja01
2021,Robert Williams,C,BOS,256,23,52,13,985,9.2,12.8,0.721,0.0,0.1,0.0,9.2,12.7,0.727,0.721,2.2,3.6,0.616,6.6,11.2,17.8,4.7,2.1,4.5,2.6,5.2,20.7,139.0,104,,williro04
2021,Aron Baynes,C,TOR,257,34,53,31,980,6.6,15.0,0.441,1.3,5.1,0.262,5.3,9.9,0.532,0.485,1.4,2.0,0.707,4.3,9.2,13.5,2.3,0.8,1.1,2.3,5.9,16.0,104.0,113,,baynear01
2021,Alex Len,C,TOR,258,27,64,42,979,8.1,13.1,0.615,0.4,1.2,0.32,7.7,12.0,0.644,0.629,3.5,5.5,0.629,3.7,8.6,12.3,2.3,0.9,3.0,2.6,6.0,20.0,119.0,110,,lenal01
2021,DeAndre' Bembry,SF,TOR,259,26,51,12,972,5.8,11.4,0.513,0.7,2.6,0.264,5.1,8.7,0.589,0.544,2.2,3.3,0.682,1.6,5.6,7.3,5.3,2.6,0.9,3.5,4.3,14.6,104.0,111,,bembrde01
2021,Dwight Powell,C,DAL,260,29,58,19,966,6.1,9.9,0.619,0.3,1.1,0.238,5.9,8.8,0.665,0.631,5.0,6.3,0.782,4.1,7.9,11.9,3.2,1.8,1.5,2.0,6.9,17.5,136.0,110,,poweldw01
2021,Jaxson Hayes,C,NOP,261,20,60,3,964,8.7,13.9,0.625,0.3,0.7,0.429,8.4,13.2,0.635,0.636,4.6,6.0,0.775,4.6,8.2,12.8,1.7,1.2,1.9,1.9,5.0,22.3,132.0,112,,hayesja02
2021,Serge Ibaka,C,LAC,262,31,41,39,955,9.6,18.9,0.51,2.0,6.0,0.339,7.6,13.0,0.588,0.563,2.2,2.7,0.811,3.8,10.5,14.3,3.8,0.5,2.4,2.3,3.9,23.5,119.0,110,,ibakase01
2021,Semi Ojeleye,PF,BOS,263,26,56,15,950,4.6,11.4,0.403,3.0,8.1,0.367,1.6,3.2,0.492,0.534,1.2,1.6,0.75,1.6,6.0,7.6,1.9,0.9,0.0,1.1,2.9,13.4,114.0,116,,ojelese01
2021,Jeff Teague,PG,BOS,264,32,55,7,950,6.2,14.4,0.433,1.8,4.2,0.439,4.4,10.2,0.431,0.496,4.5,5.3,0.848,0.8,3.7,4.5,6.7,1.7,0.6,3.2,2.8,18.8,111.0,114,,teaguje01
2021,Rodney Hood,SF,POR,265,28,55,5,942,4.9,13.4,0.362,1.8,5.8,0.301,3.1,7.6,0.408,0.427,1.2,1.4,0.857,1.2,4.1,5.3,2.7,1.2,0.4,1.9,3.8,12.7,94.0,118,,hoodro01
2021,Jordan McLaughlin,PG,MIN,266,24,51,2,938,5.0,12.2,0.413,1.7,4.6,0.359,3.4,7.6,0.447,0.481,1.2,1.5,0.767,1.1,4.4,5.4,9.7,2.6,0.3,2.6,2.2,12.9,110.0,115,,mclaujo01
2021,Taj Gibson,C,NYK,267,35,45,3,936,5.3,8.4,0.627,0.2,0.8,0.2,5.1,7.6,0.671,0.636,2.1,2.9,0.727,5.3,8.1,13.4,1.9,1.7,2.6,1.2,5.3,12.9,139.0,105,,gibsota01
2021,Tyrese Maxey,SG,PHI,268,20,61,8,935,10.2,22.1,0.462,1.6,5.3,0.301,8.6,16.8,0.512,0.498,3.1,3.6,0.871,0.6,4.8,5.4,6.2,1.3,0.7,2.1,4.1,25.2,110.0,111,,maxeyty01
2021,Danuel House Jr.,SF,HOU,269,27,36,23,932,5.6,13.8,0.404,2.7,7.9,0.346,2.8,5.9,0.483,0.504,2.1,3.2,0.651,0.9,5.8,6.7,3.5,1.0,0.8,1.8,3.4,16.0,104.0,117,,houseda01
2021,Malachi Flynn,PG,TOR,270,22,47,14,928,6.6,17.7,0.374,2.8,8.8,0.321,3.8,9.0,0.424,0.453,2.3,2.9,0.804,0.5,5.5,6.0,7.1,2.0,0.4,2.2,3.5,18.4,103.0,114,,flynnma01
2021,Ish Smith,PG,WAS,271,32,44,1,924,6.4,14.8,0.434,0.9,2.4,0.367,5.5,12.4,0.448,0.465,0.9,1.6,0.576,1.1,6.4,7.5,8.6,1.6,0.6,2.0,3.1,14.7,106.0,113,,smithis01
2021,Moses Brown,C,OKC,272,21,43,32,920,7.5,13.8,0.545,0.0,0.0,,7.5,13.8,0.545,0.545,4.0,6.5,0.619,8.0,11.8,19.8,0.5,1.6,2.4,2.2,4.8,19.1,117.0,109,,brownmo01
2021,Trey Burke,PG,DAL,273,28,62,1,911,8.2,19.1,0.428,3.1,8.9,0.354,5.0,10.2,0.492,0.51,2.8,3.1,0.895,0.5,2.4,2.9,4.4,1.9,0.4,1.8,3.5,22.3,110.0,115,,burketr01
2021,Damyean Dotson,SG,CLE,274,26,46,7,907,6.5,15.9,0.406,2.5,8.6,0.289,4.0,7.3,0.545,0.485,1.3,2.0,0.667,0.3,4.8,5.1,4.9,0.9,0.2,2.3,2.3,16.7,99.0,118,,dotsoda01
2021,Willie Cauley-Stein,C,DAL,275,27,53,16,906,6.3,9.9,0.632,0.1,0.6,0.091,6.2,9.3,0.667,0.635,2.7,4.2,0.628,3.6,9.3,12.8,1.9,1.1,2.3,1.6,7.0,15.2,128.0,110,,caulewi01
2021,Taurean Prince,PF,BRK,276,26,41,10,905,7.1,17.7,0.401,3.4,8.4,0.4,3.7,9.3,0.401,0.495,3.5,4.1,0.855,1.0,6.7,7.7,4.1,1.5,1.2,2.5,4.1,21.1,106.0,114,,princta02
2021,Ben McLemore,SG,HOU,277,27,53,5,905,7.1,19.3,0.37,5.1,14.8,0.346,2.0,4.5,0.447,0.503,2.1,2.8,0.736,0.8,4.5,5.3,2.1,1.2,0.5,2.2,4.7,21.5,99.0,115,,mclembe01
2021,Kira Lewis Jr.,PG,NOP,278,19,54,0,904,6.9,17.9,0.386,2.1,6.4,0.333,4.8,11.5,0.415,0.445,2.3,2.7,0.843,0.6,3.1,3.8,6.6,2.0,0.5,1.8,4.7,18.2,106.0,115,,lewiski01
2021,Jalen McDaniels,SF,CHO,279,23,47,18,904,7.2,15.3,0.468,1.9,5.7,0.333,5.3,9.7,0.547,0.53,2.4,3.5,0.703,2.4,6.7,9.1,2.9,1.5,1.0,2.4,5.1,18.7,107.0,113,,mcdanja01
2021,Juancho Hernangómez,PF,MIN,280,25,52,6,900,6.8,15.7,0.435,2.9,8.8,0.327,3.9,6.9,0.573,0.527,3.1,5.1,0.619,2.4,8.4,10.8,1.8,1.0,0.4,1.4,2.7,19.7,111.0,117,,hernaju01
2021,R.J. Hampton,SG,DEN,281,19,51,1,888,7.5,17.2,0.435,1.5,4.8,0.31,6.0,12.4,0.482,0.478,3.0,4.5,0.671,1.6,8.3,9.8,4.8,1.2,0.6,2.9,3.4,19.5,100.0,115,,hamptrj01
2021,Jusuf Nurkić,C,POR,282,26,37,37,880,9.5,18.5,0.514,0.7,1.7,0.4,8.8,16.8,0.525,0.532,3.9,6.3,0.619,4.8,13.6,18.4,6.9,2.1,2.2,4.0,5.7,23.5,113.0,109,,nurkiju01
2021,Malik Monk,SG,CHO,283,22,42,0,878,9.6,22.2,0.434,4.7,11.8,0.401,4.9,10.4,0.471,0.54,3.3,4.0,0.819,0.8,4.8,5.6,4.8,1.1,0.2,3.1,2.6,27.3,108.0,116,,monkma01
2021,Dario Šarić,C,PHO,284,26,50,4,871,8.7,19.4,0.447,2.7,7.7,0.348,6.0,11.7,0.512,0.516,4.8,5.6,0.848,2.6,8.2,10.8,3.7,1.7,0.2,3.2,5.4,24.8,109.0,111,,saricda01
2021,Sekou Doumbouya,PF,DET,285,20,56,11,869,6.0,15.9,0.379,1.5,6.5,0.226,4.6,9.4,0.485,0.426,2.5,3.6,0.703,2.2,5.9,8.1,2.7,1.4,0.5,2.5,5.3,16.1,93.0,114,,doumbse01
2021,Edmond Sumner,SG,IND,286,25,53,24,861,8.1,15.5,0.525,1.9,4.8,0.398,6.2,10.7,0.582,0.587,3.7,4.6,0.819,1.0,4.2,5.2,2.7,1.8,0.5,2.8,4.8,21.9,112.0,115,,sumneed01
2021,Mitchell Robinson,C,NYK,287,22,31,29,853,6.7,10.3,0.653,0.0,0.0,,6.7,10.3,0.653,0.653,1.5,3.1,0.491,6.6,8.2,14.8,1.0,2.1,2.6,1.5,5.0,15.0,131.0,104,,robinmi01
2021,Mike Scott,PF,PHI,288,32,51,12,852,4.3,11.9,0.36,3.0,8.8,0.342,1.3,3.2,0.411,0.486,0.5,0.7,0.667,0.6,6.2,6.8,2.3,1.4,0.8,1.1,4.1,12.1,101.0,110,,scottmi01
2021,Cody Martin,SF,CHO,289,25,52,10,849,4.8,10.8,0.441,0.9,3.3,0.276,3.9,7.5,0.515,0.484,1.4,2.5,0.581,3.0,6.3,9.3,4.9,2.1,0.7,2.3,3.0,11.9,107.0,113,,martico01
2021,Willy Hernangómez,C,NOP,290,26,47,12,846,8.6,15.2,0.563,0.1,0.6,0.1,8.5,14.6,0.581,0.565,3.5,5.3,0.667,6.6,12.3,18.9,2.8,1.2,1.3,1.9,3.9,20.7,125.0,111,,hernawi01
2021,Austin Rivers,SG,NYK,291,28,36,7,845,6.1,14.4,0.424,3.2,8.8,0.369,2.9,5.7,0.51,0.537,1.3,1.8,0.71,0.5,4.4,4.8,4.8,1.8,0.1,2.1,3.8,16.8,109.0,112,,riverau01
2021,Trevor Ariza,SF,MIA,292,35,30,27,841,5.8,14.2,0.411,3.0,8.4,0.35,2.9,5.8,0.5,0.515,2.0,2.6,0.773,1.6,6.9,8.5,3.2,1.8,1.1,1.2,3.2,16.7,111.0,111,,arizatr01
2021,Chasson Randle,PG,ORL,293,27,41,5,837,5.3,13.8,0.388,2.6,7.6,0.338,2.8,6.2,0.449,0.481,2.2,2.8,0.792,0.4,4.4,4.8,4.3,1.3,0.3,2.7,3.7,15.5,98.0,117,,randlch01
2021,James Wiseman,C,GSW,294,19,39,27,836,10.7,20.7,0.519,0.7,2.1,0.316,10.1,18.5,0.542,0.535,3.0,4.8,0.628,3.1,9.6,12.7,1.5,0.6,2.0,3.4,6.8,25.2,100.0,109,,wisemja01
2021,Kevin Porter Jr.,SG,HOU,295,20,26,23,835,8.8,20.8,0.425,2.8,9.1,0.311,6.0,11.7,0.515,0.493,3.9,5.3,0.734,1.1,4.5,5.6,9.3,1.1,0.5,5.2,3.5,24.4,101.0,118,,porteke02
2021,Patrick Beverley,PG,LAC,296,32,37,34,832,5.5,13.1,0.423,3.3,8.4,0.397,2.2,4.7,0.468,0.55,2.1,2.7,0.8,1.7,5.4,7.1,4.5,1.7,1.7,2.0,6.4,16.5,118.0,110,,beverpa01
2021,Caleb Martin,SF,CHO,297,25,53,3,818,5.7,15.3,0.375,1.9,7.5,0.248,3.9,7.8,0.496,0.436,2.4,3.8,0.641,1.9,6.6,8.4,4.0,2.2,0.7,2.0,3.7,15.8,99.0,112,,martica02
2021,Torrey Craig,SF,MIL,298,30,50,8,803,6.6,13.8,0.48,2.4,6.4,0.368,4.2,7.3,0.579,0.566,1.0,1.3,0.773,3.5,8.5,12.0,3.0,1.7,1.6,1.5,5.0,16.6,120.0,109,,craigto01
2021,Michael Carter-Williams,SG,ORL,299,29,31,25,800,6.4,16.4,0.389,0.9,3.7,0.246,5.5,12.7,0.431,0.417,3.0,4.9,0.613,2.4,6.1,8.5,7.8,1.5,1.0,4.2,4.9,16.7,93.0,115,,cartemi01
2021,Daniel Gafford,C,CHI,300,22,54,11,791,9.2,13.4,0.684,0.0,0.0,,9.2,13.4,0.684,0.684,4.3,6.4,0.667,5.6,8.2,13.8,1.7,1.6,4.5,2.4,5.9,22.7,131.0,107,,gaffoda01
2021,Eric Gordon,SG,HOU,301,32,27,13,789,9.5,22.0,0.433,4.1,12.6,0.329,5.4,9.4,0.573,0.527,5.6,6.8,0.825,0.5,3.0,3.5,4.3,0.8,0.8,3.1,2.6,28.9,108.0,119,,gordoer01
2021,Ty Jerome,SG,OKC,302,23,33,1,788,7.7,17.3,0.446,4.3,10.1,0.423,3.4,7.2,0.479,0.57,1.6,2.1,0.765,0.6,4.9,5.5,7.2,1.2,0.4,2.8,3.7,21.3,113.0,116,,jeromty01
2021,Al Horford,C,OKC,303,34,28,28,782,9.8,21.9,0.45,3.4,9.2,0.368,6.4,12.6,0.51,0.528,1.1,1.3,0.818,1.8,9.7,11.4,5.7,1.5,1.6,1.8,2.9,24.2,111.0,112,,horfoal01
2021,Saben Lee,PG,DET,304,21,48,7,781,6.2,13.2,0.471,0.5,1.4,0.348,5.7,11.7,0.487,0.49,3.8,5.6,0.685,1.3,4.8,6.1,10.9,2.0,0.8,3.5,4.8,16.8,112.0,113,,leesa01
2021,Maurice Harkless,SF,MIA,305,27,37,23,772,4.3,10.3,0.418,1.4,5.3,0.274,2.9,5.1,0.568,0.488,2.1,2.7,0.767,0.8,4.8,5.6,2.8,1.9,1.3,1.4,5.4,12.1,106.0,116,,harklma01
2021,Rajon Rondo,PG,ATL,306,34,45,3,770,6.1,13.8,0.442,2.3,5.7,0.404,3.8,8.1,0.468,0.526,1.0,1.1,0.941,1.2,5.9,7.0,12.8,2.4,0.3,5.1,3.4,15.5,108.0,112,,rondora01
2021,Mychal Mulder,PG,GSW,307,26,60,6,766,7.3,16.2,0.449,5.2,13.1,0.397,2.1,3.1,0.667,0.609,0.9,1.3,0.636,0.5,3.2,3.7,1.6,0.7,0.7,1.0,3.4,20.7,113.0,115,,muldemy01
2021,Jeremy Lamb,SG,IND,308,28,36,8,765,7.4,17.1,0.435,3.2,7.9,0.406,4.2,9.1,0.459,0.529,4.4,4.6,0.947,1.5,6.5,8.1,3.3,2.1,1.4,1.4,4.4,22.4,119.0,111,,lambje01
2021,Jaylen Nowell,SG,MIN,309,21,42,0,759,8.8,20.8,0.424,3.1,9.3,0.333,5.7,11.5,0.497,0.499,2.8,3.4,0.818,1.2,4.7,5.9,3.9,1.4,0.7,1.7,4.5,23.6,107.0,117,,nowelja01
2021,Drew Eubanks,C,SAS,310,23,54,3,755,7.5,13.2,0.566,0.1,0.1,1.0,7.3,13.0,0.562,0.571,4.9,6.8,0.726,4.8,10.7,15.5,2.7,1.2,3.1,2.9,5.7,20.0,118.0,109,,eubandr01
2021,Cam Reddish,SF,ATL,311,21,26,21,750,6.3,17.3,0.365,2.2,8.3,0.262,4.1,9.0,0.46,0.428,4.4,5.4,0.817,1.4,5.4,6.8,2.3,2.2,0.6,2.2,4.5,19.2,100.0,113,,reddica01
2021,Frank Jackson,PG,DET,312,22,40,6,738,8.9,19.5,0.457,4.1,10.0,0.407,4.9,9.5,0.51,0.561,4.1,5.0,0.813,1.0,4.7,5.7,2.4,1.0,0.1,2.3,3.5,25.9,112.0,116,,jacksfr01
2021,Precious Achiuwa,PF,MIA,313,21,61,4,737,8.4,15.4,0.544,0.0,0.1,0.0,8.4,15.3,0.546,0.544,3.8,7.4,0.509,4.9,9.1,14.0,2.0,1.3,1.9,2.9,6.1,20.5,107.0,109,,achiupr01
2021,Mo Bamba,C,ORL,314,22,46,5,725,9.5,20.2,0.472,2.6,7.9,0.322,7.0,12.3,0.568,0.535,3.0,4.4,0.682,5.1,12.7,17.8,2.3,0.9,3.9,2.4,5.8,24.6,111.0,109,,bambamo01
2021,Yuta Watanabe,SF,TOR,315,26,50,4,723,5.3,12.0,0.439,2.4,6.0,0.4,2.9,6.0,0.478,0.539,1.6,1.9,0.828,2.4,8.2,10.6,2.7,1.7,1.3,1.3,3.8,14.6,117.0,111,,watanyu01
2021,JJ Redick,SG,NOP,316,36,44,0,723,7.1,17.8,0.397,4.4,11.9,0.371,2.7,5.9,0.449,0.521,3.3,3.5,0.942,0.3,4.0,4.3,3.4,0.7,0.2,2.4,3.3,21.8,109.0,118,,redicjj01
2021,Moritz Wagner,C,WAS,317,23,45,24,722,6.8,15.0,0.454,2.0,6.0,0.341,4.8,9.0,0.529,0.522,4.7,5.7,0.816,1.8,7.8,9.6,3.3,1.7,1.2,2.8,7.1,20.3,110.0,112,,wagnemo01
2021,Jevon Carter,PG,PHO,318,25,60,1,717,6.5,15.4,0.422,3.9,10.4,0.371,2.6,5.0,0.528,0.547,0.3,0.5,0.571,1.1,5.2,6.3,4.9,2.0,0.6,1.1,3.9,17.1,115.0,111,,carteje01
2021,Frank Kaminsky,C,PHO,319,27,47,13,715,8.4,17.7,0.471,2.1,5.9,0.365,6.2,11.9,0.523,0.531,2.6,4.1,0.617,2.5,10.5,13.0,5.5,1.0,1.2,1.5,4.8,21.4,117.0,110,,kaminfr01
2021,DeMarcus Cousins,C,HOU,320,30,41,11,713,8.7,20.5,0.426,3.2,9.1,0.348,5.6,11.4,0.488,0.503,4.0,5.4,0.728,3.6,14.1,17.7,5.1,2.3,1.6,4.3,7.2,24.6,103.0,107,,couside01
2021,Naji Marshall,SF,NOP,321,23,32,10,700,5.6,14.3,0.392,2.0,5.7,0.349,3.6,8.6,0.421,0.462,3.6,5.1,0.707,1.0,9.1,10.1,6.0,1.8,0.7,2.6,4.0,16.9,106.0,113,,marshna01
2021,Eric Paschall,PF,GSW,322,24,40,2,695,10.0,20.1,0.497,1.2,3.6,0.333,8.8,16.5,0.533,0.527,4.5,6.4,0.713,1.9,6.8,8.7,3.4,0.8,0.5,2.9,4.6,25.7,106.0,113,,pascher01
2021,Tyler Johnson,SG,BRK,323,28,39,3,684,5.1,12.9,0.393,3.4,9.3,0.364,1.7,3.6,0.471,0.525,1.3,1.5,0.857,0.4,5.0,5.4,3.3,1.0,0.0,1.2,3.0,14.8,111.0,117,,johnsty01
2021,Tony Bradley,C,PHI,324,23,42,8,684,9.2,13.8,0.665,0.0,0.2,0.0,9.2,13.6,0.675,0.665,2.7,3.8,0.691,5.9,10.8,16.7,2.6,1.0,2.1,2.3,4.3,21.0,131.0,109,,bradlto01
2021,Obi Toppin,PF,NYK,325,22,62,0,683,7.6,15.3,0.498,1.9,6.2,0.306,5.7,9.1,0.629,0.56,1.4,1.9,0.731,1.9,8.2,10.1,2.1,1.2,1.1,1.7,4.0,18.5,112.0,108,,toppiob01
2021,David Nwaba,SF,HOU,326,28,30,9,679,7.4,15.2,0.486,1.2,4.4,0.27,6.2,10.8,0.574,0.525,3.3,4.7,0.691,2.8,5.4,8.2,2.2,2.1,1.5,1.2,4.2,19.2,115.0,114,,nwabada01
2021,De'Andre Hunter,SF,ATL,327,23,23,19,678,8.7,18.0,0.484,2.2,6.9,0.326,6.5,11.1,0.582,0.546,5.3,6.2,0.859,1.2,6.7,8.0,3.2,1.4,0.9,2.1,4.3,25.0,119.0,114,,huntede01
2021,JaVale McGee,C,CLE,328,33,46,2,678,10.5,20.5,0.511,0.4,1.7,0.208,10.1,18.8,0.539,0.52,3.2,4.9,0.657,5.6,11.8,17.4,2.8,1.4,3.9,4.4,8.8,24.5,102.0,107,,mcgeeja01
2021,LaMarcus Aldridge,C,SAS,329,35,26,23,674,10.1,21.3,0.473,2.2,5.8,0.388,7.8,15.5,0.505,0.525,2.9,3.4,0.872,1.4,7.1,8.5,3.5,0.8,2.1,1.9,3.4,25.3,109.0,113,,aldrila01
2021,George Hill,PG,OKC,330,34,30,17,672,6.8,14.0,0.482,2.2,5.7,0.388,4.6,8.3,0.547,0.561,2.8,3.6,0.8,1.1,3.2,4.3,5.2,1.6,0.4,2.2,2.2,18.6,117.0,114,,hillge01
2021,Killian Hayes,PG,DET,331,19,26,18,670,5.2,14.7,0.353,1.5,5.3,0.278,3.7,9.4,0.395,0.403,1.0,1.2,0.824,0.4,4.6,5.1,10.1,2.0,0.7,6.1,4.2,12.9,82.0,113,,hayeski01
2021,Aaron Nesmith,SF,BOS,332,21,46,1,669,5.7,13.0,0.438,2.9,7.9,0.37,2.8,5.1,0.543,0.551,1.6,2.0,0.786,2.0,7.2,9.3,1.7,1.1,0.7,1.7,6.4,15.9,113.0,114,,nesmiaa01
2021,Gabe Vincent,PG,MIA,333,24,50,7,655,6.7,17.7,0.378,3.5,11.3,0.309,3.2,6.4,0.5,0.476,1.5,1.7,0.87,0.8,3.5,4.2,5.1,1.6,0.2,2.6,6.0,18.4,98.0,114,,vincega01
2021,Gary Clark,SF,ORL,334,26,39,11,654,3.0,9.8,0.303,2.3,8.0,0.287,0.7,1.8,0.375,0.42,0.6,0.7,0.8,2.5,6.1,8.6,2.3,1.0,0.5,1.3,2.6,8.9,97.0,117,,clarkga01
2021,Mike Muscala,C,OKC,335,29,35,0,645,8.8,19.7,0.446,5.0,13.6,0.37,3.8,6.1,0.614,0.573,2.4,2.7,0.917,1.4,8.3,9.7,2.1,0.6,0.8,1.5,4.0,25.0,116.0,115,,muscami01
2021,Nassir Little,PF,POR,336,20,48,2,640,5.9,12.7,0.467,2.1,6.1,0.35,3.8,6.6,0.575,0.551,2.7,3.4,0.8,2.4,7.3,9.8,1.8,0.4,1.0,1.4,3.9,16.8,121.0,118,,littlna01
2021,Jake Layman,SF,MIN,337,26,45,11,627,6.9,13.9,0.495,1.7,5.9,0.295,5.1,8.0,0.642,0.557,2.0,2.8,0.703,1.0,4.1,5.0,2.1,2.2,1.4,2.0,3.3,17.4,107.0,115,,laymaja01
2021,Kevin Love,PF,CLE,338,32,25,25,622,8.2,20.0,0.409,4.5,12.4,0.365,3.6,7.6,0.479,0.522,3.3,4.0,0.824,1.3,13.4,14.7,5.0,1.3,0.2,3.0,2.1,24.2,108.0,113,,loveke01
2021,Brandon Goodwin,PG,ATL,339,25,47,5,620,6.7,17.7,0.377,2.5,8.2,0.311,4.1,9.5,0.433,0.448,2.2,3.4,0.651,0.6,4.8,5.5,7.5,1.3,0.0,2.9,3.3,18.1,101.0,116,,goodwbr01
2021,Otto Porter Jr.,SF,CHI,340,27,28,6,606,7.8,18.2,0.432,3.1,8.3,0.375,4.7,9.8,0.48,0.518,2.9,3.4,0.857,2.2,9.9,12.2,4.4,1.3,0.3,2.0,3.3,21.7,113.0,112,,porteot01
2021,Avery Bradley,SG,MIA,341,30,27,6,602,5.1,13.7,0.374,2.6,8.1,0.327,2.5,5.6,0.443,0.471,1.0,1.2,0.8,0.6,3.9,4.6,3.7,1.7,0.2,2.2,4.4,13.8,94.0,116,,bradlav01
2021,Onyeka Okongwu,C,ATL,342,20,50,4,601,7.9,12.2,0.644,0.0,0.2,0.0,7.9,12.0,0.658,0.644,2.9,4.7,0.632,5.1,8.3,13.3,1.5,1.9,2.7,2.4,8.2,18.7,125.0,109,,okongon01
2021,Nemanja Bjelica,PF,SAC,343,32,37,3,595,7.2,16.0,0.454,2.2,6.9,0.318,5.0,9.0,0.559,0.523,3.0,4.2,0.725,2.4,8.0,10.3,5.6,1.2,0.4,2.7,5.5,19.7,111.0,116,,bjeline01
2021,Nic Claxton,C,BRK,344,21,32,1,594,7.3,11.8,0.621,0.1,0.4,0.2,7.2,11.4,0.636,0.624,2.5,5.2,0.484,3.5,10.0,13.5,2.3,1.9,3.2,1.5,5.5,17.2,124.0,108,,claxtni01
2021,Patrick Patterson,PF,LAC,345,31,38,5,582,6.1,14.0,0.436,3.4,9.5,0.357,2.7,4.5,0.604,0.558,1.1,1.4,0.765,1.6,4.8,6.4,2.5,1.2,0.7,0.9,3.8,16.8,119.0,113,,pattepa01
2021,Justin Jackson,SF,OKC,346,25,34,3,577,7.3,18.2,0.403,3.0,9.6,0.308,4.4,8.6,0.51,0.484,2.6,3.0,0.838,1.3,5.0,6.3,4.3,1.2,0.2,2.6,2.6,20.2,102.0,116,,jacksju01
2021,John Konchar,SG,MEM,347,24,43,0,575,5.7,11.5,0.5,1.7,4.7,0.375,4.0,6.8,0.585,0.576,2.1,2.5,0.833,2.9,7.7,10.6,3.9,2.5,0.7,1.5,3.3,15.3,125.0,109,,konchjo01
2021,Nicolò Melli,PF,NOP,348,30,45,4,566,4.0,12.1,0.326,2.0,7.3,0.271,2.0,4.8,0.411,0.408,1.6,2.2,0.76,2.5,8.0,10.5,3.8,1.2,0.3,1.0,5.0,11.5,106.0,114,,mellini01
2021,Goga Bitadze,C,IND,349,21,45,3,561,7.0,16.3,0.428,1.7,6.7,0.253,5.3,9.7,0.548,0.479,3.8,5.1,0.738,5.1,7.6,12.6,3.1,0.8,5.1,1.4,7.9,19.5,116.0,109,,bitadgo01
2021,Isaiah Hartenstein,C,DEN,350,22,46,2,559,8.3,15.1,0.55,0.2,0.5,0.333,8.1,14.6,0.558,0.556,4.1,6.3,0.648,5.7,10.2,16.0,4.9,1.7,3.4,3.9,9.2,20.8,114.0,108,,harteis01
2021,Gorgui Dieng,C,MEM,351,31,38,1,552,7.4,14.2,0.521,2.6,6.1,0.429,4.8,8.1,0.591,0.613,5.0,5.8,0.866,3.5,8.7,12.2,4.2,2.3,1.4,2.8,4.9,22.5,127.0,109,,dienggo01
2021,Thanasis Antetokounmpo,SF,MIL,352,28,57,3,551,5.7,11.7,0.489,0.6,2.5,0.241,5.1,9.2,0.556,0.515,2.1,4.2,0.51,4.6,6.0,10.6,3.9,1.9,0.9,3.7,6.3,14.1,104.0,112,,antetth01
2021,Damian Jones,C,PHO,353,25,39,10,547,6.2,9.1,0.68,0.1,0.4,0.2,6.1,8.7,0.704,0.684,3.7,5.1,0.724,3.2,7.5,10.7,2.6,1.0,2.6,2.3,6.8,16.2,129.0,113,,jonesda03
2021,Hassan Whiteside,C,SAC,354,31,36,4,546,11.1,19.7,0.563,0.0,0.1,0.0,11.1,19.6,0.565,0.563,3.6,6.9,0.519,5.4,13.5,18.9,1.8,0.8,4.0,3.5,6.4,25.8,107.0,111,,whiteha01
2021,Wes Iwundu,SF,DAL,355,26,41,4,539,3.1,9.2,0.333,0.5,3.7,0.122,2.6,5.5,0.475,0.358,2.3,2.8,0.839,1.4,6.8,8.1,1.6,1.4,0.4,1.7,4.4,8.9,89.0,114,,iwundwe01
2021,Troy Brown Jr.,SF,WAS,356,21,34,0,524,5.6,13.0,0.431,2.0,6.3,0.314,3.6,6.7,0.541,0.507,1.3,1.9,0.714,1.8,7.6,9.4,2.6,0.9,0.5,1.9,4.4,14.5,103.0,114,,browntr01
2021,Armoni Brooks,SG,HOU,357,22,20,5,520,7.1,17.5,0.406,5.5,14.3,0.382,1.6,3.2,0.514,0.563,0.6,1.1,0.583,0.9,5.3,6.2,2.7,1.1,0.5,2.0,3.1,20.3,105.0,117,,brookar01
2021,Miye Oni,SG,UTA,358,23,54,0,519,3.3,9.3,0.354,2.8,8.3,0.341,0.5,1.0,0.455,0.505,0.5,0.6,0.833,2.2,5.7,7.9,2.6,1.0,0.8,1.5,5.7,9.9,110.0,110,,onimi01
2021,Oshae Brissett,SF,IND,359,22,21,16,519,6.6,13.8,0.483,3.0,7.1,0.423,3.6,6.6,0.548,0.593,4.6,5.9,0.769,2.6,7.8,10.5,1.6,1.7,1.8,0.9,2.9,20.9,129.0,111,,brissos01
2021,Dylan Windler,SF,CLE,360,24,31,0,513,5.5,12.5,0.438,2.5,7.4,0.338,3.0,5.1,0.585,0.538,2.0,2.6,0.778,1.9,8.4,10.3,3.2,1.8,1.2,3.1,3.6,15.5,103.0,113,,windldy01
2021,Max Strus,SF,MIA,361,24,39,0,507,8.3,18.3,0.455,4.9,14.5,0.338,3.4,3.8,0.897,0.588,1.6,2.4,0.667,0.5,3.5,4.0,2.4,1.1,0.2,0.8,4.2,23.1,115.0,115,,strusma01
2021,Justise Winslow,SF,MEM,362,24,26,1,507,7.0,19.8,0.352,0.9,5.1,0.185,6.0,14.7,0.41,0.376,1.9,3.3,0.571,1.7,9.4,11.1,4.7,1.4,1.1,3.5,4.4,16.8,82.0,110,,winslju01
2021,Lamar Stevens,PF,CLE,363,23,40,0,499,6.1,13.4,0.456,0.4,2.5,0.16,5.7,11.0,0.523,0.471,3.7,5.0,0.725,2.4,7.1,9.5,2.5,1.7,1.3,2.3,5.2,16.3,103.0,113,,stevela01
2021,Jarrett Culver,SG,MIN,364,21,34,7,499,6.5,15.9,0.411,1.2,5.0,0.245,5.3,10.9,0.487,0.449,2.7,4.5,0.604,3.2,6.6,9.8,2.3,1.6,0.9,2.7,5.5,17.0,96.0,115,,culveja01
2021,DaQuan Jeffries,SG,SAC,365,23,31,5,493,4.8,11.6,0.417,1.9,6.5,0.299,2.9,5.1,0.566,0.5,0.7,0.8,0.875,1.8,5.0,6.9,2.1,1.4,1.0,1.4,4.6,12.3,104.0,117,,jeffrda01
2021,Chimezie Metu,C,SAC,366,23,36,6,488,9.0,17.6,0.508,1.3,3.6,0.351,7.7,14.0,0.549,0.545,3.0,4.2,0.721,3.0,8.0,11.0,2.8,1.4,1.8,2.9,5.8,22.2,109.0,116,,metuch01
2021,Javonte Green,SF,BOS,367,27,41,2,473,5.5,10.5,0.52,1.0,3.1,0.333,4.4,7.4,0.597,0.569,3.1,4.1,0.75,2.7,4.6,7.3,1.8,2.9,0.6,2.0,4.6,15.0,118.0,111,,greenja02
2021,Kevin Knox,SF,NYK,368,21,42,0,464,6.0,15.4,0.392,3.8,9.6,0.393,2.3,5.8,0.389,0.514,1.7,2.2,0.8,1.1,5.5,6.6,2.0,1.3,0.6,1.8,4.0,17.6,104.0,110,,knoxke01
2021,Ryan Arcidiacono,PG,CHI,369,26,44,0,450,5.3,12.6,0.419,2.7,7.2,0.373,2.6,5.4,0.48,0.526,1.4,2.2,0.65,0.5,6.7,7.2,6.0,1.0,0.0,1.1,5.1,14.7,118.0,114,,arcidry01
2021,KZ Okpala,PF,MIA,370,21,37,9,447,4.0,10.7,0.375,1.3,5.6,0.24,2.7,5.1,0.522,0.438,0.9,1.7,0.533,2.3,5.2,7.6,2.1,1.1,1.2,1.7,6.6,10.2,94.0,113,,okpalkz01
2021,Josh Green,SG,DAL,371,20,39,5,445,4.7,10.3,0.452,0.4,2.8,0.16,4.2,7.5,0.559,0.473,1.4,2.5,0.565,3.1,5.5,8.6,3.1,1.8,0.3,1.9,3.9,11.2,106.0,114,,greenjo02
2021,Langston Galloway,SG,PHO,372,29,40,0,438,7.4,16.6,0.449,4.1,9.6,0.424,3.4,7.0,0.484,0.571,2.5,2.6,0.957,0.8,3.9,4.7,2.9,0.9,0.0,1.5,2.8,21.4,118.0,115,,gallola01
2021,Tyler Cook,PF,BRK,373,23,32,1,438,7.7,11.5,0.67,0.1,0.2,0.5,7.6,11.3,0.673,0.675,1.9,3.9,0.486,3.1,7.5,10.6,1.9,0.9,0.2,2.4,3.9,17.5,118.0,115,,cookty01
2021,Al-Farouq Aminu,PF,ORL,374,30,23,14,434,4.3,11.1,0.384,0.9,4.1,0.216,3.4,6.9,0.484,0.424,2.0,2.5,0.818,2.5,9.9,12.3,3.5,2.1,1.0,3.1,3.2,11.4,91.0,111,,aminual01
2021,D.J. Wilson,PF,MIL,375,24,35,1,433,7.4,18.3,0.405,3.3,9.5,0.345,4.1,8.8,0.469,0.494,1.9,2.7,0.68,2.2,10.0,12.2,2.5,1.2,1.7,2.4,4.8,20.0,100.0,112,,wilsodj01
2021,Isaac Bonga,SF,WAS,376,21,40,8,432,3.2,8.6,0.37,1.4,5.0,0.277,1.8,3.6,0.5,0.451,0.5,0.9,0.625,1.9,5.1,7.0,2.5,1.2,1.0,2.3,6.7,8.3,90.0,114,,bongais01
2021,Dennis Smith Jr.,PG,NYK,377,23,23,9,420,6.8,17.0,0.4,2.2,6.8,0.328,4.6,10.2,0.448,0.466,2.2,3.0,0.731,1.4,5.0,6.4,9.0,2.7,1.6,3.0,4.3,18.0,105.0,110,,smithde03
2021,Anthony Lamb,SF,HOU,378,23,24,3,415,5.2,13.5,0.39,2.6,8.1,0.324,2.6,5.4,0.489,0.487,2.1,2.4,0.857,3.1,4.9,8.0,2.6,0.7,0.6,2.2,3.9,15.2,105.0,118,,lamban01
2021,Brodric Thomas,SG,HOU,379,24,32,1,399,4.8,13.3,0.361,2.0,7.3,0.271,2.8,6.0,0.469,0.435,3.8,5.7,0.674,1.0,5.5,6.5,3.7,1.8,1.2,2.7,4.9,15.4,96.0,114,,thomabr01
2021,Zeke Nnaji,PF,DEN,380,20,42,1,397,6.2,12.9,0.481,3.0,7.3,0.407,3.2,5.6,0.578,0.596,1.5,1.9,0.8,1.7,6.3,8.1,1.2,1.0,0.5,0.9,3.6,16.9,124.0,115,,nnajize01
2021,Amir Coffey,SG,LAC,381,23,44,1,394,5.7,12.9,0.437,2.9,7.0,0.411,2.8,5.9,0.468,0.549,3.4,4.8,0.711,1.3,4.3,5.5,2.8,1.3,0.0,1.9,3.8,17.6,115.0,114,,coffeam01
2021,Freddie Gillespie,PF,TOR,382,23,20,2,392,5.4,10.4,0.524,0.0,0.0,,5.4,10.4,0.524,0.524,2.8,4.1,0.697,5.2,6.8,12.0,1.1,1.6,2.5,1.5,5.3,13.7,120.0,111,,gillefr01
2021,E'Twaun Moore,SG,PHO,383,31,27,1,389,7.0,15.4,0.455,1.4,4.4,0.314,5.6,10.9,0.512,0.5,1.5,1.8,0.857,1.8,3.9,5.7,5.1,1.9,0.6,2.9,4.1,16.9,103.0,112,,mooreet01
2021,Isaiah Joe,SG,PHI,384,21,41,1,383,6.0,16.7,0.361,4.9,13.3,0.368,1.1,3.4,0.333,0.508,2.3,3.0,0.75,0.8,3.8,4.5,2.5,1.5,0.5,1.4,4.3,19.3,108.0,111,,joeis01
2021,Glenn Robinson III,SF,SAC,385,27,23,2,369,5.5,12.9,0.424,2.1,5.7,0.364,3.4,7.2,0.473,0.505,2.7,3.0,0.913,1.4,4.4,5.9,2.6,0.5,0.4,1.4,3.0,15.7,112.0,122,,robingl02
2021,Nico Mannion,PG,GSW,386,19,30,1,364,5.0,14.7,0.342,2.8,7.7,0.367,2.2,7.0,0.315,0.439,3.0,3.6,0.821,0.8,5.2,5.9,9.0,2.1,0.1,4.0,3.7,15.9,99.0,111,,mannini01
2021,Trey Lyles,PF,SAS,387,25,23,9,358,5.8,12.2,0.478,1.9,5.4,0.35,3.9,6.8,0.58,0.556,2.0,3.1,0.652,1.2,10.4,11.7,1.9,0.8,0.1,0.8,1.8,15.6,116.0,114,,lylestr01
2021,Abdel Nader,SF,PHO,388,27,24,0,355,7.9,16.1,0.491,2.5,6.0,0.419,5.4,10.2,0.534,0.569,3.9,5.1,0.757,1.0,7.6,8.6,2.6,1.4,1.3,2.6,4.7,22.2,111.0,111,,naderab01
2021,Harry Giles,C,POR,389,22,38,0,348,5.9,13.6,0.433,1.1,3.2,0.348,4.8,10.4,0.459,0.474,2.2,3.8,0.593,4.3,14.3,18.6,4.1,1.1,1.8,2.8,7.6,15.1,106.0,111,,gilesha01
2021,Luke Kornet,C,CHI,390,25,31,2,348,6.2,14.1,0.436,2.1,8.3,0.254,4.1,5.9,0.69,0.51,0.4,0.8,0.5,2.0,7.4,9.4,3.4,0.6,4.5,1.0,2.8,14.8,112.0,110,,kornelu01
2021,Jahlil Okafor,C,DET,391,25,27,2,347,8.9,14.4,0.618,0.3,1.3,0.222,8.6,13.1,0.656,0.627,2.4,3.4,0.708,3.3,6.1,9.3,1.8,0.8,0.7,3.0,5.5,20.5,114.0,115,,okafoja01
2021,Chandler Hutchison,SF,CHI,392,24,25,1,346,5.2,13.9,0.379,1.1,3.0,0.364,4.2,10.9,0.383,0.417,2.8,3.4,0.84,0.8,9.7,10.5,2.3,1.6,0.7,2.7,4.4,14.4,89.0,111,,hutchch01
2021,Josh Hall,SF,OKC,393,20,21,1,336,4.2,14.0,0.303,0.6,5.2,0.108,3.7,8.8,0.419,0.323,3.1,6.2,0.5,0.8,7.5,8.3,4.0,0.6,0.1,3.5,5.2,12.2,73.0,117,,halljo01
2021,Mason Jones,SG,HOU,394,22,32,1,334,7.4,17.5,0.423,3.4,9.4,0.364,4.0,8.1,0.491,0.52,5.7,9.1,0.625,1.0,6.8,7.8,6.0,1.0,0.1,4.1,3.4,23.8,104.0,117,,jonesma05
2021,Shaquille Harrison,SG,UTA,395,27,34,0,333,3.8,11.5,0.333,0.4,2.4,0.188,3.4,9.2,0.371,0.353,2.7,3.3,0.818,1.0,6.1,7.1,3.7,2.5,0.7,1.6,4.9,10.8,94.0,110,,harrish01
2021,Matt Thomas,SG,TOR,396,26,45,0,326,7.4,18.9,0.394,4.0,11.9,0.338,3.4,7.0,0.489,0.5,1.8,2.1,0.857,1.0,5.5,6.5,2.8,0.6,0.0,2.1,2.7,20.7,103.0,115,,thomama02
2021,Kelan Martin,SF,IND,397,25,35,0,322,9.1,20.3,0.449,3.5,8.8,0.4,5.6,11.4,0.487,0.536,1.3,1.5,0.9,2.6,8.8,11.4,2.5,1.5,1.5,2.3,5.1,23.0,105.0,111,,martike03
2021,Frank Ntilikina,PG,NYK,398,22,33,4,322,4.5,12.3,0.367,3.6,7.5,0.479,0.9,4.8,0.194,0.513,1.2,2.8,0.444,0.9,3.9,4.8,3.0,2.8,0.6,1.7,7.0,13.8,102.0,108,,ntilila01
2021,Jaylen Hoard,SF,OKC,399,21,19,0,320,6.5,13.1,0.5,0.0,1.6,0.0,6.5,11.4,0.571,0.5,4.2,6.1,0.683,3.1,6.5,9.7,3.6,1.9,0.7,2.5,2.8,17.2,109.0,113,,hoardja01
2021,JaKarr Sampson,PF,IND,400,27,29,4,316,8.4,16.9,0.496,0.4,2.2,0.2,7.9,14.7,0.541,0.509,2.8,4.3,0.655,4.0,7.5,11.5,0.6,0.3,2.1,2.2,7.8,20.0,104.0,114,,sampsja02
2021,Justin James,SF,SAC,401,24,36,0,310,8.1,17.2,0.468,2.2,5.9,0.368,5.9,11.3,0.521,0.532,3.3,5.6,0.583,1.4,3.3,4.6,3.4,1.2,0.5,2.3,3.6,21.5,106.0,121,,jamesju01
2021,Luka Šamanić,PF,SAS,402,21,33,4,308,7.4,16.5,0.448,1.9,6.8,0.279,5.5,9.8,0.565,0.505,2.5,4.6,0.552,2.5,8.2,10.7,2.4,1.3,1.3,3.2,6.8,19.2,97.0,112,,samanlu01
2021,Jerome Robinson,SG,WAS,403,23,17,6,305,4.2,14.4,0.295,1.7,6.3,0.262,2.6,8.0,0.321,0.353,2.4,3.0,0.8,0.6,5.1,5.7,3.8,1.8,0.9,2.9,4.7,12.5,81.0,113,,robinje01
2021,Trent Forrest,PG,UTA,404,22,30,0,302,5.2,11.5,0.451,0.8,4.2,0.192,4.4,7.3,0.6,0.486,3.1,3.1,1.0,1.8,5.3,7.1,7.3,1.5,0.6,3.4,3.5,14.2,113.0,110,,forretr01
2021,Ed Davis,C,MIN,405,31,23,7,299,3.0,7.0,0.432,0.0,0.0,,3.0,7.0,0.432,0.432,1.6,1.9,0.833,7.3,10.9,18.2,3.3,2.1,2.1,1.1,8.8,7.6,130.0,110,,davised01
2021,Paul Watson,SF,TOR,406,26,27,2,297,6.2,13.4,0.463,4.9,10.4,0.469,1.3,2.9,0.444,0.646,0.8,1.3,0.625,0.7,6.7,7.3,2.8,1.0,0.5,1.5,5.9,18.1,120.0,115,,watsopa01
2021,Romeo Langford,SG,BOS,407,21,18,4,283,3.6,10.2,0.356,0.9,3.1,0.278,2.8,7.1,0.39,0.398,1.6,2.1,0.75,2.1,4.0,6.0,2.2,1.0,0.9,1.7,4.1,9.7,95.0,116,,langfro01
2021,Vlatko Čančar,PF,DEN,408,23,41,1,281,5.8,12.7,0.458,1.6,5.8,0.273,4.2,6.9,0.615,0.521,1.8,2.3,0.769,1.9,6.9,8.8,2.5,1.9,0.4,2.5,3.2,15.0,104.0,112,,cancavl01
2021,Mfiondu Kabengele,PF,LAC,409,23,39,0,280,5.8,15.7,0.371,2.3,8.8,0.26,3.5,6.9,0.513,0.444,2.8,3.5,0.8,2.1,8.5,10.6,3.0,1.4,2.3,2.6,6.3,16.8,97.0,111,,kabenmf01
2021,Nathan Knight,PF,ATL,410,23,33,0,279,6.5,17.6,0.37,1.1,5.8,0.182,5.5,11.8,0.463,0.4,7.8,9.7,0.8,4.8,7.9,12.7,1.4,1.6,1.8,2.6,3.9,21.9,106.0,112,,knighna01
2021,Carsen Edwards,SG,BOS,411,22,31,1,276,8.3,19.6,0.423,3.2,11.2,0.286,5.1,8.5,0.604,0.505,1.9,2.3,0.846,0.5,4.1,4.6,2.5,1.2,0.2,1.2,4.4,21.8,108.0,116,,edwarca01
2021,Jordan Nwora,SF,MIL,412,22,30,2,274,10.6,23.1,0.459,4.8,10.6,0.452,5.8,12.5,0.466,0.563,3.3,4.3,0.76,1.5,8.7,10.3,1.2,2.7,1.2,4.1,3.8,29.3,102.0,108,,nworajo01
2021,Boban Marjanović,C,DAL,413,32,33,3,271,11.3,22.2,0.508,0.2,1.5,0.125,11.1,20.7,0.535,0.512,5.6,6.9,0.816,8.6,14.7,23.3,1.8,0.4,1.1,2.2,5.3,28.4,121.0,111,,marjabo01
2021,Thomas Bryant,C,WAS,414,23,10,10,271,10.0,15.5,0.648,1.5,3.6,0.429,8.5,11.9,0.714,0.698,2.7,4.1,0.667,3.1,7.3,10.4,2.6,0.7,1.4,1.9,5.3,24.3,132.0,114,,bryanth01
2021,Tre Jones,PG,SAS,415,21,37,1,269,6.7,14.1,0.474,0.5,0.9,0.6,6.1,13.2,0.466,0.494,3.1,3.4,0.895,1.4,2.3,3.8,7.0,1.4,0.0,2.3,2.3,17.0,112.0,117,,jonestr01
2021,Skylar Mays,SG,ATL,416,23,33,0,269,8.0,17.9,0.449,2.6,7.3,0.35,5.5,10.6,0.517,0.52,4.0,4.6,0.88,1.8,4.6,6.4,5.5,2.6,0.4,1.6,2.7,22.7,121.0,113,,mayssk01
2021,Alfonzo McKinnie,SF,LAL,417,28,39,0,258,9.1,17.5,0.516,3.0,7.4,0.41,6.0,10.2,0.593,0.602,1.9,3.4,0.556,4.1,6.0,10.2,1.1,1.3,0.0,0.9,4.9,23.0,123.0,110,,mckinal01
2021,Jaren Jackson Jr.,C,MEM,418,21,11,4,258,9.8,23.2,0.424,3.2,11.1,0.283,6.7,12.0,0.554,0.492,6.5,7.8,0.833,3.2,8.3,11.5,2.2,2.2,3.3,2.8,7.8,29.3,109.0,106,,jacksja02
2021,Ignas Brazdeikis,SF,NYK,419,22,13,0,249,6.8,16.2,0.422,2.2,5.5,0.393,4.7,10.8,0.436,0.488,2.0,2.7,0.714,2.2,6.6,8.8,3.3,0.8,0.6,2.3,4.3,17.8,101.0,116,,brazdig01
2021,Justin Patton,C,HOU,420,23,13,6,247,5.6,13.4,0.414,1.7,6.5,0.265,3.8,6.9,0.556,0.479,0.6,0.8,0.75,2.7,6.7,9.4,2.7,2.3,2.7,0.8,6.5,13.4,108.0,111,,pattoju01
2021,Keita Bates-Diop,SF,SAS,421,25,30,0,245,5.9,13.3,0.448,1.0,3.4,0.294,5.0,9.9,0.5,0.485,2.8,4.2,0.667,1.8,7.9,9.7,2.4,2.2,1.0,1.4,2.2,15.6,106.0,111,,bateske01
2021,Wenyen Gabriel,PF,NOP,422,23,21,0,241,4.8,11.9,0.4,2.6,6.4,0.406,2.2,5.6,0.393,0.508,2.2,3.4,0.647,4.0,6.8,10.7,2.2,1.8,1.6,3.0,6.4,14.3,104.0,112,,gabriwe01
2021,Tremont Waters,PG,BOS,423,23,26,3,238,7.0,17.2,0.405,3.1,7.8,0.395,3.9,9.4,0.413,0.494,3.3,3.5,0.941,1.0,3.3,4.3,12.7,3.1,0.2,5.5,3.5,20.3,108.0,112,,watertr01
2021,Mike James,PG,BRK,424,30,13,1,236,6.9,18.8,0.37,2.2,6.3,0.355,4.7,12.5,0.377,0.429,4.3,5.5,0.778,0.6,5.9,6.5,11.0,1.2,0.2,4.1,2.0,20.4,103.0,116,,jamesmi02
2021,Kyle Guy,PG,SAC,425,23,31,0,235,5.9,18.0,0.33,2.7,9.4,0.283,3.3,8.6,0.381,0.403,3.3,4.1,0.8,1.0,6.1,7.1,6.5,1.2,0.0,2.2,4.1,17.8,99.0,119,,guyky01
2021,Sam Merrill,SG,MIL,426,24,30,2,233,6.4,14.5,0.444,4.2,9.5,0.447,2.2,5.0,0.44,0.59,0.8,0.8,1.0,1.2,4.8,6.0,4.2,1.6,0.2,2.0,3.4,17.9,118.0,114,,merrisa01
2021,Chris Chiozza,PG,BRK,427,25,22,1,232,6.4,18.3,0.352,2.7,8.7,0.31,3.7,9.6,0.391,0.426,2.7,3.5,0.765,0.6,4.4,5.0,13.5,1.5,1.2,3.3,4.0,18.3,108.0,115,,chiozch01
2021,Bruno Fernando,C,ATL,428,22,33,0,226,3.9,9.6,0.409,0.0,0.4,0.0,3.9,9.1,0.429,0.409,3.3,4.8,0.682,3.5,13.5,17.0,2.2,0.9,0.7,4.6,5.0,11.1,86.0,111,,fernabr01
2021,Matthew Dellavedova,PG,CLE,429,30,13,1,224,3.1,12.3,0.25,0.9,5.5,0.16,2.2,6.8,0.323,0.286,0.9,0.9,1.0,1.3,4.0,5.3,12.8,0.9,0.2,1.3,4.6,7.9,101.0,118,,dellama01
2021,Anthony Gill,PF,WAS,430,28,26,4,218,6.3,12.7,0.5,1.5,5.1,0.292,4.9,7.6,0.639,0.558,2.7,3.4,0.813,3.4,7.4,10.8,2.3,2.1,0.8,1.7,5.7,16.9,120.0,111,,gillan01
2021,Sindarius Thornwell,SG,NOP,431,26,21,1,217,3.3,10.3,0.326,1.6,5.1,0.304,1.8,5.1,0.348,0.402,0.9,1.8,0.5,0.7,3.3,4.0,4.7,2.9,0.4,1.6,3.3,9.1,93.0,114,,thornsi01
2021,Markelle Fultz,PG,ORL,432,22,8,8,215,9.3,23.5,0.394,0.9,3.6,0.25,8.4,19.9,0.42,0.413,3.8,4.3,0.895,1.1,4.5,5.7,9.7,1.8,0.5,4.1,4.1,23.3,96.0,116,,fultzma01
2021,Gabriel Deck,PF,OKC,433,25,10,0,212,7.2,15.0,0.478,0.4,3.4,0.133,6.7,11.7,0.577,0.493,4.0,4.9,0.818,3.6,5.4,9.0,5.4,1.8,0.0,1.3,2.0,18.8,121.0,115,,deckga01
2021,Reggie Perry,PF,BRK,434,20,26,0,211,7.3,17.8,0.41,0.9,4.8,0.19,6.4,13.0,0.491,0.436,2.3,3.0,0.769,6.2,10.5,16.7,3.2,1.4,1.4,3.4,9.1,17.8,101.0,111,,perryre01
2021,Dewayne Dedmon,C,MIA,435,31,16,0,210,10.9,15.4,0.708,0.2,1.2,0.2,10.6,14.2,0.75,0.715,4.7,6.4,0.741,6.6,13.7,20.3,2.8,2.1,1.4,3.1,8.5,26.7,135.0,105,,dedmode01
2021,Markus Howard,SG,DEN,436,21,37,1,205,9.6,25.6,0.377,4.3,15.7,0.277,5.3,9.9,0.537,0.462,1.7,2.2,0.778,0.2,4.8,5.1,4.3,1.0,0.2,4.3,5.5,25.3,89.0,116,,howarma02
2021,Darius Miller,SF,OKC,437,30,18,0,197,5.3,11.6,0.458,4.1,10.1,0.405,1.2,1.4,0.833,0.635,2.9,2.9,1.0,0.5,5.3,5.8,5.1,3.1,1.2,1.9,3.1,17.6,130.0,111,,milleda01
2021,Jordan Bone,PG,ORL,438,23,14,0,196,5.7,13.4,0.426,2.5,7.9,0.313,3.2,5.5,0.591,0.519,0.0,0.0,,1.0,5.0,6.0,4.5,0.5,0.0,0.7,2.7,13.9,113.0,119,,bonejo01
2021,Rodney McGruder,SG,DET,439,29,16,2,194,9.4,17.7,0.529,2.8,6.1,0.458,6.6,11.6,0.565,0.607,1.5,2.0,0.75,2.0,3.5,5.6,4.0,2.0,0.3,1.8,3.0,23.0,120.0,114,,mcgruro01
2021,CJ Elleby,SF,POR,440,20,30,0,192,6.4,16.8,0.379,1.8,8.6,0.206,4.6,8.1,0.563,0.432,2.8,3.8,0.733,2.8,5.3,8.1,2.5,1.5,0.8,1.3,6.9,17.3,105.0,117,,ellebcj01
2021,Alize Johnson,PF,BRK,441,24,18,0,189,10.2,17.4,0.588,0.3,1.5,0.167,10.0,15.8,0.629,0.596,3.3,3.3,1.0,6.9,16.1,23.0,3.6,1.3,1.3,2.3,4.1,24.0,131.0,109,,johnsal02
2021,Killian Tillie,C,MEM,442,22,18,1,182,5.0,15.0,0.333,2.6,8.7,0.303,2.4,6.3,0.375,0.421,2.4,2.9,0.818,1.6,4.7,6.3,2.1,1.3,2.1,0.5,5.3,15.0,104.0,112,,tilliki02
2021,Donta Hall,PF,ORL,443,23,13,0,179,6.8,9.5,0.714,0.0,0.0,,6.8,9.5,0.714,0.714,6.3,9.2,0.676,6.5,10.3,16.9,3.0,1.4,2.7,2.2,4.9,19.8,142.0,110,,halldo01
2021,Paul Reed,PF,PHI,444,21,26,0,177,11.4,21.3,0.538,0.0,1.6,0.0,11.4,19.6,0.583,0.538,1.1,2.2,0.5,8.2,8.4,16.6,3.3,2.7,3.5,3.3,7.9,24.0,111.0,102,,reedpa01
2021,Jalen Harris,SG,TOR,445,22,13,2,172,10.1,20.3,0.5,4.8,10.1,0.472,5.3,10.1,0.528,0.618,2.0,2.5,0.778,0.8,4.2,5.1,4.8,2.3,0.0,3.9,4.2,27.0,110.0,114,,harrija01
2021,Jabari Parker,PF,SAC,446,25,13,0,165,8.9,16.2,0.545,0.6,3.2,0.182,8.3,13.0,0.636,0.564,3.0,3.8,0.769,3.0,9.4,12.4,3.2,0.3,1.5,3.0,3.8,21.3,113.0,114,,parkeja01
2021,Daniel Oturu,C,LAC,447,21,30,0,161,6.8,16.0,0.423,0.3,1.5,0.2,6.5,14.5,0.447,0.433,2.8,3.7,0.75,6.5,8.3,14.8,3.1,1.2,2.2,2.8,7.4,16.6,106.0,109,,oturuda01
2021,Bol Bol,PF,DEN,448,21,32,2,160,7.7,17.9,0.431,2.8,7.4,0.375,4.9,10.5,0.471,0.509,3.1,4.6,0.667,0.0,7.4,7.4,2.2,0.9,3.1,4.0,4.3,21.3,92.0,111,,bolbo01
2021,Sean McDermott,SF,MEM,449,24,18,0,158,3.9,10.0,0.394,1.5,6.7,0.227,2.4,3.3,0.727,0.47,2.4,2.4,1.0,1.8,3.9,5.7,1.2,0.6,0.9,1.2,2.4,11.8,110.0,116,,mcderse01
2021,Quinn Cook,PG,LAL,450,27,23,0,157,9.1,21.2,0.426,3.4,8.1,0.423,5.6,13.1,0.429,0.507,2.2,2.5,0.875,0.6,4.7,5.3,5.6,1.2,0.3,2.2,3.1,23.7,107.0,114,,cookqu01
2021,Jalen Smith,PF,PHO,451,20,27,1,156,7.0,15.8,0.44,1.3,5.4,0.235,5.7,10.4,0.545,0.48,1.6,2.2,0.714,2.2,9.5,11.7,1.3,0.3,1.6,2.2,5.1,16.8,96.0,112,,smithja04
2021,Khyri Thomas,SG,HOU,452,24,5,2,153,9.9,20.4,0.485,2.8,8.4,0.333,7.1,12.1,0.59,0.553,2.8,2.8,1.0,2.2,3.4,5.6,7.7,2.8,1.9,1.9,2.5,25.4,123.0,113,,thomakh01
2021,Charlie Brown Jr.,SG,OKC,453,23,9,1,152,4.1,13.4,0.302,1.6,6.6,0.238,2.5,6.9,0.364,0.36,2.8,3.1,0.9,0.9,4.4,5.3,2.8,1.3,0.6,1.9,5.9,12.5,88.0,116,,brownch02
2021,Ersan İlyasova,PF,UTA,454,33,17,1,148,6.9,17.8,0.389,5.9,13.5,0.439,1.0,4.3,0.231,0.556,1.6,1.6,1.0,2.3,7.2,9.5,1.3,3.3,1.0,2.6,9.5,21.4,109.0,104,,ilyaser01
2021,Juwan Morgan,PF,UTA,455,23,29,0,147,4.6,9.9,0.467,1.3,4.3,0.308,3.3,5.6,0.588,0.533,1.0,2.3,0.429,3.0,6.3,9.3,3.0,1.3,0.3,1.3,7.0,11.6,116.0,110,,morgaju01
2021,Mamadi Diakite,PF,MIL,456,24,14,1,141,5.3,13.3,0.4,0.3,2.7,0.125,5.0,10.7,0.469,0.413,3.7,4.7,0.786,2.7,8.7,11.3,2.7,2.3,2.0,1.0,5.3,14.7,110.0,108,,diakima01
2021,Jarrell Brantley,PF,UTA,457,24,28,0,138,8.8,18.4,0.481,4.2,9.9,0.429,4.6,8.5,0.542,0.596,0.7,0.7,1.0,3.2,6.4,9.5,5.3,2.5,0.7,2.8,6.0,22.6,120.0,107,,brantja01
2021,Tacko Fall,C,BOS,458,25,19,0,136,7.5,10.4,0.724,0.0,0.0,,7.5,10.4,0.724,0.724,1.8,5.4,0.333,5.7,12.9,18.7,1.1,0.4,7.2,2.2,7.9,16.9,124.0,104,,fallta01
2021,Yogi Ferrell,PG,CLE,459,27,10,0,136,7.3,20.7,0.351,3.3,10.2,0.321,4.0,10.5,0.379,0.43,2.5,3.3,0.778,1.8,5.1,6.9,8.0,2.5,1.1,1.1,4.0,20.4,110.0,111,,ferreyo01
2021,Deividas Sirvydis,SG,DET,460,20,20,0,133,5.2,14.8,0.35,3.7,10.3,0.357,1.5,4.4,0.333,0.475,1.1,2.2,0.5,0.0,10.7,10.7,1.8,0.7,0.0,1.8,3.3,15.1,90.0,114,,sirvyde01
2021,Rodions Kurucs,PF,BRK,461,22,21,0,125,4.2,12.1,0.344,2.3,8.0,0.286,1.9,4.2,0.455,0.438,1.1,1.5,0.75,1.9,6.8,8.7,3.8,3.4,1.5,4.9,6.1,11.7,79.0,109,,kurucro01
2021,Dakota Mathias,SG,PHI,462,25,8,2,123,7.4,18.8,0.396,3.1,10.2,0.308,4.3,8.6,0.5,0.479,0.8,2.4,0.333,0.4,2.4,2.7,5.1,0.4,1.2,0.4,2.7,18.8,107.0,114,,mathida01
2021,Quinndary Weatherspoon,SG,SAS,463,24,20,0,121,6.4,14.0,0.457,0.4,2.4,0.167,6.0,11.6,0.517,0.471,5.2,6.4,0.813,1.2,3.2,4.4,3.2,3.2,0.8,4.0,7.2,18.4,97.0,111,,weathqu01
2021,T.J. Warren,SF,IND,464,27,4,4,117,10.9,20.6,0.529,0.0,2.8,0.0,10.9,17.8,0.614,0.529,3.2,4.0,0.8,0.8,4.8,5.7,2.0,0.8,0.0,1.6,6.5,25.0,107.0,117,,warretj01
2021,Dante Exum,SG,CLE,465,25,6,3,116,4.3,11.1,0.385,0.9,4.7,0.182,3.4,6.4,0.533,0.423,0.4,0.9,0.5,0.9,6.4,7.2,5.5,1.7,0.9,3.0,3.8,9.8,87.0,114,,exumda01
2021,Vernon Carey Jr.,C,CHO,466,19,19,4,115,7.6,15.3,0.5,0.4,3.0,0.143,7.2,12.3,0.586,0.514,3.8,4.7,0.818,2.5,8.9,11.5,0.8,0.4,2.1,2.1,5.5,19.5,108.0,113,,careyve01
2021,Rondae Hollis-Jefferson,PF,POR,467,26,11,1,107,4.1,8.2,0.5,0.0,0.5,0.0,4.1,7.7,0.529,0.5,4.1,7.3,0.563,5.0,6.8,11.9,5.9,0.9,1.8,0.9,6.8,12.3,136.0,116,,holliro01
2021,Robert Franks,PF,ORL,468,24,7,0,101,6.3,13.5,0.464,2.4,7.2,0.333,3.9,6.3,0.615,0.554,5.8,6.3,0.923,2.9,3.9,6.7,2.4,1.4,1.4,1.0,3.9,20.7,133.0,116,,frankro01
2021,Anthony Tolliver,PF,PHI,469,35,11,0,99,1.9,8.3,0.235,1.9,6.8,0.286,0.0,1.5,0.0,0.353,2.4,2.9,0.833,1.5,3.4,4.9,1.0,1.5,1.0,1.5,3.4,8.3,91.0,111,,tollian01
2021,Cassius Winston,PG,WAS,470,22,22,0,98,6.6,15.5,0.424,3.8,8.0,0.471,2.8,7.5,0.375,0.545,2.4,2.8,0.833,0.0,4.2,4.2,5.6,0.9,0.5,2.4,3.8,19.3,111.0,116,,winstca01
2021,Devontae Cacok,PF,LAL,471,24,20,1,98,8.4,14.4,0.586,0.0,0.0,,8.4,14.4,0.586,0.586,2.5,5.5,0.455,6.0,9.9,15.9,0.5,2.5,2.0,2.5,4.0,19.4,111.0,102,,cacokde01
2021,Jahmi'us Ramsey,SG,SAC,472,19,13,0,94,7.7,19.4,0.395,2.6,9.7,0.263,5.1,9.7,0.526,0.461,2.6,2.6,1.0,1.0,4.1,5.1,3.1,2.0,0.5,1.5,4.1,20.4,102.0,118,,ramseja01
2021,Cassius Stanley,SG,IND,473,21,24,0,93,6.6,21.9,0.302,1.5,6.6,0.231,5.1,15.2,0.333,0.337,3.6,4.6,0.778,4.1,6.1,10.2,0.5,0.5,1.0,0.5,7.1,18.3,90.0,116,,stanlca01
2021,Nate Hinton,SG,DAL,474,21,21,0,93,8.0,22.3,0.357,2.1,10.1,0.211,5.8,12.2,0.478,0.405,3.7,5.3,0.7,0.5,4.2,4.8,4.2,3.7,1.1,2.7,4.2,21.7,91.0,109,,hintona01
2021,Chris Silva,PF,MIA,475,24,15,0,92,5.4,8.6,0.625,0.5,0.5,1.0,4.8,8.1,0.6,0.656,5.9,8.1,0.733,3.8,10.8,14.5,3.2,0.5,3.2,5.4,12.9,17.2,110.0,109,,silvach01
2021,Karim Mané,PG,ORL,476,20,10,0,88,1.7,7.2,0.231,0.6,1.1,0.5,1.1,6.1,0.182,0.269,2.2,2.8,0.8,0.6,7.2,7.7,2.2,0.0,1.1,1.7,5.5,6.1,77.0,117,,maneka01
2021,Justin Robinson,PG,OKC,477,23,9,0,88,3.8,11.3,0.333,2.2,7.6,0.286,1.6,3.8,0.429,0.429,1.6,2.7,0.6,0.5,3.2,3.8,4.9,1.6,0.0,1.1,5.4,11.3,102.0,117,,robinju01
2021,Cameron Oliver,SF,HOU,478,24,4,0,87,10.3,18.0,0.576,2.2,7.1,0.308,8.2,10.9,0.75,0.636,0.5,2.2,0.25,2.7,8.7,11.4,2.7,1.1,2.2,1.6,6.0,23.4,118.0,113,,oliveca01
2021,Louis King,SF,SAC,479,21,6,1,85,9.6,19.2,0.5,2.3,6.2,0.364,7.3,13.0,0.565,0.559,3.4,3.4,1.0,2.8,7.3,10.2,5.1,4.0,1.7,2.3,5.1,24.8,121.0,110,,kinglo02
2021,Cristiano Felício,C,CHI,480,28,18,0,84,4.0,7.5,0.538,0.0,1.2,0.0,4.0,6.3,0.636,0.538,5.2,9.2,0.563,5.8,9.2,15.0,5.2,2.3,0.0,2.3,5.8,13.3,125.0,110,,feliccr01
2021,Alen Smailagić,PF,GSW,481,20,15,1,84,6.2,15.1,0.407,2.2,5.6,0.4,3.9,9.5,0.412,0.481,1.1,3.4,0.333,3.4,5.6,8.9,2.2,1.7,2.8,2.8,6.2,15.7,92.0,108,,smailal01
2021,Jay Scrubb,SG,LAC,482,20,4,1,84,8.3,21.2,0.389,1.2,5.3,0.222,7.1,15.9,0.444,0.417,2.9,2.9,1.0,1.2,7.1,8.3,0.6,2.4,0.0,4.1,2.9,20.6,82.0,111,,scrubja01
2021,Norvel Pelle,C,BRK,483,27,13,0,84,4.7,8.8,0.533,0.0,0.0,,4.7,8.8,0.533,0.533,2.3,3.5,0.667,3.5,7.6,11.2,1.2,0.6,5.3,1.8,8.2,11.7,113.0,107,,pelleno01
2021,Jordan Bell,C,WAS,484,26,6,1,82,3.9,12.4,0.318,0.0,1.1,0.0,3.9,11.3,0.35,0.318,0.6,1.1,0.5,3.9,9.6,13.5,3.9,1.7,2.8,2.3,3.9,8.5,83.0,108,,belljo01
2021,Jared Dudley,PF,LAL,485,35,12,0,81,1.2,5.4,0.222,1.2,3.6,0.333,0.0,1.8,0.0,0.333,0.0,0.0,,2.4,10.2,12.6,3.0,0.6,0.6,1.2,4.2,3.6,94.0,108,,dudleja01
2021,Frank Mason III,PG,ORL,486,26,4,1,79,5.5,14.8,0.375,1.2,3.1,0.4,4.3,11.7,0.368,0.417,3.1,4.3,0.714,1.8,5.5,7.4,7.4,0.0,0.0,3.1,4.3,15.4,98.0,120,,masonfr01
2021,Thon Maker,C,CLE,487,23,8,0,76,6.5,11.7,0.556,0.0,1.3,0.0,6.5,10.4,0.625,0.556,6.5,7.1,0.909,5.2,6.5,11.7,2.6,1.3,2.6,1.9,4.5,19.5,133.0,113,,makerth01
2021,Keljin Blevins,SF,POR,488,25,17,0,75,3.3,13.0,0.25,1.3,5.2,0.25,2.0,7.8,0.25,0.3,0.0,0.0,,2.0,4.6,6.5,2.6,1.3,0.0,3.3,5.2,7.8,66.0,119,,blevike01
2021,Jeremiah Martin,PG,CLE,489,24,9,0,75,5.9,21.7,0.273,2.0,7.9,0.25,3.9,13.8,0.286,0.318,0.7,3.3,0.2,1.3,3.3,4.6,2.6,3.3,1.3,3.9,0.7,14.5,63.0,112,,martije02
2021,Devin Cannady,PG,ORL,490,24,8,0,74,7.2,18.4,0.393,3.9,10.5,0.375,3.3,7.9,0.417,0.5,3.9,4.6,0.857,0.0,3.3,3.3,0.7,3.3,0.7,1.3,5.9,22.4,105.0,113,,cannade01
2021,Tyler Bey,SF,DAL,491,22,18,0,71,4.9,15.3,0.318,0.7,2.8,0.25,4.2,12.5,0.333,0.341,2.1,3.5,0.6,5.6,7.6,13.2,2.1,0.0,0.7,2.1,4.2,12.5,91.0,116,,beyty01
2021,Rayjon Tucker,PG,PHI,492,23,14,0,68,6.4,12.8,0.5,1.4,5.0,0.286,5.0,7.8,0.636,0.556,9.9,13.5,0.737,0.7,7.1,7.8,4.3,1.4,0.0,2.8,5.7,24.1,123.0,110,,tuckera01
2021,Elijah Hughes,SF,UTA,493,22,18,0,64,7.6,22.8,0.333,6.1,17.5,0.348,1.5,5.3,0.286,0.467,2.3,3.0,0.75,0.8,6.1,6.9,4.6,0.8,0.8,4.6,0.8,23.6,93.0,111,,hugheel01
2021,Spencer Dinwiddie,SG,BRK,494,27,3,3,64,4.5,12.1,0.375,1.5,5.3,0.286,3.0,6.8,0.444,0.438,4.5,4.5,1.0,0.0,9.8,9.8,6.8,1.5,0.8,3.8,3.0,15.1,102.0,112,,dinwisp01
2021,Nick Richards,PF,CHO,495,23,18,0,63,3.1,7.0,0.444,0.0,0.8,0.0,3.1,6.2,0.5,0.444,5.4,8.5,0.636,3.1,5.4,8.5,1.6,0.0,0.0,2.3,5.4,11.6,107.0,119,,richani01
2021,Andre Roberson,SG,BRK,496,29,5,0,63,1.5,10.7,0.143,0.8,6.1,0.125,0.8,4.6,0.167,0.179,0.8,1.5,0.5,5.4,6.1,11.5,3.1,2.3,0.8,1.5,3.1,4.6,79.0,113,,roberan03
2021,Tim Frazier,PG,MEM,497,30,5,0,62,2.3,15.4,0.15,0.0,6.2,0.0,2.3,9.3,0.25,0.15,1.5,4.6,0.333,0.0,6.2,6.2,12.3,1.5,0.8,3.1,5.4,6.2,63.0,112,,fraziti01
2021,Axel Toupane,SF,MIL,498,28,8,1,61,3.1,8.5,0.364,0.8,1.5,0.5,2.3,6.9,0.333,0.409,3.8,5.4,0.714,0.0,4.6,4.6,3.1,1.5,2.3,0.0,4.6,10.8,119.0,111,,toupaax01
2021,Udoka Azubuike,C,UTA,499,21,15,0,57,3.4,7.7,0.444,0.0,0.0,,3.4,7.7,0.444,0.444,6.8,8.5,0.8,3.4,7.7,11.1,0.0,0.9,3.4,2.6,7.7,13.7,113.0,106,,azubuud01
2021,Kostas Antetokounmpo,PF,LAL,500,23,15,0,56,2.6,8.7,0.3,0.0,0.0,,2.6,8.7,0.3,0.3,5.2,11.3,0.462,3.5,13.0,16.5,0.9,1.7,3.5,9.6,6.9,10.4,56.0,100,,antetko01
2021,Adam Mokoka,SG,CHI,501,22,14,0,56,6.1,16.4,0.368,0.9,8.7,0.1,5.2,7.8,0.667,0.395,0.0,0.9,0.0,0.9,3.5,4.3,4.3,1.7,0.9,4.3,4.3,13.0,73.0,113,,mokokad01
2021,Tyrell Terry,PG,DAL,502,20,11,0,56,4.4,14.1,0.313,0.0,6.2,0.0,4.4,7.9,0.556,0.313,0.9,2.6,0.333,0.0,5.3,5.3,5.3,4.4,0.0,1.8,1.8,9.7,75.0,108,,terryty01
2021,Didi Louzada,SF,NOP,503,21,3,0,56,2.6,11.1,0.231,1.7,6.9,0.25,0.9,4.3,0.2,0.308,0.0,0.0,,0.9,1.7,2.6,2.6,1.7,0.0,2.6,4.3,6.9,66.0,117,,louzama01
2021,Jontay Porter,PF,MEM,504,21,11,0,54,7.1,13.3,0.533,2.7,7.1,0.375,4.4,6.2,0.714,0.633,2.7,4.4,0.6,3.5,8.9,12.4,0.9,2.7,0.9,6.2,10.6,19.5,93.0,108,,portejo01
2021,Devon Dotson,PG,CHI,505,21,11,0,50,10.7,20.4,0.524,1.0,6.8,0.143,9.7,13.6,0.714,0.548,0.0,0.0,,1.9,2.9,4.8,6.8,3.9,0.0,0.0,2.9,22.3,126.0,110,,dotsode01
2021,Terrance Ferguson,SG,PHI,506,22,13,0,49,1.0,6.9,0.143,0.0,4.9,0.0,1.0,2.0,0.5,0.143,0.0,0.0,,0.0,1.0,1.0,2.0,1.0,0.0,3.9,6.9,2.0,30.0,114,,fergute01
2021,James Nunnally,SF,NOP,507,30,9,0,48,5.0,13.0,0.385,4.0,12.0,0.333,1.0,1.0,1.0,0.538,1.0,2.0,0.5,2.0,7.0,9.0,3.0,0.0,0.0,2.0,1.0,15.0,108.0,119,,nunnaja01
2021,Isaiah Thomas,PG,NOP,508,31,3,0,48,9.0,27.0,0.333,3.0,12.0,0.25,6.0,15.0,0.4,0.389,2.0,2.0,1.0,1.0,3.0,4.0,5.0,1.0,0.0,6.0,3.0,23.0,79.0,118,,thomais02
2021,Ty-Shon Alexander,SG,PHO,509,22,15,0,47,3.2,12.6,0.25,2.1,9.5,0.222,1.1,3.2,0.333,0.333,1.1,2.1,0.5,2.1,8.4,10.5,6.3,0.0,1.1,3.2,2.1,9.5,84.0,114,,alexaty01
2021,Robert Woodard II,SF,SAC,510,21,13,0,45,8.5,21.3,0.4,1.1,6.4,0.167,7.5,14.9,0.5,0.425,3.2,8.5,0.375,4.3,12.8,17.1,2.1,0.0,3.2,1.1,4.3,21.3,96.0,114,,woodaro01
2021,Kris Dunn,PG,ATL,511,26,4,0,45,1.1,13.1,0.083,0.0,2.2,0.0,1.1,10.9,0.1,0.083,3.3,4.4,0.75,0.0,6.6,6.6,2.2,2.2,2.2,3.3,10.9,5.5,41.0,110,,dunnkr01
2021,Gary Payton II,PG,GSW,512,28,10,0,40,11.7,15.3,0.769,2.3,4.7,0.5,9.4,10.6,0.889,0.846,3.5,4.7,0.75,2.3,10.6,12.9,1.2,7.0,1.2,1.2,9.4,29.4,152.0,95,,paytoga02
2021,Cameron Reynolds,SF,SAS,513,25,5,0,40,7.1,21.4,0.333,3.6,14.3,0.25,3.6,7.1,0.5,0.417,0.0,0.0,,2.4,3.6,5.9,2.4,0.0,0.0,0.0,2.4,17.8,96.0,121,,reynoca01
2021,Vincent Poirier,C,PHI,514,27,10,0,39,3.7,14.8,0.25,0.0,1.2,0.0,3.7,13.6,0.273,0.25,2.5,7.4,0.333,7.4,9.9,17.3,2.5,0.0,3.7,4.9,9.9,9.9,70.0,107,,poirivi01
2021,Henry Ellenson,PF,TOR,515,24,2,0,38,6.4,17.8,0.357,2.5,11.5,0.222,3.8,6.4,0.6,0.429,3.8,5.1,0.75,3.8,11.5,15.3,6.4,0.0,0.0,0.0,8.9,19.1,121.0,115,,ellenhe01
2021,Bruno Caboclo,PF,HOU,516,25,6,0,36,10.5,22.3,0.471,0.0,6.6,0.0,10.5,15.8,0.667,0.471,1.3,2.6,0.5,3.9,14.5,18.4,1.3,0.0,2.6,5.3,7.9,22.3,83.0,112,,cabocbr01
2021,Anderson Varejão,C,CLE,517,38,5,0,36,5.5,21.9,0.25,0.0,1.4,0.0,5.5,20.6,0.267,0.25,6.9,12.3,0.556,9.6,17.8,27.4,4.1,0.0,2.7,1.4,4.1,17.8,91.0,110,,varejan01
2021,T.J. Leaf,PF,POR,518,23,7,0,35,7.0,13.9,0.5,0.0,0.0,,7.0,13.9,0.5,0.5,2.8,2.8,1.0,0.0,7.0,7.0,1.4,2.8,1.4,2.8,1.4,16.7,97.0,113,,leaftj01
2021,Theo Pinson,SG,NYK,519,25,17,0,34,1.5,13.2,0.111,0.0,11.8,0.0,1.5,1.5,1.0,0.111,0.0,0.0,,0.0,7.4,7.4,1.5,0.0,0.0,1.5,5.9,2.9,29.0,113,,pinsoth01
2021,Patrick McCaw,SF,TOR,520,25,5,0,33,1.5,1.5,1.0,0.0,0.0,,1.5,1.5,1.0,1.0,4.4,4.4,1.0,1.5,2.9,4.4,5.9,2.9,0.0,0.0,8.8,7.3,233.0,113,,mccawpa01
2021,Elijah Bryant,SG,MIL,521,25,1,0,32,8.8,19.1,0.462,1.5,7.3,0.2,7.3,11.7,0.625,0.5,4.4,4.4,1.0,2.9,5.9,8.8,4.4,0.0,1.5,5.9,5.9,23.5,100.0,115,,bryanel01
2021,Marques Bolden,C,CLE,522,22,6,0,29,1.7,5.1,0.333,0.0,0.0,,1.7,5.1,0.333,0.333,8.5,13.6,0.625,5.1,5.1,10.2,0.0,3.4,3.4,3.4,0.0,11.9,101.0,108,,boldema01
2021,Amida Brimah,C,IND,523,26,5,0,29,8.1,13.0,0.625,0.0,0.0,,8.1,13.0,0.625,0.625,4.9,4.9,1.0,3.3,9.8,13.0,1.6,0.0,8.1,6.5,6.5,21.2,101.0,106,,brimaam01
2021,Meyers Leonard,C,MIA,524,28,3,2,29,5.1,12.0,0.429,5.1,12.0,0.429,0.0,0.0,,0.643,1.7,3.4,0.5,0.0,12.0,12.0,3.4,0.0,0.0,3.4,8.6,17.1,101.0,113,,leoname01
2021,Grant Riller,PG,CHO,525,23,7,0,27,14.5,21.7,0.667,3.6,7.2,0.5,10.9,14.5,0.75,0.75,0.0,0.0,,0.0,1.8,1.8,5.4,1.8,0.0,1.8,0.0,32.6,134.0,117,,rillegr01
2021,Marquese Chriss,PF,GSW,526,23,2,0,27,8.7,24.4,0.357,1.7,8.7,0.2,7.0,15.7,0.444,0.393,3.5,7.0,0.5,5.2,17.4,22.6,3.5,0.0,3.5,3.5,5.2,22.6,88.0,104,,chrisma01
2021,Nate Darling,SG,CHO,527,22,7,0,26,3.8,13.1,0.286,3.8,13.1,0.286,0.0,0.0,,0.429,5.6,5.6,1.0,1.9,0.0,1.9,1.9,0.0,1.9,1.9,1.9,16.9,110.0,120,,darlina01
2021,Ray Spalding,C,HOU,528,23,2,0,19,5.0,10.0,0.5,0.0,2.5,0.0,5.0,7.5,0.667,0.5,0.0,5.0,0.0,5.0,5.0,10.0,0.0,0.0,5.0,7.5,7.5,10.0,60.0,114,,spaldra01
2021,Jaylen Adams,PG,MIL,529,24,7,0,18,2.6,20.9,0.125,0.0,5.2,0.0,2.6,15.7,0.167,0.125,0.0,0.0,,0.0,7.8,7.8,5.2,0.0,0.0,0.0,2.6,5.2,45.0,116,,adamsja01
2021,Jared Harper,PG,NYK,530,23,8,0,16,0.0,12.5,0.0,0.0,3.1,0.0,0.0,9.4,0.0,0.0,9.4,12.5,0.75,0.0,6.3,6.3,3.1,0.0,0.0,9.4,3.1,9.4,43.0,114,,harpeja01
2021,Brian Bowen,SF,IND,531,22,6,0,15,3.2,12.6,0.25,0.0,3.2,0.0,3.2,9.5,0.333,0.25,3.2,3.2,1.0,0.0,9.5,9.5,0.0,0.0,0.0,0.0,3.2,9.5,74.0,116,,bowenbr02
2021,Jalen Lecque,PG,IND,532,20,4,0,12,3.9,35.5,0.111,0.0,3.9,0.0,3.9,31.5,0.125,0.111,11.8,11.8,1.0,7.9,11.8,19.7,7.9,0.0,0.0,0.0,0.0,19.7,77.0,115,,lecquja01
2021,Greg Whittington,PF,DEN,533,27,4,0,12,0.0,12.4,0.0,0.0,8.2,0.0,0.0,4.1,0.0,0.0,0.0,0.0,,0.0,0.0,0.0,0.0,0.0,0.0,0.0,0.0,0.0,0.0,121,,whittgr01
2021,Noah Vonleh,C,BRK,534,25,4,0,11,0.0,13.2,0.0,0.0,8.8,0.0,0.0,4.4,0.0,0.0,0.0,0.0,,0.0,4.4,4.4,4.4,0.0,0.0,8.8,8.8,0.0,14.0,120,,vonleno01
2021,Malik Fitts,PF,LAC,535,23,3,0,11,4.5,13.5,0.333,4.5,9.0,0.5,0.0,4.5,0.0,0.5,0.0,0.0,,0.0,13.5,13.5,0.0,0.0,0.0,0.0,13.5,13.5,102.0,112,,fittsma01
2021,Iman Shumpert,SG,BRK,536,30,2,0,11,4.4,17.5,0.25,0.0,13.2,0.0,4.4,4.4,1.0,0.25,0.0,0.0,,4.4,0.0,4.4,0.0,4.4,0.0,4.4,0.0,8.8,56.0,113,,shumpim01
2021,Anžejs Pasečņiks,C,WAS,537,25,1,0,6,0.0,7.7,0.0,0.0,7.7,0.0,0.0,0.0,,0.0,0.0,0.0,,7.7,0.0,7.7,7.7,0.0,0.0,38.4,15.4,0.0,21.0,120,,pasecan01
2021,Ashton Hagans,PG,MIN,538,21,2,0,4,0.0,0.0,,0.0,0.0,,0.0,0.0,,,0.0,0.0,,0.0,0.0,0.0,0.0,0.0,0.0,11.8,0.0,0.0,0.0,124,,haganas01
2021,Udonis Haslem,C,MIA,539,40,1,0,3,33.1,33.1,1.0,0.0,0.0,,33.1,33.1,1.0,1.0,0.0,0.0,,0.0,16.6,16.6,0.0,0.0,0.0,0.0,0.0,66.2,200.0,111,,hasleud01
2021,Will Magnay,C,NOP,540,22,1,0,3,0.0,16.0,0.0,0.0,16.0,0.0,0.0,0.0,,0.0,0.0,0.0,,0.0,0.0,0.0,0.0,0.0,0.0,16.0,16.0,0.0,0.0,122,,magnawi01
2022,Mikal Bridges,SF,PHO,1,25,82,82,2854,7.7,14.5,0.534,1.9,5.3,0.369,5.8,9.2,0.628,0.601,2.2,2.6,0.834,1.2,4.6,5.9,3.1,1.6,0.6,1.1,2.5,19.6,125,110,DPOY-2DEF1,bridgmi01
2022,Miles Bridges,PF,CHO,2,23,80,80,2837,10.1,20.5,0.491,2.6,7.9,0.331,7.5,12.7,0.59,0.554,4.5,5.6,0.802,1.5,7.9,9.5,5.1,1.3,1.1,2.5,3.3,27.3,117,114,bridgmi02,
2022,DeMar DeRozan,PF,CHI,3,32,76,76,2743,13.8,27.3,0.504,0.9,2.5,0.352,12.9,24.8,0.52,0.521,9.3,10.6,0.877,1.0,6.0,7.0,6.7,1.2,0.4,3.2,3.2,37.7,117,115,MVP-10ASNBA2,derozde01
2022,Jayson Tatum,SF,BOS,4,23,76,76,2731,12.9,28.5,0.453,4.2,11.8,0.353,8.7,16.6,0.524,0.526,7.3,8.5,0.853,1.5,9.5,11.1,6.1,1.4,0.9,3.9,3.2,37.2,113,106,MVP-6ASNBA1,tatumja01
2022,Saddiq Bey,SF,DET,5,22,82,82,2704,8.1,20.5,0.396,3.8,11.0,0.346,4.3,9.5,0.454,0.489,3.8,4.6,0.827,1.9,6.0,8.0,4.2,1.3,0.3,1.7,2.3,23.8,110,116,beysa01,
2022,Tyrese Haliburton,SG,SAC,6,21,77,77,2695,7.7,16.3,0.473,2.9,7.0,0.414,4.8,9.3,0.517,0.562,2.9,3.4,0.842,1.1,4.5,5.6,11.3,2.4,0.9,3.6,2.2,21.2,119,115,halibty01,
2022,Russell Westbrook,PG,LAL,7,33,78,78,2678,9.8,22.1,0.444,1.4,4.7,0.298,8.4,17.3,0.485,0.476,4.8,7.1,0.667,2.0,8.4,10.4,9.8,1.3,0.4,5.3,4.2,25.8,102,114,westbru01,
2022,Trae Young,PG,ATL,8,23,76,76,2652,13.2,28.6,0.46,4.3,11.3,0.382,8.9,17.3,0.512,0.536,9.3,10.2,0.904,0.9,4.3,5.3,13.7,1.3,0.1,5.6,2.4,39.9,119,118,ASNBA3,youngtr01
2022,Tyrese Maxey,PG,PHI,9,21,75,74,2650,9.1,18.7,0.485,2.5,5.8,0.427,6.6,12.9,0.512,0.552,4.0,4.6,0.866,0.5,4.0,4.5,6.0,1.0,0.6,1.7,2.9,24.7,121,115,maxeyty01,
2022,Dorian Finney-Smith,PF,DAL,10,28,80,80,2644,6.2,13.2,0.471,3.3,8.3,0.395,2.9,4.9,0.599,0.595,1.1,1.6,0.675,2.3,4.8,7.1,2.9,1.7,0.7,1.5,3.5,16.8,119,110,finnedo01,
2022,Scottie Barnes,PF,TOR,11,20,74,74,2617,8.8,17.8,0.492,1.1,3.7,0.301,7.7,14.1,0.543,0.524,3.0,4.1,0.735,3.7,6.9,10.6,4.9,1.5,1.1,2.6,3.7,21.7,116,111,ROY-1,barnesc01
2022,Harrison Barnes,PF,SAC,12,29,77,77,2587,7.3,15.5,0.469,2.6,6.7,0.394,4.6,8.8,0.525,0.554,6.3,7.7,0.826,1.5,6.5,8.0,3.5,1.0,0.3,2.2,1.7,23.5,121,118,barneha02,
2022,Pascal Siakam,PF,TOR,13,27,68,68,2578,11.6,23.4,0.494,1.5,4.2,0.344,10.1,19.2,0.527,0.525,5.5,7.3,0.749,2.5,8.8,11.2,7.0,1.6,0.8,3.5,4.4,30.1,116,110,NBA3,siakapa01
2022,Julius Randle,PF,NYK,14,27,72,72,2544,10.1,24.5,0.411,2.4,7.7,0.308,7.7,16.8,0.458,0.459,6.0,7.9,0.756,2.5,11.6,14.1,7.3,1.0,0.8,4.8,4.0,28.5,102,109,randlju01,
2022,Tobias Harris,PF,PHI,15,29,73,73,2543,9.7,20.0,0.482,2.0,5.4,0.367,7.7,14.7,0.525,0.532,3.3,4.0,0.842,1.5,8.2,9.7,4.9,0.9,0.8,2.3,3.2,24.7,113,112,harrito02,
2022,Jalen Brunson,SG,DAL,16,25,79,61,2524,10.1,20.1,0.502,1.9,5.0,0.373,8.2,15.1,0.545,0.549,3.6,4.2,0.84,0.9,5.3,6.2,7.5,1.3,0.1,2.5,3.0,25.6,118,112,brunsja01,
2022,Buddy Hield,SG,SAC,17,29,81,32,2499,8.6,21.3,0.406,5.1,13.9,0.366,3.6,7.4,0.482,0.526,2.2,2.5,0.874,1.3,5.6,6.8,4.4,1.4,0.5,3.0,3.6,24.5,105,117,hieldbu01,
2022,Nikola Jokić,C,DEN,18,26,74,74,2476,15.1,26.0,0.583,1.9,5.7,0.337,13.2,20.3,0.652,0.62,7.5,9.3,0.81,4.1,16.1,20.2,11.6,2.2,1.2,5.6,3.8,39.7,126,105,MVP-1ASNBA1,jokicni01
2022,Karl-Anthony Towns,C,MIN,19,26,74,74,2476,12.3,23.3,0.529,2.9,7.0,0.41,9.5,16.3,0.58,0.591,7.4,9.0,0.822,3.7,10.2,14.0,5.2,1.4,1.6,4.3,5.1,34.9,121,110,ASNBA3,townska01
2022,Anthony Edwards,SG,MIN,20,20,72,72,2466,10.6,24.0,0.441,4.1,11.6,0.357,6.4,12.4,0.519,0.527,4.2,5.4,0.786,1.2,5.4,6.6,5.3,2.0,0.9,3.7,3.2,29.6,108,112,edwaran01,
2022,Fred VanVleet,PG,TOR,21,27,65,65,2462,9.0,22.3,0.403,4.9,13.0,0.377,4.1,9.2,0.44,0.513,3.9,4.5,0.874,0.9,5.0,5.9,8.8,2.3,0.7,3.5,3.3,26.8,115,111,AS,vanvlfr01
2022,Terry Rozier,SG,CHO,22,27,73,73,2458,10.1,22.8,0.444,4.3,11.6,0.374,5.8,11.2,0.516,0.539,2.9,3.4,0.852,1.1,5.1,6.1,6.4,1.8,0.5,1.9,2.3,27.5,117,115,roziete01,
2022,Gary Trent Jr.,SG,TOR,23,23,70,69,2448,9.2,22.2,0.414,4.3,11.1,0.383,4.9,11.0,0.445,0.511,3.6,4.2,0.853,0.5,3.4,3.9,2.9,2.5,0.4,1.5,2.9,26.2,114,112,trentga02,
2022,Darius Garland,PG,CLE,24,22,68,68,2430,11.1,24.1,0.462,3.6,9.3,0.383,7.6,14.8,0.512,0.536,4.4,5.0,0.892,0.8,3.8,4.6,12.0,1.8,0.1,5.1,2.4,30.3,112,112,AS,garlada01
2022,Franz Wagner,SF,ORL,25,20,79,79,2429,9.1,19.4,0.468,1.9,5.4,0.354,7.2,14.0,0.511,0.517,3.8,4.4,0.863,1.7,5.4,7.1,4.6,1.4,0.7,2.4,3.3,23.8,110,114,ROY-5,wagnefr01
2022,LaMelo Ball,PG,CHO,26,20,75,75,2422,10.7,24.8,0.429,4.4,11.2,0.389,6.3,13.7,0.462,0.517,4.2,4.8,0.872,2.1,7.8,9.9,11.3,2.4,0.6,4.9,4.7,29.9,111,112,AS,ballla01
2022,James Harden,PG,BRK,27,32,65,65,2419,8.2,20.1,0.41,3.0,9.1,0.33,5.2,11.0,0.476,0.485,9.5,10.8,0.877,1.1,9.0,10.1,13.5,1.7,0.7,5.7,3.1,29.0,115,111,AS,hardeja01
2022,Nikola Vučević,C,CHI,28,31,73,73,2418,11.0,23.3,0.473,2.1,6.7,0.314,8.9,16.6,0.537,0.518,1.9,2.4,0.76,2.9,13.4,16.2,4.8,1.4,1.4,2.7,3.7,26.0,107,110,vucevni01,
2022,RJ Barrett,SF,NYK,29,21,70,70,2417,10.1,24.7,0.408,2.9,8.4,0.342,7.2,16.4,0.442,0.466,6.0,8.4,0.714,1.4,7.1,8.4,4.3,0.9,0.3,3.1,2.9,29.0,103,113,barrerj01,
2022,Royce O'Neale,SF,UTA,30,28,77,77,2406,4.2,9.1,0.457,2.4,6.3,0.389,1.7,2.8,0.609,0.591,0.9,1.2,0.804,1.3,6.2,7.6,3.9,1.8,0.7,1.6,3.8,11.7,122,111,onealro01,
2022,Keldon Johnson,SF,SAS,31,22,75,74,2392,9.4,20.3,0.466,3.2,8.0,0.398,6.3,12.3,0.51,0.545,3.6,4.7,0.756,1.6,7.6,9.2,3.2,1.2,0.3,1.8,3.0,25.6,114,114,johnske04,
2022,Aaron Gordon,PF,DEN,32,26,75,75,2376,9.0,17.2,0.52,1.8,5.4,0.335,7.2,11.9,0.605,0.573,3.5,4.7,0.743,2.6,6.5,9.1,3.9,0.9,0.9,2.7,3.1,23.2,115,114,gordoaa01,
2022,Dejounte Murray,PG,SAS,33,25,68,68,2366,11.6,25.2,0.462,1.9,6.0,0.327,9.7,19.2,0.504,0.5,4.0,5.0,0.794,1.6,9.8,11.4,12.7,2.8,0.5,3.6,2.8,29.2,113,108,AS,murrade01
2022,Evan Fournier,SG,NYK,34,29,80,80,2358,8.5,20.5,0.417,5.1,13.1,0.389,3.4,7.3,0.465,0.541,1.7,2.4,0.708,0.7,3.7,4.5,3.6,1.7,0.4,2.2,3.8,23.9,109,113,fournev01,
2022,Patty Mills,SG,BRK,35,33,81,48,2346,6.7,16.4,0.408,4.7,11.7,0.4,2.0,4.7,0.429,0.551,1.0,1.2,0.814,0.4,2.9,3.2,3.8,1.1,0.4,1.5,2.3,19.1,112,117,millspa02,
2022,Devin Booker,SG,PHO,36,25,68,68,2345,13.6,29.2,0.466,3.8,9.8,0.383,9.8,19.4,0.508,0.53,6.5,7.4,0.868,0.9,6.1,7.0,6.8,1.6,0.5,3.3,3.7,37.4,113,109,MVP-4ASNBA1,bookede01
2022,Reggie Jackson,SG,LAC,37,31,75,75,2337,10.0,25.6,0.392,3.5,10.7,0.326,6.5,14.9,0.439,0.46,2.9,3.4,0.847,0.8,4.9,5.7,7.5,1.2,0.3,3.6,3.3,26.5,99,113,jacksre01,
2022,Herbert Jones,PF,NOP,38,23,78,69,2335,5.8,12.2,0.476,1.2,3.6,0.337,4.6,8.6,0.533,0.525,2.9,3.4,0.84,2.1,4.2,6.3,3.5,2.7,1.3,2.1,5.0,15.7,114,112,ROY-6,joneshe01
2022,Evan Mobley,PF,CLE,39,20,69,69,2331,9.0,17.8,0.508,0.5,2.0,0.25,8.5,15.8,0.541,0.522,3.6,5.4,0.663,3.1,9.1,12.2,3.7,1.2,2.5,2.8,3.1,22.2,109,107,ROY-2,mobleev01
2022,Kentavious Caldwell-Pope,SG,WAS,40,28,77,77,2329,7.7,17.6,0.435,3.4,8.7,0.39,4.3,8.9,0.48,0.531,2.9,3.3,0.89,0.9,4.7,5.5,3.1,1.8,0.6,2.1,3.0,21.6,109,116,caldwke01,
2022,Andrew Wiggins,SF,GSW,41,26,73,73,2329,9.9,21.3,0.466,3.3,8.4,0.393,6.7,13.0,0.513,0.543,3.1,4.9,0.634,1.8,5.0,6.8,3.4,1.6,1.1,2.3,3.3,26.3,109,109,AS,wiggian01
2022,Zach LaVine,SG,CHI,42,26,67,67,2328,11.8,24.9,0.476,3.9,10.0,0.389,8.0,14.9,0.534,0.554,6.7,7.9,0.853,0.5,6.0,6.5,6.4,0.9,0.5,3.6,2.5,34.3,115,116,AS,lavinza01
2022,Alec Burks,SG,NYK,43,30,81,44,2318,6.2,15.7,0.391,3.4,8.4,0.404,2.8,7.3,0.378,0.499,4.7,5.7,0.822,1.0,7.6,8.6,5.2,1.8,0.6,2.0,4.6,20.4,117,110,burksal01,
2022,Terance Mann,SF,LAC,44,25,81,33,2317,7.1,14.6,0.484,1.6,4.4,0.365,5.5,10.2,0.535,0.539,2.7,3.5,0.78,2.2,6.8,9.0,4.4,1.2,0.4,1.8,3.8,18.4,117,112,mannte01,
2022,Luka Dončić,PG,DAL,45,22,65,65,2301,14.0,30.7,0.457,4.4,12.4,0.353,9.6,18.2,0.528,0.529,8.0,10.7,0.744,1.2,11.7,13.0,12.4,1.6,0.8,6.4,3.2,40.4,110,107,MVP-5ASNBA1,doncilu01
2022,Joel Embiid,C,PHI,46,27,68,68,2297,14.5,29.0,0.499,2.0,5.5,0.371,12.4,23.5,0.529,0.534,14.2,17.4,0.814,3.2,14.1,17.3,6.2,1.7,2.1,4.6,3.9,45.1,119,105,MVP-2ASNBA2,embiijo01
2022,Marcus Smart,PG,BOS,47,27,71,71,2296,6.5,15.5,0.418,2.6,7.8,0.331,3.9,7.7,0.506,0.501,3.1,3.9,0.793,0.9,4.9,5.8,9.0,2.6,0.4,3.4,3.5,18.6,110,107,DPOY-1DEF1,smartma01
2022,Jordan Poole,SG,GSW,48,22,76,51,2283,10.1,22.6,0.448,4.5,12.4,0.364,5.6,10.2,0.55,0.548,5.3,5.7,0.925,0.7,4.8,5.6,6.5,1.3,0.5,4.0,4.4,30.0,112,110,poolejo01,
2022,Will Barton,SG,DEN,49,31,71,71,2277,8.4,19.3,0.438,3.4,9.3,0.365,5.1,10.0,0.504,0.525,2.2,2.7,0.803,0.9,6.4,7.3,5.9,1.2,0.7,2.7,2.5,22.5,108,114,bartowi01,
2022,Desmond Bane,SG,MEM,50,23,76,76,2266,10.7,23.2,0.461,4.8,11.0,0.436,5.9,12.2,0.484,0.565,3.0,3.3,0.903,1.0,6.1,7.1,4.4,1.9,0.6,2.3,4.1,29.2,119,110,banede01,
2022,Donovan Mitchell,SG,UTA,51,25,67,67,2266,13.5,30.0,0.448,5.1,14.3,0.355,8.4,15.7,0.533,0.533,5.8,6.8,0.853,1.2,5.0,6.2,7.8,2.2,0.3,4.4,3.6,37.8,114,111,AS,mitchdo01
2022,Jonas Valančiūnas,C,NOP,52,29,74,74,2240,11.2,20.7,0.544,1.3,3.5,0.361,10.0,17.2,0.581,0.574,5.2,6.4,0.82,5.0,13.6,18.6,4.2,0.9,1.3,3.9,5.4,29.0,118,111,valanjo01,
2022,Monte Morris,PG,DEN,53,26,75,74,2239,8.2,16.9,0.484,2.7,6.9,0.395,5.5,10.1,0.545,0.564,1.6,1.8,0.869,0.6,4.4,5.0,7.3,1.2,0.3,1.7,2.0,20.7,120,115,morrimo01,
2022,Jaylen Brown,SF,BOS,54,25,66,66,2220,12.9,27.2,0.473,3.7,10.4,0.358,9.2,16.9,0.544,0.541,5.4,7.1,0.758,1.2,7.9,9.0,5.2,1.6,0.4,4.0,3.6,34.9,109,108,brownja02,
2022,Stephen Curry,PG,GSW,55,33,64,64,2211,11.8,27.0,0.437,6.3,16.5,0.38,5.5,10.5,0.527,0.554,6.1,6.6,0.923,0.7,6.6,7.4,8.9,1.9,0.5,4.5,2.9,35.9,115,108,MVP-8ASNBA2,curryst01
2022,Jrue Holiday,PG,MIL,56,31,67,64,2207,10.4,20.8,0.501,2.9,7.0,0.411,7.5,13.8,0.547,0.57,3.0,3.9,0.761,1.5,5.0,6.6,9.9,2.4,0.6,4.0,2.9,26.7,117,112,DPOY-8DEF2,holidjr01
2022,Giannis Antetokounmpo,PF,MIL,57,27,67,67,2204,15.0,27.1,0.553,1.5,5.3,0.293,13.5,21.9,0.616,0.582,12.1,16.7,0.722,2.9,14.0,17.0,8.5,1.6,2.0,4.8,4.6,43.6,124,106,MVP-3DPOY-6ASNBA1DEF1,antetgi01
2022,Kyle Kuzma,PF,WAS,58,26,66,66,2204,9.5,21.0,0.452,2.9,8.4,0.341,6.6,12.6,0.526,0.52,3.5,4.9,0.712,1.6,11.0,12.6,5.2,0.9,1.3,3.8,2.9,25.4,103,113,kuzmaky01,
2022,Derrick White,SG,SAS,59,27,75,52,2199,7.4,17.7,0.421,2.5,8.1,0.312,4.9,9.5,0.515,0.493,4.5,5.2,0.864,0.8,4.9,5.8,8.1,1.4,1.3,2.6,3.8,21.9,114,112,whitede01,
2022,Kevin Huerter,SF,ATL,60,23,74,60,2188,7.7,17.1,0.454,3.6,9.2,0.389,4.2,7.8,0.53,0.559,0.9,1.2,0.808,0.7,5.0,5.7,4.6,1.2,0.6,2.0,4.2,20.0,112,117,huertke01,
2022,Devonte' Graham,PG,NOP,61,26,76,63,2162,6.8,18.6,0.363,4.4,12.9,0.341,2.4,5.8,0.413,0.481,2.7,3.2,0.843,0.8,3.2,4.0,7.2,1.6,0.3,2.4,2.2,20.6,109,116,grahade01,
2022,Tyler Herro,SG,MIA,62,22,66,10,2151,11.7,26.1,0.447,4.1,10.2,0.399,7.6,15.9,0.477,0.525,4.4,5.1,0.868,0.7,6.9,7.7,6.1,1.0,0.2,4.0,2.2,31.8,107,111,6MOY-1,herroty01
2022,CJ McCollum,SG,POR,63,30,62,62,2145,12.3,26.6,0.46,4.2,10.7,0.388,8.1,15.9,0.509,0.539,2.7,3.9,0.682,1.2,4.9,6.2,7.2,1.6,0.5,2.9,2.8,31.3,111,117,mccolcj01,
2022,Jordan Clarkson,SG,UTA,64,29,79,1,2141,10.8,25.7,0.419,4.4,13.8,0.318,6.4,11.9,0.535,0.504,3.3,4.0,0.828,1.5,4.8,6.3,4.5,1.5,0.4,3.0,3.4,29.2,108,113,6MOY-4,clarkjo01
2022,Khris Middleton,SF,MIL,65,30,66,66,2141,10.1,22.9,0.443,3.6,9.7,0.373,6.5,13.2,0.494,0.522,5.8,6.5,0.89,0.9,7.1,8.0,8.0,1.7,0.4,4.3,3.6,29.7,112,112,AS,middlkh01
2022,Malik Monk,SG,LAL,66,23,76,37,2139,8.8,18.5,0.473,3.9,9.9,0.391,4.9,8.6,0.568,0.578,2.1,2.6,0.795,0.8,4.9,5.7,4.9,1.4,0.6,2.7,3.1,23.5,112,115,monkma01,
2022,Chris Paul,PG,PHO,67,36,65,65,2139,8.2,16.6,0.493,1.4,4.5,0.317,6.7,12.1,0.559,0.536,3.8,4.5,0.837,0.5,5.9,6.4,15.8,2.7,0.4,3.4,3.0,21.6,124,107,MVP-9ASNBA3,paulch01
2022,Jalen Green,SG,HOU,68,19,67,67,2138,9.0,21.2,0.426,3.5,10.2,0.343,5.5,11.0,0.502,0.508,4.2,5.3,0.797,0.7,4.3,5.0,3.9,1.0,0.4,3.0,2.3,25.8,105,120,ROY-4,greenja05
2022,Domantas Sabonis,PF,IND,69,25,62,61,2136,10.1,17.6,0.573,0.9,2.9,0.312,9.2,14.8,0.623,0.598,5.6,7.6,0.741,4.6,12.6,17.2,7.4,1.3,0.6,4.5,4.6,26.7,121,113,sabondo01,
2022,Seth Curry,SG,PHI,70,31,64,64,2135,8.3,17.1,0.487,3.7,8.7,0.422,4.7,8.5,0.553,0.594,1.9,2.2,0.872,0.5,4.1,4.6,5.3,1.2,0.3,2.5,3.4,22.3,115,115,curryse01,
2022,Kyle Lowry,PG,MIA,71,35,63,63,2133,6.5,14.7,0.44,3.4,9.0,0.377,3.1,5.7,0.539,0.555,3.5,4.1,0.851,0.8,5.8,6.6,11.1,1.6,0.4,3.9,4.2,19.8,118,110,lowryky01,
2022,Bojan Bogdanović,PF,UTA,72,32,69,69,2131,9.8,21.5,0.455,4.2,10.9,0.387,5.6,10.7,0.524,0.552,5.2,6.0,0.858,1.3,5.5,6.9,2.8,0.8,0.0,2.7,2.7,28.9,116,115,bogdabo02,
2022,Jaren Jackson Jr.,PF,MEM,73,22,78,78,2126,9.7,23.3,0.415,2.9,9.0,0.319,6.8,14.3,0.476,0.477,6.4,7.8,0.823,2.7,7.5,10.2,1.9,1.6,4.0,2.9,6.1,28.6,109,106,DPOY-5DEF1,jacksja02
2022,Rudy Gobert,C,UTA,74,29,66,66,2120,8.4,11.8,0.713,0.0,0.1,0.0,8.4,11.7,0.718,0.713,7.1,10.2,0.69,5.6,16.9,22.6,1.7,1.0,3.2,2.8,4.1,23.9,137,103,DPOY-3ASDEF1,goberru01
2022,Ayo Dosunmu,SG,CHI,75,22,77,40,2110,6.4,12.4,0.52,1.6,4.3,0.376,4.8,8.1,0.596,0.585,1.2,1.8,0.679,0.6,4.3,5.0,5.9,1.4,0.7,2.5,4.2,15.7,113,115,dosunay01,
2022,Christian Wood,C,HOU,76,26,68,67,2094,10.0,20.0,0.501,3.0,7.6,0.39,7.0,12.3,0.57,0.576,4.7,7.5,0.623,2.5,13.1,15.6,3.5,1.2,1.5,2.9,3.9,27.7,114,113,woodch01,
2022,Cade Cunningham,SG,DET,77,20,64,64,2088,10.0,24.1,0.416,2.7,8.5,0.314,7.4,15.6,0.472,0.471,3.3,3.9,0.845,1.4,6.9,8.3,8.3,1.8,1.0,5.5,4.7,26.0,96,113,ROY-3,cunnica01
2022,LeBron James,C,LAL,78,37,56,56,2084,14.7,28.1,0.524,3.7,10.3,0.359,11.0,17.8,0.62,0.59,5.8,7.7,0.756,1.4,9.1,10.6,8.0,1.7,1.4,4.5,2.8,39.0,117,111,MVP-10ASNBA3,jamesle01
2022,De'Aaron Fox,PG,SAC,79,24,59,59,2083,11.9,25.2,0.473,1.7,5.8,0.297,10.2,19.5,0.524,0.506,6.0,8.0,0.75,0.6,4.8,5.3,7.6,1.6,0.6,3.9,4.0,31.6,107,117,foxde01,
2022,D'Angelo Russell,PG,MIN,80,25,65,65,2077,9.2,22.3,0.411,4.0,11.9,0.34,5.2,10.5,0.492,0.502,4.5,5.5,0.825,0.6,4.4,4.9,10.5,1.4,0.5,3.8,3.0,26.9,112,115,russeda01,
2022,Davion Mitchell,PG,SAC,81,23,75,19,2076,8.2,19.5,0.418,2.3,7.4,0.316,5.8,12.1,0.48,0.477,1.3,2.0,0.659,0.8,3.1,3.8,7.3,1.3,0.6,2.6,3.3,20.0,101,118,mitchda01,
2022,Cole Anthony,PG,ORL,82,21,65,65,2059,8.4,21.4,0.391,3.1,9.2,0.338,5.3,12.2,0.432,0.464,5.1,5.9,0.854,0.8,7.4,8.2,8.7,1.1,0.4,4.0,4.0,24.9,103,114,anthoco01,
2022,Mike Conley,PG,UTA,83,34,72,72,2058,8.3,19.0,0.435,4.1,9.9,0.408,4.2,9.1,0.464,0.542,3.1,3.9,0.796,1.1,4.1,5.2,9.2,2.3,0.5,3.0,3.4,23.7,120,111,conlemi01,
2022,Justin Holiday,SF,IND,84,32,74,65,2057,6.2,15.7,0.394,4.2,11.4,0.367,2.0,4.3,0.467,0.528,1.2,1.5,0.806,0.7,3.8,4.5,3.0,1.3,0.8,1.7,3.6,17.7,107,118,holidju01,
2022,Jae'Sean Tate,PF,HOU,85,26,78,77,2056,8.4,16.9,0.498,1.5,4.7,0.312,6.9,12.2,0.569,0.541,3.0,4.3,0.707,3.1,6.6,9.7,5.1,1.7,0.9,3.2,6.6,21.3,111,116,tateja01,
2022,Kevin Durant,PF,BRK,86,33,55,55,2047,13.7,26.4,0.518,2.7,7.1,0.383,11.0,19.3,0.568,0.57,8.8,9.7,0.91,0.7,9.0,9.6,8.3,1.1,1.2,4.5,2.7,38.9,121,112,MVP-10ASNBA2,duranke01
2022,Duncan Robinson,SG,MIA,87,27,79,68,2043,7.1,17.8,0.399,5.7,15.3,0.372,1.4,2.5,0.569,0.559,1.2,1.5,0.836,0.6,4.4,5.0,3.2,1.0,0.3,1.5,4.9,21.1,113,112,robindu01,
2022,Clint Capela,C,ATL,88,27,74,73,2042,8.9,14.5,0.613,0.0,0.0,0.0,8.9,14.5,0.614,0.613,1.9,4.1,0.473,6.7,14.4,21.1,2.2,1.3,2.2,1.1,4.0,19.7,132,109,capelca01,
2022,Bobby Portis,C,MIL,89,26,72,59,2028,9.9,20.6,0.479,3.1,8.0,0.393,6.7,12.6,0.533,0.555,2.0,2.7,0.752,4.3,11.3,15.6,2.0,1.3,1.2,2.1,4.1,24.9,115,110,portibo01,
2022,Al Horford,C,BOS,90,35,69,69,2005,6.6,14.1,0.467,2.2,6.6,0.336,4.4,7.5,0.582,0.546,2.0,2.4,0.842,2.7,10.5,13.1,5.7,1.2,2.3,1.6,3.2,17.4,124,104,DPOY-9,horfoal01
2022,Steven Adams,C,MEM,91,28,76,75,1999,5.0,9.2,0.547,0.0,0.0,0.0,5.0,9.2,0.548,0.547,2.6,4.8,0.543,8.4,9.8,18.2,6.1,1.6,1.4,2.8,3.7,12.6,125,108,adamsst01,
2022,Kelly Oubre Jr.,SF,CHO,92,26,76,13,1999,9.8,22.4,0.44,4.6,13.3,0.345,5.3,9.1,0.578,0.542,3.0,4.5,0.667,1.9,5.4,7.2,2.0,1.8,0.7,1.6,4.5,27.3,111,115,6MOY-7,oubreke01
2022,Deni Avdija,SF,WAS,93,21,82,8,1984,6.2,14.4,0.432,2.0,6.5,0.317,4.2,8.0,0.525,0.503,2.6,3.4,0.757,1.3,9.3,10.6,4.2,1.5,1.1,2.2,4.7,17.1,106,113,avdijde01,
2022,P.J. Tucker,PF,MIA,94,36,71,70,1981,5.2,10.8,0.484,2.0,4.9,0.415,3.2,5.9,0.54,0.577,1.1,1.5,0.738,2.5,7.2,9.8,3.8,1.5,0.4,1.7,4.1,13.6,120,110,tuckepj01,
2022,Isaac Okoro,SF,CLE,95,21,67,61,1981,5.2,10.9,0.48,1.4,4.0,0.35,3.8,6.9,0.555,0.544,3.0,3.9,0.768,1.8,3.3,5.1,3.1,1.4,0.6,1.5,4.1,14.8,120,113,okorois01,
2022,Spencer Dinwiddie,PG,WAS,96,28,67,51,1980,7.7,18.5,0.416,2.8,8.3,0.339,4.9,10.2,0.479,0.493,4.9,6.3,0.774,1.1,5.9,7.0,8.7,1.1,0.3,2.6,3.8,23.1,114,115,dinwisp01,
2022,Malik Beasley,SG,MIN,97,25,79,18,1976,8.0,20.5,0.391,5.8,15.3,0.377,2.2,5.1,0.432,0.532,1.2,1.4,0.817,0.6,4.8,5.5,2.8,1.0,0.3,1.0,2.1,22.9,111,116,beaslma01,
2022,Jakob Poeltl,C,SAS,98,26,68,67,1970,10.0,16.1,0.618,0.0,0.0,1.0,10.0,16.1,0.618,0.619,2.3,4.6,0.495,6.4,9.1,15.4,4.6,1.1,2.9,2.7,5.2,22.3,123,110,poeltja01,
2022,Shai Gilgeous-Alexander,PG,OKC,99,23,56,56,1942,12.0,26.4,0.453,2.2,7.4,0.3,9.7,18.9,0.514,0.496,8.2,10.2,0.81,0.9,6.0,7.0,8.3,1.8,1.2,3.9,3.6,34.4,111,113,gilgesh01,
2022,Robert Covington,PF,POR,100,31,71,42,1940,5.3,12.6,0.42,3.2,8.5,0.378,2.0,4.0,0.509,0.548,1.5,1.7,0.841,1.5,8.4,9.9,2.3,2.6,2.3,1.9,4.8,15.2,108,110,covinro01,
2022,Devin Vassell,SF,SAS,101,21,71,32,1937,8.1,18.9,0.427,3.4,9.4,0.361,4.7,9.5,0.492,0.516,2.1,2.5,0.838,1.1,6.5,7.6,3.4,1.9,1.0,1.4,3.5,21.6,109,112,vassede01,
2022,Jimmy Butler,SF,MIA,102,32,57,57,1931,10.3,21.5,0.48,0.7,3.0,0.233,9.6,18.5,0.52,0.496,10.3,11.8,0.87,2.6,6.1,8.7,8.1,2.4,0.7,3.1,2.3,31.6,124,108,AS,butleji01
2022,Darius Bazley,PF,OKC,103,21,69,53,1924,6.9,16.4,0.422,2.0,6.8,0.297,4.9,9.6,0.511,0.484,3.0,4.3,0.688,1.8,9.2,11.0,2.5,1.5,1.8,2.3,1.7,18.9,101,111,bazleda01,
2022,Luke Kennard,SG,LAC,104,25,70,13,1919,7.3,16.3,0.449,4.9,10.8,0.449,2.5,5.5,0.449,0.598,1.8,2.0,0.896,0.5,5.3,5.8,3.7,1.1,0.2,1.5,2.6,21.3,119,113,6MOY-5,kennalu01
2022,Kevin Porter Jr.,PG,HOU,105,21,61,61,1907,8.4,20.2,0.415,3.9,10.3,0.375,4.5,9.9,0.456,0.511,3.1,4.8,0.642,1.1,5.6,6.7,9.4,1.7,0.5,4.8,3.9,23.7,103,117,porteke02,
2022,Reggie Bullock,SF,DAL,106,30,68,37,1902,5.3,13.3,0.401,3.7,10.4,0.36,1.6,2.9,0.55,0.542,1.1,1.3,0.833,0.9,5.5,6.4,2.2,1.1,0.4,1.1,2.9,15.4,111,112,bullore01,
2022,Ja Morant,PG,MEM,107,22,57,57,1889,14.7,29.8,0.493,2.2,6.5,0.344,12.5,23.3,0.534,0.53,8.0,10.5,0.761,2.0,6.3,8.2,9.7,1.7,0.6,5.0,2.2,39.6,116,111,MVP-7MIP-1ASNBA2,moranja01
2022,Jae Crowder,PF,PHO,108,31,67,67,1886,5.5,13.9,0.399,3.2,9.3,0.348,2.3,4.6,0.503,0.516,1.8,2.3,0.789,0.8,8.3,9.0,3.2,2.4,0.8,1.4,4.4,16.1,109,105,crowdja01,
2022,Jarred Vanderbilt,PF,MIN,109,22,74,67,1880,5.4,9.1,0.587,0.1,0.4,0.143,5.3,8.8,0.605,0.59,2.2,3.3,0.656,5.4,10.3,15.8,2.4,2.5,1.2,1.8,4.6,13.0,127,108,vandeja01,
2022,Lauri Markkanen,SF,CLE,110,24,61,61,1878,8.3,18.7,0.445,3.6,10.1,0.358,4.7,8.6,0.548,0.542,3.7,4.2,0.868,1.6,7.6,9.2,2.2,1.2,0.8,1.4,3.5,23.9,117,110,markkla01,
2022,Grant Williams,PF,BOS,111,23,77,21,1875,5.4,11.4,0.475,2.8,6.8,0.411,2.6,4.6,0.569,0.597,2.3,2.5,0.905,1.7,5.6,7.3,2.1,1.0,1.5,1.6,4.9,16.0,122,109,willigr01,
2022,Brandon Ingram,SF,NOP,112,24,55,55,1869,12.0,26.0,0.461,2.0,6.0,0.327,10.0,20.0,0.501,0.498,7.0,8.5,0.826,0.9,7.5,8.5,8.1,0.9,0.7,4.0,3.1,32.9,111,115,ingrabr01,
2022,Cody Martin,SF,CHO,113,26,71,11,1866,5.2,10.9,0.482,1.6,4.1,0.384,3.7,6.8,0.542,0.554,1.9,2.8,0.701,2.1,5.2,7.3,4.6,2.3,0.8,1.6,3.0,14.0,120,114,martico01,
2022,Ivica Zubac,C,LAC,114,24,76,76,1852,8.2,13.1,0.626,0.0,0.0,8.2,13.1,0.626,0.626,4.4,6.0,0.727,5.7,11.3,17.0,3.2,1.0,2.0,3.0,5.4,20.8,126.0,107,zubaciv01,,
2022,Wendell Carter Jr.,PF,ORL,115,22,62,61,1852,9.4,17.9,0.525,1.8,5.6,0.327,7.5,12.3,0.615,0.576,3.7,5.4,0.691,3.6,13.3,16.9,4.5,0.9,1.1,3.1,4.4,24.3,115,110,cartewe01,
2022,Jeff Green,PF,DEN,116,35,75,63,1849,7.3,14.0,0.524,1.4,4.5,0.315,5.9,9.6,0.62,0.574,4.4,5.3,0.833,1.1,5.0,6.1,2.5,0.7,0.7,1.9,4.0,20.5,119,115,greenje02,
2022,Mitchell Robinson,C,NYK,117,23,72,62,1848,7.1,9.3,0.761,0.0,0.0,7.1,9.3,0.761,0.761,2.4,4.9,0.486,8.0,8.7,16.7,1.0,1.6,3.6,1.6,5.3,16.5,143.0,106,robinmi01,,
2022,Bogdan Bogdanović,SG,ATL,118,29,63,27,1848,9.1,21.1,0.431,4.5,12.2,0.368,4.6,8.9,0.516,0.537,2.6,3.1,0.843,0.8,5.9,6.6,5.2,1.8,0.4,1.9,3.5,25.3,114,116,6MOY-6,bogdabo01
2022,Dennis Schröder,PG,BOS,119,28,64,29,1837,8.4,19.4,0.431,2.3,6.7,0.344,6.1,12.7,0.477,0.49,4.2,4.9,0.853,0.9,4.8,5.7,7.9,1.4,0.2,3.8,4.1,23.2,107,112,schrode01,
2022,Bam Adebayo,C,MIA,120,24,56,56,1825,11.1,20.0,0.557,0.0,0.2,0.0,11.1,19.8,0.562,0.557,7.0,9.3,0.753,3.8,11.7,15.5,5.2,2.2,1.2,4.1,4.7,29.3,117,104,DPOY-4DEF2,adebaba01
2022,Mo Bamba,C,ORL,121,23,71,69,1824,7.8,16.4,0.48,2.8,7.5,0.381,5.0,8.9,0.563,0.566,1.5,1.9,0.781,3.9,11.2,15.2,2.3,1.0,3.1,2.0,4.8,20.0,113,108,bambamo01,
2022,Isaiah Stewart,C,DET,122,20,71,71,1816,6.7,13.2,0.51,0.4,1.2,0.326,6.3,11.9,0.529,0.526,2.0,2.8,0.718,6.1,10.5,16.6,2.2,0.6,2.1,2.3,5.7,15.8,113,112,stewais01,
2022,Jarrett Allen,C,CLE,123,23,56,56,1809,10.2,15.0,0.677,0.0,0.3,0.1,10.2,14.8,0.688,0.678,4.6,6.4,0.708,5.3,11.3,16.6,2.5,1.2,2.1,2.6,2.7,25.0,132,106,AS,allenja01
2022,Grayson Allen,SG,MIL,124,26,66,61,1805,6.8,15.1,0.448,4.2,10.4,0.409,2.6,4.8,0.533,0.588,1.7,2.0,0.865,0.9,5.1,5.9,2.7,1.2,0.5,1.1,2.6,19.5,122,114,allengr01,
2022,Robert Williams,C,BOS,125,24,61,61,1804,7.5,10.1,0.736,0.0,0.0,0.0,7.5,10.1,0.738,0.736,1.8,2.5,0.722,6.6,9.6,16.2,3.3,1.5,3.7,1.7,3.8,16.7,148,102,DPOY-7DEF2,williro04
2022,Jaden McDaniels,PF,MIN,126,21,70,31,1803,6.7,14.6,0.46,2.1,6.6,0.317,4.6,8.0,0.579,0.532,1.5,1.9,0.803,2.0,5.7,7.7,2.1,1.4,1.4,2.0,5.9,17.1,108,113,mcdanja02,
2022,Immanuel Quickley,PG,NYK,127,22,78,3,1802,7.9,20.1,0.392,3.8,11.0,0.346,4.1,9.1,0.448,0.487,4.9,5.6,0.881,0.9,6.0,6.9,7.6,1.5,0.1,2.7,4.6,24.5,114,112,6MOY-10,quickim01
2022,Corey Kispert,SF,WAS,128,22,77,36,1801,6.4,14.1,0.455,3.1,8.8,0.35,3.4,5.3,0.629,0.564,1.5,1.7,0.871,1.5,4.3,5.7,2.3,1.0,0.6,1.4,2.6,17.4,114,118,kispeco01,
2022,Dwight Powell,C,DAL,129,30,82,71,1798,7.5,11.2,0.671,0.4,1.0,0.351,7.2,10.2,0.703,0.687,4.6,5.9,0.783,4.8,6.5,11.3,2.7,1.0,1.1,1.8,6.2,20.1,142,110,poweldw01,
2022,Mason Plumlee,C,CHO,130,31,73,73,1793,5.5,8.6,0.641,0.0,0.1,0.0,5.5,8.5,0.645,0.641,1.8,4.6,0.392,4.7,10.4,15.1,6.0,1.6,1.4,2.7,6.0,12.8,122,111,plumlma01,
2022,Carmelo Anthony,PF,LAL,131,37,69,3,1793,8.5,19.3,0.441,4.0,10.6,0.375,4.5,8.7,0.521,0.544,3.5,4.3,0.83,1.7,6.0,7.7,1.8,1.3,1.4,1.6,4.4,24.6,114,114,anthoca01,
2022,Josh Hart,SG,NOP,132,26,54,53,1791,7.9,15.6,0.504,2.0,5.9,0.343,5.9,9.8,0.601,0.569,4.4,5.8,0.758,1.7,9.0,10.7,6.2,1.7,0.4,3.1,4.1,22.2,117,113,hartjo01,
2022,Caris LeVert,SG,IND,133,27,58,49,1781,10.5,23.6,0.444,2.3,7.1,0.32,8.2,16.5,0.497,0.492,4.0,5.3,0.756,1.2,4.7,5.9,6.9,1.4,0.6,3.0,3.6,27.3,108,116,leverca01,
2022,Bruce Brown,SF,BRK,134,25,72,45,1774,7.0,13.8,0.506,1.0,2.6,0.404,6.0,11.3,0.529,0.543,2.7,3.5,0.758,2.7,6.7,9.4,4.0,2.1,1.4,1.5,4.8,17.7,121,111,brownbr01,
2022,P.J. Washington,C,CHO,135,23,65,28,1768,6.8,14.4,0.47,3.0,8.2,0.365,3.8,6.3,0.606,0.573,1.6,2.2,0.716,2.2,6.9,9.1,4.0,1.5,1.7,2.2,4.1,18.1,114,113,washipj01,
2022,Chuma Okeke,PF,ORL,136,23,70,20,1749,6.0,15.9,0.376,3.3,10.3,0.318,2.7,5.6,0.48,0.478,1.5,1.8,0.846,1.3,8.3,9.6,3.3,2.7,1.2,1.6,2.6,16.7,101,109,okekech01,
2022,Georges Niang,PF,PHI,137,28,76,7,1736,7.1,16.2,0.437,4.5,11.1,0.403,2.6,5.1,0.511,0.575,1.5,1.7,0.881,0.7,5.1,5.8,2.9,0.9,0.4,1.7,5.5,20.1,113,115,niangge01,
2022,Kevon Looney,C,GSW,138,25,82,80,1732,5.9,10.2,0.571,0.0,0.0,0.0,5.9,10.2,0.573,0.571,2.1,3.5,0.6,5.9,10.9,16.8,4.6,1.4,1.5,1.9,6.1,13.8,128,105,looneke01,
2022,Cameron Johnson,PF,PHO,139,25,66,16,1730,7.8,16.9,0.46,4.6,10.9,0.425,3.1,6.0,0.523,0.596,2.7,3.2,0.86,1.2,6.4,7.6,2.8,1.6,0.4,1.3,3.1,22.9,123,109,6MOY-3,johnsca02
2022,Gary Harris,SG,ORL,140,27,61,30,1730,6.7,15.5,0.434,3.2,8.4,0.384,3.5,7.0,0.494,0.539,2.3,2.7,0.874,1.0,2.4,3.4,3.0,1.6,0.3,1.7,3.1,19.0,110,116,harriga01,
2022,OG Anunoby,SF,TOR,141,24,48,48,1728,8.9,20.2,0.443,3.3,9.2,0.363,5.6,11.0,0.511,0.526,2.6,3.4,0.754,2.1,5.5,7.6,3.6,2.1,0.7,2.3,3.8,23.8,112,111,anunoog01,
2022,Precious Achiuwa,C,TOR,142,22,73,28,1725,7.7,17.5,0.439,1.6,4.5,0.359,6.1,13.0,0.468,0.486,2.3,3.8,0.595,4.2,9.5,13.7,2.4,1.1,1.2,2.4,4.4,19.2,105,110,achiupr01,
2022,Deandre Ayton,C,PHO,143,23,58,58,1713,12.4,19.6,0.634,0.2,0.5,0.368,12.2,19.0,0.642,0.639,3.0,4.0,0.746,4.2,12.5,16.7,2.4,1.1,1.1,2.6,4.0,28.0,124,105,aytonde01,
2022,Garrison Mathews,SG,HOU,144,25,65,33,1712,5.1,12.8,0.399,3.9,10.7,0.36,1.3,2.1,0.6,0.55,4.0,5.0,0.794,0.9,4.4,5.3,1.8,1.6,0.7,1.1,4.7,18.1,120,118,mathega01,
2022,Josh Giddey,SF,OKC,145,19,54,54,1700,8.1,19.2,0.419,1.6,6.1,0.263,6.4,13.1,0.492,0.461,1.6,2.3,0.709,2.8,9.3,12.1,9.9,1.5,0.6,4.9,2.5,19.3,97,112,giddejo01,
2022,Pat Connaughton,SF,MIL,146,29,65,19,1691,6.4,14.1,0.458,4.1,10.5,0.395,2.3,3.6,0.643,0.605,1.3,1.5,0.833,1.3,6.5,7.8,2.3,1.7,0.4,1.0,2.4,18.3,124,113,connapa01,
2022,Chris Boucher,SF,TOR,147,29,80,9,1690,7.9,17.1,0.464,2.0,6.8,0.297,5.9,10.3,0.575,0.523,4.4,5.7,0.777,5.3,9.3,14.6,0.7,1.4,2.2,1.2,5.1,22.3,124,108,bouchch01,
2022,Matisse Thybulle,SG,PHI,148,24,66,50,1685,4.4,8.9,0.5,1.3,4.3,0.313,3.1,4.6,0.673,0.575,1.0,1.3,0.791,1.2,3.2,4.5,2.2,3.4,2.1,1.2,4.7,11.2,116,108,DPOY-11DEF2,thybuma01
2022,Anfernee Simons,SG,POR,149,22,57,30,1681,10.3,23.2,0.443,5.2,12.8,0.405,5.1,10.3,0.49,0.555,3.0,3.4,0.888,0.8,3.6,4.4,6.4,0.9,0.2,3.3,3.2,28.7,112,121,simonan01,
2022,Coby White,PG,CHI,150,21,61,17,1675,8.1,18.8,0.433,4.0,10.3,0.385,4.2,8.5,0.491,0.539,2.3,2.7,0.857,0.5,4.8,5.3,5.1,0.8,0.3,2.0,4.0,22.5,111,117,whiteco01,
2022,Danilo Gallinari,PF,ATL,151,33,66,18,1672,7.6,17.5,0.434,3.3,8.6,0.381,4.3,8.9,0.485,0.528,4.1,4.6,0.904,1.0,8.0,9.1,3.0,0.8,0.4,1.1,2.7,22.7,120,117,gallida01,
2022,Eric Gordon,SG,HOU,152,33,57,46,1669,7.6,16.1,0.475,3.5,8.6,0.412,4.1,7.5,0.548,0.585,3.0,3.8,0.778,0.4,2.8,3.2,4.4,0.8,0.5,3.1,1.8,21.8,111,121,gordoer01,
2022,Kevin Love,C,CLE,153,33,74,4,1665,9.8,22.8,0.43,5.6,14.3,0.392,4.2,8.5,0.493,0.553,5.0,5.9,0.838,2.6,13.5,16.1,4.8,0.8,0.5,2.9,3.0,30.2,117,108,6MOY-2,loveke01
2022,Luguentz Dort,SG,OKC,154,22,51,51,1665,8.6,21.2,0.404,3.8,11.4,0.332,4.8,9.8,0.487,0.493,4.7,5.6,0.843,1.1,5.1,6.2,2.6,1.3,0.5,2.6,4.4,25.7,104,115,dortlu01,
2022,John Collins,PF,ATL,155,24,54,53,1663,10.0,19.0,0.526,1.9,5.2,0.364,8.1,13.8,0.588,0.576,4.0,5.0,0.793,2.7,9.7,12.5,2.9,1.0,1.7,1.8,4.8,25.9,122,114,collijo01,
2022,De'Anthony Melton,SG,MEM,156,23,73,15,1657,8.1,20.1,0.404,4.0,10.7,0.374,4.1,9.3,0.44,0.504,2.6,3.5,0.75,1.8,7.6,9.5,5.6,3.0,1.1,3.2,3.7,22.8,108,107,6MOY-8,meltode01
2022,KJ Martin,SF,HOU,157,21,79,2,1656,8.0,15.0,0.533,1.7,4.8,0.357,6.3,10.2,0.617,0.591,2.2,3.5,0.634,2.3,6.2,8.5,2.9,1.0,1.1,1.7,3.2,20.0,118,118,martike04,
2022,Killian Hayes,PG,DET,158,20,66,40,1647,5.2,13.6,0.383,1.3,4.9,0.263,3.9,8.7,0.452,0.431,1.7,2.2,0.77,1.1,5.2,6.2,8.2,2.3,1.0,3.3,5.4,13.4,97,113,hayeski01,
2022,Montrezl Harrell,C,WAS,159,28,71,3,1641,10.7,16.6,0.645,0.1,0.5,0.235,10.6,16.1,0.658,0.649,6.3,8.8,0.716,4.4,8.4,12.9,4.3,0.9,1.3,2.1,4.1,27.8,134,114,6MOY-9,harremo01
2022,Lonnie Walker IV,SG,SAS,160,23,70,6,1612,9.3,22.7,0.407,3.3,10.5,0.314,6.0,12.2,0.487,0.48,3.5,4.4,0.784,0.5,4.9,5.4,4.5,1.3,0.6,2.1,2.9,25.3,103,115,walkelo01,
2022,Cory Joseph,PG,DET,161,30,65,39,1600,5.4,12.2,0.445,2.0,4.8,0.414,3.4,7.4,0.465,0.526,3.0,3.4,0.885,0.9,4.4,5.3,7.2,1.3,0.5,2.6,4.5,15.9,115,116,josepco01,
2022,Josh Richardson,SG,BOS,162,28,65,7,1600,7.2,16.4,0.438,3.1,7.6,0.415,4.1,8.8,0.458,0.534,2.9,3.3,0.889,1.3,4.4,5.7,3.5,1.7,0.9,2.0,3.6,20.4,113,110,richajo01,
2022,Torrey Craig,SF,IND,163,31,78,16,1596,6.1,13.4,0.454,2.3,7.1,0.329,3.8,6.3,0.594,0.541,1.2,1.6,0.75,2.6,6.8,9.5,2.8,1.4,1.1,2.0,4.6,15.7,110,113,craigto01,
2022,Gabe Vincent,PG,MIA,164,25,68,27,1589,6.7,16.2,0.417,3.7,10.2,0.368,3.0,6.0,0.5,0.533,1.4,1.7,0.815,0.7,3.3,4.0,6.6,2.0,0.4,3.1,5.0,18.6,107,111,vincega01,
2022,Max Strus,SF,MIA,165,25,68,16,1587,7.8,17.8,0.441,5.7,13.9,0.41,2.1,3.8,0.557,0.602,1.3,1.7,0.792,0.8,5.6,6.4,2.9,0.9,0.5,1.8,3.7,22.7,116,112,strusma01,
2022,Jusuf Nurkić,C,POR,166,27,56,56,1579,9.9,18.6,0.535,0.5,1.7,0.268,9.5,16.8,0.563,0.548,5.7,8.3,0.69,5.2,14.0,19.2,4.9,1.9,1.1,4.4,5.8,26.1,112,112,nurkiju01,
2022,De'Andre Hunter,SF,ATL,167,24,53,52,1577,7.9,17.9,0.442,2.3,6.1,0.379,5.6,11.8,0.474,0.506,4.0,5.2,0.765,0.8,4.7,5.5,2.1,1.1,0.7,2.2,4.8,22.1,106,117,huntede01,
2022,Amir Coffey,SG,LAC,168,24,69,30,1567,6.6,14.6,0.453,3.0,7.9,0.378,3.6,6.6,0.542,0.556,3.2,3.7,0.863,0.8,5.3,6.2,3.9,1.2,0.5,1.4,2.7,19.4,120,113,coffeam01,
2022,Oshae Brissett,SF,IND,169,23,67,25,1564,6.5,15.8,0.411,2.6,7.4,0.35,3.9,8.4,0.465,0.493,3.6,5.1,0.695,3.4,7.8,11.2,2.3,1.4,0.9,1.7,3.6,19.2,112,116,brissos01,
2022,Marcus Morris,PF,LAC,170,32,54,54,1564,9.4,21.6,0.434,3.2,8.6,0.367,6.2,13.0,0.478,0.507,4.0,4.6,0.872,0.8,6.7,7.5,3.5,0.9,0.6,2.2,3.6,26.0,108,112,morrima03,
2022,Gordon Hayward,SF,CHO,171,31,49,48,1564,8.7,18.9,0.459,2.6,6.8,0.391,6.0,12.2,0.496,0.528,3.9,4.6,0.846,1.2,5.7,6.9,5.4,1.4,0.7,2.5,2.6,23.9,113,116,haywago01,
2022,Tyus Jones,PG,MEM,172,25,73,23,1549,7.7,17.0,0.451,2.5,6.3,0.39,5.2,10.7,0.487,0.524,1.7,2.0,0.818,0.5,4.9,5.4,10.0,2.0,0.1,1.4,1.0,19.5,125,112,6MOY-11,jonesty01
2022,Chris Duarte,SG,IND,173,24,55,39,1541,8.5,19.7,0.432,3.0,8.1,0.369,5.5,11.6,0.475,0.507,2.9,3.6,0.804,1.3,5.9,7.2,3.6,1.8,0.3,2.9,3.0,22.9,104,117,duartch01,
2022,Trey Lyles,PF,DET,174,26,75,23,1537,8.3,17.8,0.466,2.1,6.6,0.321,6.2,11.2,0.552,0.526,6.2,7.7,0.802,2.8,9.2,12.0,2.8,0.9,1.0,2.3,3.9,24.8,116,114,lylestr01,
2022,Javonte Green,SF,CHI,175,28,65,45,1519,5.7,10.4,0.542,1.2,3.2,0.356,4.5,7.2,0.625,0.597,2.6,3.1,0.833,2.9,5.9,8.9,1.9,2.2,1.0,1.0,4.2,15.0,131,112,greenja02,
2022,Talen Horton-Tucker,SG,LAL,176,21,60,19,1511,7.1,17.1,0.416,1.6,5.8,0.269,5.6,11.3,0.492,0.462,3.2,4.0,0.8,1.2,4.9,6.1,5.0,1.9,0.9,2.6,4.7,18.9,102,114,hortota01,
2022,Jerami Grant,PF,DET,177,27,47,47,1500,9.7,22.7,0.426,3.0,8.3,0.358,6.7,14.5,0.465,0.491,7.1,8.4,0.838,0.9,5.3,6.2,3.6,1.4,1.6,2.8,3.5,29.4,109,114,grantje01,
2022,Alperen Şengün,C,HOU,178,19,72,13,1489,8.0,16.8,0.474,0.9,3.7,0.248,7.0,13.0,0.539,0.502,5.3,7.4,0.711,4.4,8.2,12.6,5.9,1.9,2.2,4.6,6.8,22.1,107,113,sengual01,
2022,Kyle Anderson,PF,MEM,179,28,69,11,1484,6.7,15.1,0.446,1.2,3.5,0.33,5.6,11.6,0.481,0.484,2.2,3.4,0.638,2.2,9.6,11.9,5.9,2.5,1.5,2.3,3.5,16.8,110,106,anderky01,
2022,Kristaps Porziņģis,PF,DAL,180,26,51,51,1481,11.9,25.9,0.459,2.6,8.5,0.31,9.3,17.4,0.532,0.51,8.4,9.7,0.867,3.4,10.4,13.9,4.0,1.3,2.8,2.7,4.6,34.8,116,107,porzikr01,
2022,Austin Rivers,SG,DEN,181,29,67,18,1480,4.8,11.6,0.417,2.6,7.7,0.342,2.2,3.9,0.563,0.53,1.1,1.5,0.727,0.6,3.1,3.8,3.0,1.7,0.2,1.8,4.0,13.4,104,115,riverau01,
2022,Patrick Beverley,PG,MIN,182,33,58,54,1476,5.7,14.1,0.406,2.7,7.8,0.343,3.0,6.3,0.485,0.501,3.1,4.3,0.722,2.0,5.7,7.7,8.6,2.2,1.7,2.4,5.6,17.2,119,111,beverpa01,
2022,Nickeil Alexander-Walker,SG,NOP,183,23,65,21,1466,8.5,22.9,0.372,3.5,11.4,0.311,5.0,11.5,0.433,0.449,2.7,3.7,0.743,1.2,5.1,6.3,5.3,1.5,0.8,3.1,3.5,23.3,98,114,alexani01,
2022,Cedi Osman,SF,CLE,184,26,66,3,1462,8.4,19.5,0.432,4.4,12.3,0.357,4.1,7.3,0.559,0.544,3.0,4.5,0.664,0.9,4.1,5.0,4.6,1.8,0.3,2.3,4.3,24.2,111,112,osmande01,
2022,Nicolas Batum,PF,LAC,185,33,59,54,1462,6.0,13.0,0.463,3.6,9.0,0.4,2.4,3.9,0.607,0.602,0.8,1.3,0.658,1.0,7.5,8.5,3.4,1.9,1.4,1.3,2.7,16.5,118,109,batumni01,
2022,Norman Powell,SF,POR,186,28,45,41,1458,9.4,20.3,0.461,3.6,8.5,0.419,5.8,11.8,0.491,0.549,6.3,7.8,0.811,0.7,4.2,4.9,3.2,1.4,0.7,2.3,3.6,28.6,116,119,powelno01,
2022,Delon Wright,SG,ATL,187,29,77,8,1452,4.1,9.1,0.454,1.5,3.9,0.379,2.6,5.2,0.51,0.535,1.8,2.1,0.857,1.7,5.8,7.4,6.4,3.1,0.6,1.5,1.9,11.6,126,112,wrighde01,
2022,Maxi Kleber,PF,DAL,188,30,59,21,1450,4.9,12.3,0.398,2.9,8.9,0.325,2.0,3.4,0.586,0.516,1.6,2.3,0.708,2.4,9.7,12.1,2.4,1.0,2.0,1.6,4.8,14.3,109,107,6MOY-11,klebima01
2022,Terrence Ross,SG,ORL,189,30,63,0,1448,7.3,18.5,0.397,2.6,8.8,0.292,4.8,9.7,0.493,0.467,3.7,4.3,0.862,0.7,4.7,5.4,3.9,0.9,0.4,2.5,2.3,21.0,100,116,rosste01,
2022,Daniel Gafford,C,WAS,190,23,72,53,1444,9.8,14.1,0.693,0.0,0.0,0.0,9.8,14.0,0.695,0.693,3.7,5.2,0.699,5.3,8.6,13.9,2.3,1.0,3.4,2.2,5.8,23.2,134,111,gaffoda01,
2022,Bradley Beal,SG,WAS,191,28,40,40,1439,12.0,26.5,0.451,2.2,7.2,0.3,9.8,19.3,0.508,0.492,5.8,7.0,0.833,1.3,5.2,6.5,9.1,1.2,0.5,4.6,3.3,31.9,106,117,bealbr01,
2022,Landry Shamet,SG,PHO,192,24,69,14,1437,6.4,16.2,0.394,4.1,11.2,0.368,2.3,5.1,0.45,0.521,2.3,2.7,0.84,0.5,3.7,4.2,3.6,0.9,0.3,1.4,3.1,19.2,111,112,shamela01,
2022,Andre Drummond,C,PHI,193,28,73,36,1437,8.5,14.9,0.57,0.0,0.1,0.0,8.5,14.8,0.574,0.57,3.0,5.6,0.524,7.9,15.5,23.4,4.5,2.7,2.3,3.9,6.6,19.9,114,102,drumman01,
2022,Austin Reaves,SG,LAL,194,23,61,19,1418,4.9,10.7,0.459,1.8,5.6,0.317,3.1,5.1,0.616,0.542,3.3,4.0,0.839,1.5,5.0,6.5,3.7,1.0,0.7,1.4,2.9,15.0,123,116,reaveau01,
2022,Furkan Korkmaz,SG,PHI,195,24,67,19,1414,6.4,16.6,0.387,2.7,9.4,0.289,3.7,7.2,0.515,0.469,2.4,3.0,0.81,0.8,5.4,6.2,4.5,1.2,0.3,1.7,2.0,18.0,104,114,korkmfu01,
2022,Avery Bradley,SG,LAL,196,31,62,45,1406,5.0,11.9,0.423,2.8,7.2,0.39,2.3,4.8,0.471,0.54,0.5,0.6,0.889,1.1,3.6,4.6,1.6,1.8,0.3,1.3,4.0,13.4,106,116,bradlav01,
2022,Anthony Davis,C,LAL,197,28,40,40,1404,12.6,23.7,0.532,0.4,2.4,0.186,12.2,21.3,0.571,0.542,5.9,8.3,0.713,3.6,9.8,13.5,4.2,1.7,3.1,2.8,3.3,31.6,115,109,davisan02,
2022,R.J. Hampton,SG,ORL,198,20,64,14,1402,6.0,15.8,0.383,2.2,6.3,0.35,3.8,9.5,0.405,0.453,2.6,4.0,0.641,0.8,5.9,6.7,5.5,1.4,0.4,3.0,3.5,16.9,94,114,hamptrj01,
2022,Jaxson Hayes,C,NOP,199,21,70,28,1398,8.7,14.1,0.616,0.7,2.0,0.351,7.9,12.0,0.66,0.641,5.1,6.6,0.766,4.1,7.1,11.1,1.5,1.2,1.9,1.9,5.5,23.1,132,113,hayesja02,
2022,Otto Porter Jr.,PF,GSW,200,28,63,15,1396,6.7,14.5,0.464,2.8,7.5,0.37,3.9,7.0,0.565,0.56,1.7,2.1,0.803,3.0,9.6,12.6,3.3,2.4,1.0,1.3,2.9,18.0,121,104,porteot01,
2022,Raul Neto,PG,WAS,201,29,70,19,1372,7.4,15.9,0.463,1.3,4.3,0.292,6.1,11.6,0.526,0.502,3.0,3.9,0.769,0.5,4.4,4.8,7.8,2.0,0.1,2.8,3.7,19.0,108,116,netora01,
2022,Caleb Martin,SF,MIA,202,26,60,12,1372,7.6,15.0,0.507,2.3,5.7,0.413,5.3,9.3,0.565,0.585,2.6,3.4,0.763,2.6,5.8,8.4,2.3,2.1,1.1,1.9,3.8,20.1,119,108,martica02,
2022,Tre Mann,PG,OKC,203,20,60,26,1367,8.2,21.0,0.393,3.5,9.7,0.36,4.7,11.3,0.421,0.476,2.3,2.9,0.793,0.9,5.2,6.1,3.2,1.7,0.4,2.5,3.6,22.3,97,114,manntr01,
2022,Eric Bledsoe,PG,LAC,204,32,54,29,1361,7.1,16.8,0.421,1.8,5.9,0.313,5.3,11.0,0.479,0.475,3.2,4.2,0.761,1.0,5.5,6.6,8.1,2.5,0.7,4.2,3.1,19.2,100,110,bledser01,
2022,Danny Green,SF,PHI,205,34,62,28,1353,4.6,11.8,0.394,3.8,10.0,0.38,0.8,1.8,0.469,0.555,0.4,0.5,0.786,1.2,4.6,5.8,2.4,2.2,1.4,1.7,3.9,13.5,106,111,greenda02,
2022,Ziaire Williams,SF,MEM,206,20,62,31,1346,6.8,15.1,0.45,2.7,8.6,0.314,4.1,6.5,0.632,0.54,1.5,2.0,0.782,0.9,3.7,4.6,2.3,1.2,0.4,1.5,4.0,17.8,113,114,willizi02,
2022,Josh Christopher,SG,HOU,207,20,74,2,1334,8.0,17.8,0.448,2.0,6.7,0.296,6.0,11.1,0.54,0.504,3.0,4.0,0.735,1.9,4.8,6.6,5.4,2.3,0.5,4.1,3.5,20.9,101,117,chrisjo01,
2022,Draymond Green,PF,GSW,208,31,46,44,1329,5.0,9.4,0.525,0.6,2.0,0.296,4.4,7.4,0.586,0.556,2.2,3.3,0.659,1.7,10.7,12.3,11.7,2.2,1.8,5.1,5.0,12.7,109,103,DPOY-10ASDEF2,greendr01
2022,Bones Hyland,SG,DEN,209,21,69,4,1310,8.6,21.4,0.403,4.9,13.4,0.366,3.7,8.0,0.465,0.518,4.0,4.7,0.856,0.5,6.5,7.0,7.2,1.5,0.7,3.2,5.7,26.1,109,112,hylanbo01,
2022,Jalen Suggs,PG,ORL,210,20,48,45,1307,7.3,20.3,0.361,1.6,7.3,0.214,5.8,13.0,0.443,0.4,4.7,6.0,0.773,1.0,5.4,6.3,7.7,2.2,0.7,5.3,5.3,20.9,88,112,suggsja01,
2022,John Konchar,SG,MEM,211,25,72,7,1292,5.0,9.7,0.515,1.9,4.7,0.413,3.1,5.0,0.61,0.615,1.0,1.8,0.551,3.2,9.0,12.2,4.0,1.7,0.8,1.1,3.3,12.9,133,109,konchjo01,
2022,Bryn Forbes,SG,SAS,212,28,75,2,1286,8.7,20.3,0.429,4.6,11.1,0.414,4.1,9.2,0.447,0.542,3.0,3.3,0.908,0.4,3.1,3.5,2.8,0.9,0.2,2.1,3.6,25.0,109,117,forbebr01,
2022,Ben McLemore,SG,POR,213,28,64,6,1285,8.2,20.5,0.401,5.7,15.9,0.362,2.5,4.6,0.533,0.541,2.7,3.3,0.818,0.5,3.5,3.9,2.2,1.4,0.4,2.1,3.9,24.9,108,120,mclembe01,
2022,Chimezie Metu,C,SAC,214,24,60,20,1279,7.6,16.9,0.452,2.1,7.0,0.306,5.5,9.9,0.555,0.516,2.7,3.4,0.78,1.3,11.3,12.6,2.3,1.9,1.2,2.3,3.5,20.1,104,111,metuch01,
2022,Cameron Payne,PG,PHO,215,27,58,12,1278,9.0,22.1,0.409,2.7,7.9,0.336,6.4,14.2,0.449,0.469,2.8,3.4,0.843,0.9,5.7,6.6,10.6,1.5,0.6,3.9,4.5,23.6,104,109,payneca01,
2022,Hamidou Diallo,SG,DET,216,23,58,29,1269,10.0,20.2,0.496,0.9,3.6,0.247,9.2,16.6,0.55,0.518,3.5,5.4,0.65,2.7,8.0,10.7,2.8,2.7,0.7,2.2,5.5,24.5,107,111,diallha01,
2022,Damion Lee,SG,GSW,217,29,63,5,1256,6.6,14.9,0.441,2.4,7.3,0.337,4.1,7.6,0.541,0.523,2.6,2.9,0.88,1.0,6.8,7.9,2.4,1.5,0.2,1.5,3.7,18.1,111,109,leeda03,
2022,George Hill,PG,MIL,218,35,54,17,1253,4.5,10.5,0.429,1.6,5.1,0.306,3.0,5.4,0.546,0.504,2.2,2.4,0.919,1.5,4.5,5.9,4.6,1.6,0.2,1.6,2.7,12.8,117,114,hillge01,
2022,Gary Payton II,SG,GSW,219,29,71,16,1247,8.3,13.5,0.616,1.7,4.7,0.358,6.6,8.8,0.754,0.679,1.4,2.3,0.603,2.8,6.8,9.7,2.5,3.8,0.9,1.6,5.1,19.6,129,103,paytoga02,
2022,Brandon Clarke,PF,MEM,220,25,64,1,1246,11.1,17.2,0.644,0.2,0.8,0.227,10.9,16.3,0.666,0.65,3.3,5.0,0.654,5.2,7.9,13.1,3.3,1.5,2.6,1.3,4.7,25.6,138,108,6MOY-11,clarkbr01
2022,Tim Hardaway Jr.,SG,DAL,221,29,42,20,1245,8.4,21.4,0.394,4.1,12.3,0.336,4.3,9.1,0.473,0.491,3.2,4.2,0.757,0.5,5.8,6.3,3.7,1.5,0.2,1.4,3.0,24.2,107,111,hardati02,
2022,Drew Eubanks,C,SAS,222,24,71,31,1245,8.6,14.4,0.596,0.2,0.9,0.217,8.4,13.5,0.621,0.602,3.9,5.1,0.762,5.1,9.8,14.9,3.3,1.2,1.6,3.2,4.7,21.2,120,113,eubandr01,
2022,Myles Turner,C,IND,223,25,42,42,1235,7.9,15.6,0.509,2.4,7.3,0.333,5.5,8.3,0.662,0.587,3.1,4.2,0.752,2.6,9.2,11.8,1.7,1.1,4.7,2.1,4.7,21.4,117,111,turnemy01,
2022,Aleksej Pokusevski,PF,OKC,224,20,61,12,1233,7.3,18.0,0.408,2.3,7.8,0.289,5.1,10.2,0.498,0.47,1.4,2.0,0.7,2.9,9.7,12.6,5.2,1.5,1.5,3.7,3.5,18.3,96,111,pokusal01,
2022,Obi Toppin,PF,NYK,225,23,72,10,1230,10.2,19.2,0.531,2.1,6.9,0.308,8.1,12.4,0.655,0.586,3.8,5.0,0.758,2.8,8.1,10.9,3.1,1.0,1.3,2.3,4.1,26.4,120,111,toppiob01,
2022,Doug McDermott,PF,SAS,226,30,51,51,1223,8.4,18.2,0.462,4.2,10.0,0.422,4.2,8.2,0.512,0.578,1.6,2.0,0.784,0.7,3.8,4.5,2.5,0.5,0.2,1.7,3.1,22.7,112,118,mcderdo01,
2022,Isaiah Hartenstein,C,LAC,227,23,68,0,1216,9.2,14.7,0.626,0.6,1.2,0.467,8.7,13.5,0.64,0.645,3.7,5.3,0.689,4.7,8.7,13.4,6.4,2.0,3.1,3.4,6.7,22.7,127,106,harteis01,
2022,Naz Reid,C,MIN,228,22,77,6,1215,9.1,18.6,0.489,2.2,6.5,0.343,6.9,12.1,0.568,0.549,4.5,5.8,0.765,4.0,7.8,11.8,2.8,1.6,2.8,3.2,6.7,24.9,113,109,reidna01,
2022,Lonzo Ball,PG,CHI,229,24,35,35,1212,6.5,15.4,0.423,4.4,10.5,0.423,2.1,5.0,0.423,0.567,0.8,1.1,0.75,1.4,6.2,7.7,7.2,2.6,1.2,3.3,3.4,18.3,110,111,balllo01,
2022,Aaron Wiggins,SG,OKC,230,23,50,35,1209,6.3,13.6,0.463,1.7,5.6,0.304,4.6,8.0,0.573,0.525,2.5,3.4,0.729,2.1,5.1,7.2,2.7,1.2,0.4,2.2,3.7,16.8,107,116,wiggiaa01,
2022,Malcolm Brogdon,PG,IND,231,29,36,36,1206,9.9,22.1,0.448,2.4,7.6,0.312,7.5,14.5,0.518,0.501,5.8,6.8,0.856,1.3,6.2,7.5,8.6,1.2,0.6,3.1,2.9,27.9,116,118,brogdma01,
2022,James Johnson,PF,BRK,232,34,62,10,1191,5.9,12.5,0.469,0.9,3.5,0.271,4.9,9.0,0.545,0.507,1.2,2.2,0.527,2.1,6.7,8.8,5.3,1.2,1.4,2.0,6.6,13.8,109,113,johnsja01,
2022,Jonathan Kuminga,SF,GSW,233,19,70,12,1185,9.7,18.9,0.513,2.1,6.1,0.336,7.7,12.8,0.598,0.567,5.3,7.8,0.684,2.2,7.4,9.6,2.6,1.3,0.9,3.0,6.0,26.8,112,108,kuminjo01,
2022,Jordan Nwora,SF,MIL,234,23,62,13,1185,7.5,18.7,0.403,3.2,9.2,0.348,4.3,9.5,0.455,0.488,1.5,1.7,0.837,1.5,7.5,9.0,2.4,1.0,0.7,2.3,3.2,19.7,100,113,nworajo01,
2022,Facundo Campazzo,PG,DEN,235,30,65,4,1184,4.4,12.3,0.361,2.4,8.0,0.301,2.0,4.3,0.476,0.459,2.5,3.2,0.769,1.0,3.9,4.8,9.1,2.6,1.0,2.8,5.1,13.8,109,111,campafa01,
2022,Shake Milton,SG,PHI,236,25,55,6,1179,7.3,17.0,0.429,1.8,5.6,0.323,5.5,11.4,0.481,0.483,2.6,3.1,0.836,1.3,4.7,6.0,5.9,1.2,0.7,1.9,4.2,19.0,109,114,miltosh01,
2022,Taurean Prince,PF,MIN,237,27,69,8,1177,7.2,15.8,0.454,3.5,9.3,0.376,3.7,6.5,0.565,0.564,2.5,3.3,0.756,1.1,6.0,7.0,2.7,1.9,0.9,2.1,4.7,20.3,112,112,princta02,
2022,Cam Thomas,SG,BRK,238,20,67,2,1176,9.0,20.7,0.433,1.9,7.2,0.27,7.0,13.6,0.52,0.48,3.6,4.3,0.829,0.7,6.0,6.6,3.2,1.4,0.3,2.3,2.7,23.5,103,115,thomaca02,
2022,CJ Elleby,SF,POR,239,21,58,28,1174,5.0,12.8,0.393,1.5,5.2,0.294,3.5,7.6,0.462,0.453,2.5,3.5,0.714,2.7,6.7,9.4,3.6,1.5,0.8,2.3,4.8,14.1,102,117,ellebcj01,
2022,JaVale McGee,C,PHO,240,34,74,17,1172,11.8,18.8,0.629,0.1,0.4,0.222,11.7,18.4,0.637,0.631,4.2,6.0,0.699,6.7,13.7,20.4,1.7,0.9,3.3,4.0,7.4,27.9,118,102,mcgeeja01,
2022,Frank Jackson,PG,DET,241,23,53,7,1164,8.1,20.2,0.402,3.6,11.7,0.308,4.5,8.6,0.529,0.491,3.6,4.4,0.827,0.8,2.9,3.6,2.3,1.1,0.4,1.6,3.7,23.5,106,118,jacksfr01,
2022,Hassan Whiteside,C,UTA,242,32,65,8,1162,9.1,14.0,0.652,0.0,0.0,9.1,14.0,0.652,0.652,4.4,7.1,0.623,7.1,14.0,21.0,1.1,0.9,4.4,2.3,7.6,22.7,132.0,104,whiteha01,,
2022,Tre Jones,PG,SAS,243,22,69,11,1148,6.9,14.2,0.49,0.4,2.1,0.196,6.5,12.0,0.542,0.504,3.0,3.8,0.78,1.2,5.3,6.5,9.7,1.8,0.3,1.9,3.3,17.3,120,114,jonestr01,
2022,Alex Caruso,SG,CHI,244,27,41,18,1147,4.3,10.9,0.398,1.8,5.4,0.333,2.6,5.5,0.462,0.48,2.5,3.1,0.795,1.4,4.9,6.3,7.0,3.0,0.6,2.4,4.5,12.9,110,112,carusal01,
2022,Marvin Bagley III,PF,SAC,245,22,48,25,1146,9.5,18.8,0.504,1.0,4.1,0.237,8.5,14.7,0.579,0.53,2.8,4.3,0.663,4.4,9.8,14.3,1.5,0.9,0.8,1.6,3.9,22.8,112,114,baglema01,
2022,Nemanja Bjelica,C,GSW,246,33,71,0,1142,6.8,14.6,0.468,2.3,6.4,0.362,4.5,8.2,0.549,0.547,2.5,3.5,0.728,2.6,9.9,12.6,6.8,1.8,1.1,3.7,5.5,18.5,111,105,bjeline01,
2022,Ish Smith,PG,CHO,247,33,65,1,1126,8.0,18.6,0.43,1.1,2.9,0.373,6.9,15.7,0.441,0.459,0.6,1.0,0.625,1.1,5.0,6.1,10.6,2.0,1.0,3.4,3.4,17.8,101,114,smithis01,
2022,Joe Ingles,SF,UTA,248,34,45,15,1122,5.1,12.6,0.404,3.4,9.9,0.347,1.6,2.6,0.617,0.54,0.7,1.0,0.773,0.5,5.2,5.8,7.0,1.0,0.2,2.0,3.6,14.3,117,114,inglejo01,
2022,Garrett Temple,SG,NOP,249,35,59,16,1098,5.0,13.3,0.376,2.7,8.3,0.319,2.3,4.9,0.473,0.476,1.3,1.8,0.683,1.3,5.1,6.4,3.3,1.9,1.0,1.9,3.6,13.9,101,113,templga01,
2022,Stanley Johnson,PF,LAL,250,25,48,27,1094,5.1,11.0,0.466,1.4,4.6,0.314,3.7,6.4,0.575,0.532,2.3,3.2,0.716,1.5,5.3,6.8,3.5,1.9,0.6,1.5,4.8,14.0,114,114,johnsst04,
2022,Kyrie Irving,PG,BRK,251,29,29,29,1091,12.8,27.4,0.469,4.4,10.6,0.418,8.4,16.8,0.501,0.55,5.2,5.7,0.915,0.7,4.9,5.6,7.4,1.8,0.8,3.2,3.6,35.4,117,114,irvinky01,
2022,Nassir Little,SF,POR,252,21,42,23,1088,6.5,14.1,0.46,2.3,6.9,0.331,4.2,7.2,0.584,0.541,3.1,4.2,0.734,2.6,8.0,10.6,2.4,1.1,1.6,1.8,3.7,18.4,115,116,littlna01,
2022,Jeremiah Robinson-Earl,C,OKC,253,21,49,36,1087,6.0,14.5,0.414,2.6,7.4,0.352,3.4,7.1,0.478,0.503,1.8,2.4,0.741,3.4,8.9,12.3,2.2,1.3,0.7,1.7,3.4,16.4,108,113,robinje02,
2022,JaMychal Green,PF,DEN,254,31,67,8,1085,7.2,14.8,0.486,1.5,5.6,0.266,5.7,9.2,0.621,0.537,3.7,4.2,0.871,3.7,9.0,12.7,2.7,1.9,1.2,2.6,7.1,19.5,114,109,greenja01,
2022,Paul George,PF,LAC,255,31,31,31,1077,12.2,28.9,0.421,4.1,11.7,0.354,8.1,17.2,0.467,0.493,5.8,6.7,0.858,0.5,9.1,9.7,8.0,3.0,0.6,5.7,3.4,34.3,100,106,georgpa01,
2022,Richaun Holmes,C,SAC,256,28,45,37,1074,8.9,13.4,0.66,0.1,0.2,0.4,8.8,13.2,0.664,0.663,3.1,4.0,0.778,4.2,10.0,14.2,2.2,0.8,1.8,2.5,5.7,21.0,127,114,holmeri01,
2022,Kenrich Williams,SF,OKC,257,27,49,0,1072,6.6,14.4,0.461,1.9,5.5,0.339,4.8,8.9,0.536,0.525,1.4,2.5,0.545,3.4,6.6,10.0,4.9,2.0,0.5,2.1,3.7,16.5,111,113,willike04,
2022,Dewayne Dedmon,C,MIA,258,32,67,15,1065,7.7,13.6,0.566,0.9,2.2,0.404,6.8,11.4,0.597,0.598,3.5,4.7,0.75,4.9,13.2,18.1,2.2,1.1,2.0,3.3,8.2,19.8,117,105,dedmode01,
2022,Damian Lillard,PG,POR,259,31,29,29,1056,10.3,25.5,0.402,4.3,13.1,0.324,6.0,12.4,0.485,0.486,7.4,8.4,0.878,0.6,5.0,5.6,9.8,0.8,0.5,3.8,1.7,32.2,112,120,lillada01,
2022,Troy Brown Jr.,SF,CHI,260,22,66,7,1055,5.0,11.9,0.419,2.2,6.2,0.353,2.8,5.8,0.488,0.51,0.9,1.2,0.769,1.8,7.6,9.4,3.1,1.7,0.2,1.2,2.9,13.1,110,114,browntr01,
2022,LaMarcus Aldridge,C,BRK,261,36,47,12,1050,11.6,21.1,0.55,0.6,2.1,0.304,11.0,19.0,0.578,0.566,4.1,4.7,0.873,3.4,8.5,11.9,1.9,0.6,2.2,2.0,3.6,28.0,119,112,aldrila01,
2022,Larry Nance Jr.,C,POR,262,29,46,11,1040,6.1,11.6,0.522,1.1,3.3,0.329,5.0,8.3,0.599,0.569,1.9,2.7,0.702,3.4,8.3,11.7,3.8,2.0,0.9,1.7,4.0,15.1,121,114,nancela02,
2022,Josh Green,SG,DAL,263,21,67,3,1039,6.3,12.4,0.508,1.4,3.8,0.359,4.9,8.6,0.573,0.563,1.5,2.2,0.689,2.5,5.3,7.8,3.8,2.2,0.7,2.1,5.6,15.5,114,109,greenjo02,
2022,Rudy Gay,PF,UTA,264,35,55,1,1038,7.5,18.0,0.414,3.3,9.7,0.345,4.1,8.4,0.494,0.507,3.0,3.8,0.785,2.6,8.9,11.5,2.7,1.2,0.9,2.2,4.5,21.2,110,110,gayru01,
2022,DeAndre' Bembry,SF,BRK,265,27,56,20,1026,5.9,10.4,0.561,0.7,1.7,0.417,5.1,8.7,0.589,0.595,1.0,1.7,0.6,2.0,5.7,7.7,3.1,2.3,1.2,1.5,5.3,13.4,119,112,bembrde01,
2022,Aaron Holiday,PG,WAS,266,25,63,15,1021,7.2,16.2,0.447,1.9,4.9,0.379,5.4,11.3,0.477,0.504,2.8,3.3,0.868,1.2,4.7,5.9,7.3,2.0,0.4,3.2,4.4,19.2,108,113,holidaa01,
2022,Damian Jones,C,SAC,267,26,56,15,1017,8.3,12.6,0.658,0.5,1.4,0.345,7.8,11.2,0.696,0.677,4.4,6.2,0.718,3.5,8.1,11.6,3.3,1.2,2.2,2.8,6.2,21.5,128,113,jonesda03,
2022,Lamar Stevens,PF,CLE,268,24,63,13,1015,7.7,15.7,0.489,0.9,3.2,0.277,6.8,12.5,0.543,0.517,2.6,3.7,0.707,2.3,5.8,8.1,2.2,1.5,0.9,2.0,5.2,18.8,107,110,stevela01,
2022,Cam Reddish,SF,ATL,269,22,49,7,1012,8.0,19.9,0.404,3.2,9.0,0.359,4.8,10.9,0.442,0.485,4.9,5.5,0.902,1.2,3.9,5.1,2.3,2.3,0.7,2.8,2.9,24.2,105,114,reddica01,
2022,Donte DiVincenzo,SG,MIL,270,25,42,1,1006,5.6,16.1,0.351,3.5,10.4,0.339,2.1,5.6,0.373,0.461,3.3,4.0,0.843,1.9,6.2,8.1,5.6,2.3,0.4,3.4,3.3,18.2,102,113,divindo01,
2022,Wesley Matthews,SG,MIL,271,35,49,14,1002,4.2,10.5,0.395,2.5,7.5,0.338,1.6,3.0,0.54,0.516,1.1,1.3,0.786,1.4,3.0,4.4,1.7,1.1,0.4,0.9,4.2,11.9,113,116,matthwe02,
2022,Payton Pritchard,PG,BOS,272,24,71,2,1001,7.9,18.5,0.429,5.0,12.2,0.412,2.9,6.4,0.461,0.564,1.0,1.0,1.0,1.6,5.1,6.7,6.9,1.2,0.3,2.0,3.0,21.9,120,110,pritcpa01,
2022,Juan Toscano-Anderson,SF,GSW,273,28,73,6,994,5.6,11.5,0.489,1.4,4.3,0.322,4.3,7.3,0.588,0.549,2.0,3.4,0.571,1.4,7.3,8.6,6.2,2.4,0.8,3.3,5.6,14.6,106,106,toscaju01,
2022,Onyeka Okongwu,C,ATL,274,21,48,6,992,7.7,11.2,0.69,0.0,0.0,7.7,11.2,0.69,0.69,4.0,5.4,0.727,5.7,8.3,14.0,2.6,1.5,3.0,2.2,7.4,19.4,138.0,111,okongon01,,
2022,Khem Birch,C,TOR,275,29,55,28,991,4.9,10.1,0.485,0.0,0.7,0.0,4.9,9.4,0.522,0.485,2.7,3.6,0.746,6.2,5.9,12.1,2.8,1.5,1.3,1.5,5.2,12.5,124,111,birchkh01,
2022,Kessler Edwards,SF,BRK,276,21,48,23,987,5.4,13.1,0.412,2.4,6.7,0.353,3.0,6.4,0.473,0.502,0.8,0.9,0.842,2.2,6.3,8.4,1.5,1.4,1.2,2.1,4.2,13.9,100,113,edwarke02,
2022,Dean Wade,PF,CLE,277,25,51,28,980,5.0,11.1,0.456,2.6,7.2,0.359,2.4,3.8,0.64,0.574,1.0,1.5,0.667,1.6,6.1,7.6,2.6,1.5,0.4,0.8,4.5,13.7,122,111,wadede01,
2022,Daniel Theis,C,HOU,278,29,47,27,977,7.5,14.4,0.519,1.6,5.3,0.308,5.8,9.1,0.641,0.576,2.4,3.6,0.681,2.9,8.4,11.3,2.0,1.0,1.5,2.3,5.5,19.0,113,112,theisda01,
2022,Jaylen Nowell,SG,MIN,279,22,62,1,975,9.6,20.2,0.475,3.1,7.8,0.394,6.5,12.3,0.526,0.551,3.5,4.5,0.783,1.1,4.9,6.0,6.3,1.3,0.5,1.8,3.6,25.7,121,115,nowelja01,
2022,Nic Claxton,C,BRK,280,22,47,19,974,8.9,13.1,0.674,0.0,0.0,8.9,13.1,0.674,0.674,2.7,4.6,0.581,4.5,8.6,13.1,2.1,1.2,2.5,1.9,5.5,20.4,130.0,111,claxtni01,,
2022,Dwight Howard,C,LAL,281,36,60,27,971,6.6,10.8,0.612,0.4,0.7,0.533,6.2,10.1,0.618,0.63,4.7,7.2,0.658,5.8,11.7,17.6,1.7,1.7,1.8,2.3,5.7,18.4,128,109,howardw01,
2022,Ricky Rubio,PG,CLE,282,31,34,8,970,7.7,21.2,0.363,3.0,9.0,0.339,4.6,12.2,0.38,0.434,4.5,5.3,0.854,0.8,6.5,7.3,11.6,2.5,0.4,4.6,3.9,22.9,102,108,rubiori01,
2022,Duane Washington Jr.,PG,IND,283,21,48,7,968,8.8,21.6,0.405,4.1,10.9,0.377,4.7,10.7,0.434,0.5,2.3,3.1,0.754,0.2,4.0,4.2,4.3,1.3,0.2,2.9,3.3,23.9,101,119,washidu02,
2022,Joshua Primo,SF,SAS,284,19,50,16,965,5.0,13.4,0.374,2.1,6.8,0.307,2.9,6.6,0.444,0.452,2.2,2.9,0.746,1.6,4.0,5.6,4.0,1.0,1.1,2.8,3.9,14.3,96,115,primojo01,
2022,Moritz Wagner,C,ORL,285,24,63,3,960,9.9,20.0,0.497,3.3,10.1,0.328,6.6,9.8,0.672,0.581,5.2,6.5,0.806,2.1,9.6,11.7,4.4,1.0,0.7,2.8,6.2,28.4,118,112,wagnemo01,
2022,Blake Griffin,C,BRK,286,32,56,24,958,6.7,15.8,0.425,1.9,7.3,0.262,4.8,8.5,0.565,0.486,2.8,3.8,0.724,3.0,8.5,11.5,5.3,1.4,0.7,1.6,4.8,18.2,115,113,griffbl01,
2022,Keita Bates-Diop,SF,SAS,287,26,59,14,956,6.8,13.2,0.517,0.9,2.8,0.309,6.0,10.4,0.572,0.549,2.3,3.1,0.754,3.1,8.5,11.6,2.1,1.4,0.7,2.3,3.1,16.8,111,112,bateske01,
2022,Isaiah Roby,PF,OKC,288,23,45,28,948,8.5,16.6,0.514,2.3,5.1,0.444,6.3,11.5,0.545,0.582,4.0,6.0,0.672,3.9,7.3,11.1,3.6,1.8,1.7,2.2,5.6,23.3,120,111,robyis01,
2022,Kemba Walker,PG,NYK,289,31,37,37,948,7.9,19.5,0.403,3.9,10.5,0.367,4.0,9.0,0.444,0.501,3.2,3.7,0.845,0.7,5.1,5.9,6.9,1.4,0.4,2.5,2.0,22.7,112,113,walkeke02,
2022,Taj Gibson,C,NYK,290,36,52,4,946,4.5,8.8,0.518,0.8,2.0,0.395,3.8,6.8,0.555,0.563,2.2,2.8,0.808,4.7,7.5,12.1,1.7,1.2,2.1,1.4,7.2,12.1,127,110,gibsota01,
2022,Rui Hachimura,PF,WAS,291,23,42,13,943,9.8,20.0,0.491,2.9,6.5,0.447,6.9,13.5,0.512,0.563,2.4,3.5,0.697,1.3,7.1,8.4,2.5,1.2,0.5,1.7,2.8,24.9,111,116,hachiru01,
2022,Klay Thompson,SG,GSW,292,31,32,32,941,12.7,29.7,0.429,5.9,15.3,0.385,6.8,14.4,0.477,0.529,2.4,2.6,0.902,0.8,5.7,6.5,4.6,0.8,0.9,2.2,2.8,33.8,107,110,thompkl01,
2022,Jeremy Lamb,SF,IND,293,29,56,0,935,6.9,18.1,0.383,2.9,8.9,0.324,4.1,9.2,0.441,0.463,4.6,5.5,0.84,1.4,6.7,8.0,4.2,1.6,1.1,1.9,3.1,21.3,109,116,lambje01,
2022,Jalen Smith,PF,PHO,294,21,51,8,925,9.3,18.4,0.503,2.1,6.4,0.328,7.1,12.0,0.596,0.56,4.1,5.4,0.765,5.3,10.8,16.1,1.3,0.8,2.2,2.2,5.0,24.7,119,111,smithja04,
2022,Théo Maledon,PG,OKC,295,20,51,7,908,6.4,17.0,0.375,2.4,8.0,0.293,4.0,9.0,0.449,0.445,4.2,5.4,0.79,1.1,6.0,7.0,6.0,1.7,0.6,3.5,3.6,19.4,99,114,maledth01,
2022,Tomáš Satoranský,SG,NOP,296,30,55,13,906,3.9,10.4,0.377,0.6,2.9,0.208,3.3,7.5,0.442,0.406,2.3,2.9,0.796,1.5,5.4,6.9,10.0,1.6,0.3,2.5,3.9,10.8,109,115,satorto01,
2022,Jevon Carter,PG,BRK,297,26,66,3,905,5.2,13.5,0.387,3.5,9.1,0.388,1.7,4.4,0.386,0.518,0.8,1.0,0.833,0.7,5.1,5.9,5.1,1.3,0.7,1.8,3.6,14.8,110,114,carteje01,
2022,Jordan McLaughlin,PG,MIN,298,25,62,3,902,4.6,10.5,0.44,1.4,4.5,0.318,3.2,6.1,0.53,0.508,1.6,2.1,0.75,1.2,3.8,5.0,9.5,3.0,0.5,2.0,2.8,12.3,122,112,mclaujo01,
2022,Derrick Jones Jr.,PF,CHI,299,24,51,8,899,5.7,10.6,0.538,1.1,3.3,0.328,4.6,7.3,0.634,0.59,3.0,3.8,0.8,3.3,5.9,9.2,1.6,1.4,1.8,1.6,5.7,15.5,124,113,jonesde02,
2022,Tristan Thompson,C,SAC,300,30,57,6,897,7.6,14.4,0.528,0.1,0.2,0.333,7.6,14.3,0.53,0.53,3.3,6.3,0.526,6.5,9.1,15.6,1.8,1.2,1.1,2.4,5.3,18.6,112,114,thomptr01,
2022,Jalen McDaniels,SF,CHO,301,24,55,2,895,6.6,13.6,0.484,2.2,5.8,0.38,4.4,7.8,0.562,0.565,2.8,3.9,0.736,2.0,7.1,9.1,3.1,1.4,1.2,1.9,5.0,18.2,116,114,mcdanja01,
2022,Dillon Brooks,SF,MEM,302,26,32,31,885,12.3,28.4,0.432,2.5,8.1,0.309,9.8,20.4,0.48,0.475,4.9,5.7,0.849,1.6,3.9,5.5,4.8,1.9,0.4,2.7,5.7,31.9,108,112,brookdi01,
2022,D.J. Augustin,PG,HOU,303,34,55,2,883,5.1,12.0,0.423,3.7,8.9,0.415,1.4,3.1,0.448,0.577,2.1,2.3,0.884,0.6,3.1,3.7,5.8,0.9,0.1,3.0,2.1,15.9,112,120,augusdj01,
2022,Serge Ibaka,C,LAC,304,32,54,12,877,8.2,16.4,0.5,2.1,5.5,0.374,6.2,10.9,0.563,0.563,1.8,2.4,0.727,3.4,10.4,13.9,2.7,0.6,1.8,2.4,5.7,20.2,112,110,ibakase01,
2022,Trendon Watford,SF,POR,305,21,48,10,869,8.0,15.0,0.532,0.5,2.1,0.237,7.5,12.9,0.581,0.549,4.0,5.3,0.755,3.2,8.0,11.2,4.6,1.4,1.6,2.5,6.5,20.5,118,116,watfotr01,
2022,Trey Murphy III,SF,NOP,306,21,62,1,864,6.2,15.8,0.394,4.1,10.6,0.382,2.2,5.2,0.418,0.522,2.6,2.9,0.882,2.7,5.7,8.4,2.2,1.3,0.4,0.9,3.4,19.1,120,115,murphtr02,
2022,Maurice Harkless,SF,SAC,307,28,47,24,863,4.6,10.1,0.459,1.7,5.6,0.307,2.9,4.5,0.65,0.544,1.1,1.6,0.714,0.7,5.6,6.2,1.3,1.6,1.3,1.7,4.3,12.1,101,115,harklma01,
2022,Thaddeus Young,PF,SAS,308,33,52,1,845,8.2,15.8,0.518,1.0,2.8,0.354,7.2,13.0,0.554,0.55,1.3,2.8,0.469,4.6,7.4,12.1,6.0,3.1,1.0,3.0,4.7,18.7,113,108,youngth01,
2022,Armoni Brooks,SG,HOU,309,23,54,11,844,5.6,16.4,0.339,4.2,14.2,0.297,1.4,2.3,0.6,0.467,1.0,1.2,0.857,1.1,4.7,5.9,3.5,1.6,0.6,1.5,4.2,16.4,101,117,brookar01,
2022,Willy Hernangómez,C,NOP,310,27,50,8,839,10.0,19.2,0.52,0.2,0.7,0.333,9.8,18.5,0.527,0.526,6.4,8.3,0.773,8.4,11.5,19.9,3.7,1.2,1.1,3.0,5.7,26.7,122,111,hernawi01,
2022,Jose Alvarado,PG,NOP,311,23,54,1,834,7.8,17.4,0.446,1.9,6.5,0.291,5.9,10.9,0.538,0.5,2.1,3.1,0.679,1.5,4.4,5.9,9.0,4.2,0.4,2.4,4.3,19.5,114,109,alvarjo01,
2022,Josh Jackson,SF,DET,312,24,51,3,830,7.0,17.6,0.4,1.9,7.6,0.254,5.1,10.0,0.512,0.455,3.2,4.5,0.714,1.2,7.0,8.3,3.2,1.5,1.3,2.8,5.2,19.2,95,114,jacksjo02,
2022,Tony Snell,SG,POR,313,30,53,12,823,4.1,10.2,0.404,2.7,7.6,0.352,1.4,2.6,0.558,0.535,0.2,0.2,1.0,1.0,5.2,6.1,1.7,1.0,0.5,1.1,4.2,11.1,106,119,snellto01,
2022,Lance Stephenson,SG,ATL,314,31,46,1,814,8.8,19.4,0.455,1.6,5.4,0.3,7.2,14.0,0.515,0.497,3.8,4.8,0.788,0.7,6.9,7.6,9.9,1.4,0.2,4.3,5.8,23.1,107,117,stephla01,
2022,Wayne Ellington,SG,LAL,315,34,43,9,810,5.8,14.0,0.414,4.9,12.5,0.389,0.9,1.5,0.615,0.586,0.5,0.7,0.818,0.6,4.0,4.6,1.8,1.4,0.3,1.1,2.5,17.0,113,116,ellinwa01,
2022,Dāvis Bertāns,PF,WAS,316,29,56,0,807,6.1,17.0,0.36,4.8,14.2,0.335,1.4,2.8,0.489,0.5,2.2,2.5,0.9,0.7,6.5,7.2,1.9,1.0,0.7,1.2,5.2,19.2,106,114,bertada01,
2022,Ty Jerome,SG,OKC,317,24,48,4,801,7.5,19.9,0.378,3.3,11.3,0.29,4.3,8.6,0.493,0.46,2.3,2.9,0.809,1.2,3.6,4.7,6.6,1.8,0.3,2.2,4.4,20.7,103,115,jeromty01,
2022,Lou Williams,PG,ATL,318,35,56,0,799,7.7,19.7,0.391,2.3,6.3,0.363,5.4,13.4,0.404,0.448,4.1,4.8,0.859,1.0,4.4,5.4,6.5,1.7,0.2,2.6,3.0,21.8,105,117,willilo02,
2022,Quentin Grimes,SG,NYK,319,21,46,6,786,6.0,15.0,0.404,4.6,12.0,0.381,1.5,2.9,0.5,0.557,0.8,1.2,0.684,1.5,4.5,6.0,2.8,2.0,0.7,1.8,4.6,17.5,111,111,grimequ01,
2022,Justise Winslow,PF,LAC,320,25,48,11,774,7.0,16.2,0.428,0.9,4.2,0.227,6.0,12.1,0.497,0.457,2.5,4.2,0.591,3.2,9.6,12.8,5.3,2.2,1.6,3.1,4.2,17.3,100,109,winslju01,
2022,Romeo Langford,SG,BOS,321,22,48,5,771,5.3,12.3,0.435,1.9,5.5,0.341,3.5,6.8,0.509,0.51,1.5,2.7,0.548,1.9,5.0,6.9,1.4,1.4,1.0,1.0,3.0,14.0,108,109,langfro01,
2022,Trent Forrest,PG,UTA,322,23,60,6,765,4.9,10.0,0.49,0.3,1.7,0.185,4.6,8.3,0.555,0.506,2.5,3.1,0.792,1.5,4.9,6.4,6.8,1.9,0.4,3.1,2.8,12.6,111,112,forretr01,
2022,Kelly Olynyk,C,DET,323,30,40,1,764,8.2,18.3,0.448,2.6,7.6,0.336,5.6,10.7,0.527,0.517,4.4,5.7,0.775,3.4,7.9,11.3,7.1,2.0,1.2,3.7,6.4,23.3,112,112,olynyke01,
2022,Brandon Boston Jr.,SG,LAC,324,20,51,0,760,8.1,21.0,0.385,2.2,7.2,0.306,5.9,13.8,0.425,0.437,3.8,4.6,0.819,1.1,6.1,7.2,3.3,1.7,0.8,2.0,2.8,22.1,98,111,bostobr01,
2022,Rodney McGruder,SG,DET,325,30,51,2,754,6.3,14.6,0.436,3.8,9.4,0.397,2.6,5.1,0.506,0.564,1.2,1.7,0.731,2.0,5.2,7.2,3.1,1.4,0.5,1.6,3.8,17.7,115,116,mcgruro01,
2022,Eric Paschall,PF,UTA,326,25,58,3,736,7.7,15.8,0.485,2.7,7.3,0.37,5.0,8.5,0.583,0.57,4.4,5.8,0.767,2.0,5.1,7.1,2.4,0.6,0.3,1.8,3.4,22.4,123,115,pascher01,
2022,Naji Marshall,SF,NOP,327,24,55,4,735,7.3,18.1,0.405,1.4,7.1,0.2,5.9,11.0,0.537,0.444,5.0,6.2,0.796,2.6,7.0,9.5,4.2,2.2,0.5,3.1,4.6,21.0,103,112,marshna01,
2022,Goga Bitadze,C,IND,328,22,50,16,729,8.8,16.9,0.52,1.5,5.4,0.288,7.3,11.6,0.628,0.565,4.3,6.3,0.681,5.3,6.6,11.9,3.7,1.4,2.8,3.1,7.2,23.4,118,114,bitadgo01,
2022,Danuel House Jr.,SF,HOU,329,28,42,7,727,5.4,13.3,0.404,3.0,7.9,0.376,2.4,5.4,0.444,0.515,3.0,3.9,0.759,1.2,6.2,7.5,3.0,1.4,1.1,2.2,3.4,16.7,108,113,houseda01,
2022,DeMarcus Cousins,C,MIL,330,31,48,7,718,10.1,21.9,0.46,2.5,8.3,0.303,7.6,13.7,0.554,0.517,6.4,8.5,0.76,5.0,13.3,18.3,4.8,2.4,1.4,5.8,9.4,29.1,105,106,couside01,
2022,Svi Mykhailiuk,SF,TOR,331,24,56,5,716,6.4,16.3,0.389,2.9,9.4,0.306,3.5,7.0,0.5,0.476,2.2,2.6,0.865,1.4,5.0,6.4,3.1,1.8,0.3,2.2,3.8,17.8,104,113,mykhasv01,
2022,Terry Taylor,PF,IND,332,22,33,7,714,9.3,15.1,0.614,0.8,2.6,0.316,8.4,12.5,0.676,0.641,2.5,3.5,0.706,6.5,5.3,11.8,2.8,1.0,0.5,1.6,4.2,21.8,135,119,taylote01,
2022,Rodney Hood,PF,MIL,333,29,52,0,709,3.9,10.7,0.369,2.0,6.2,0.33,1.9,4.5,0.424,0.465,1.2,1.3,0.895,1.0,4.2,5.2,2.6,1.0,0.4,0.7,2.1,11.1,108,115,hoodro01,
2022,Omer Yurtseven,C,MIA,334,23,56,12,706,9.2,17.5,0.526,0.1,0.8,0.091,9.1,16.7,0.547,0.528,2.7,4.3,0.623,6.0,14.8,20.8,3.5,1.2,1.4,2.9,6.0,21.2,112,104,yurtsom01,
2022,Xavier Tillman Sr.,PF,MEM,335,23,53,2,701,6.7,14.7,0.454,0.7,3.3,0.204,6.0,11.4,0.527,0.477,3.1,4.8,0.648,4.5,6.5,11.0,4.2,3.3,1.0,2.3,4.3,17.2,112,107,tillmxa01,
2022,Zeke Nnaji,PF,DEN,336,21,41,1,698,6.7,13.1,0.516,2.6,5.6,0.463,4.1,7.5,0.557,0.616,2.9,4.6,0.631,3.9,6.4,10.3,1.2,1.1,0.9,1.6,5.6,19.0,123,113,nnajize01,
2022,Keon Johnson,SG,LAC,337,19,37,12,697,6.7,19.1,0.353,2.4,7.0,0.34,4.3,12.1,0.36,0.415,2.9,3.6,0.804,1.7,4.0,5.7,5.3,2.0,0.8,3.2,4.8,18.7,94,116,johnske07,
2022,Rajon Rondo,PG,LAL,338,35,39,1,697,4.8,12.4,0.386,2.2,6.2,0.352,2.6,6.2,0.42,0.474,1.3,1.8,0.731,1.1,6.5,7.6,12.0,2.1,0.4,4.8,3.9,13.1,101,111,rondora01,
2022,Dalano Banton,PG,TOR,339,22,64,1,696,6.0,14.5,0.411,0.9,3.7,0.255,5.0,10.8,0.464,0.443,1.9,3.2,0.591,2.7,6.2,8.9,7.1,2.0,0.7,3.8,4.9,14.7,98,111,bantoda01,
2022,Vit Krejci,SG,OKC,340,21,30,8,690,4.8,11.8,0.407,2.3,6.9,0.327,2.5,4.9,0.522,0.503,1.3,1.6,0.864,1.3,5.9,7.1,4.0,1.3,0.6,2.0,4.6,13.2,105,115,krejcvi01,
2022,Frank Ntilikina,SG,DAL,341,23,58,5,685,6.5,16.4,0.399,2.8,8.2,0.342,3.7,8.2,0.455,0.484,1.8,1.8,0.96,0.9,4.9,5.8,5.1,2.0,0.5,2.3,4.5,17.6,104,110,ntilila01,
2022,Timothé Luwawu-Cabarrot,SF,ATL,342,26,52,18,685,5.3,13.3,0.398,3.2,8.8,0.361,2.2,4.6,0.469,0.516,2.5,2.9,0.854,1.2,4.7,5.9,2.9,1.3,0.4,1.4,5.5,16.3,113,117,luwawti01,
2022,Davon Reed,SG,DEN,343,26,48,5,668,5.9,11.8,0.503,2.7,6.3,0.43,3.2,5.5,0.587,0.618,0.7,1.1,0.667,1.0,6.9,7.9,3.9,1.8,0.7,1.2,4.6,15.3,123,112,reedda01,
2022,Derrick Favors,C,OKC,344,30,39,18,653,7.0,13.6,0.516,0.1,1.2,0.125,6.9,12.4,0.554,0.522,1.2,1.9,0.64,4.3,9.4,13.7,1.9,1.3,0.9,0.7,4.6,15.4,118,112,favorde01,
2022,T.J. McConnell,PG,IND,345,29,27,8,652,7.5,15.6,0.481,0.8,2.5,0.303,6.8,13.1,0.514,0.505,1.4,1.7,0.826,1.5,5.3,6.8,9.8,2.2,0.8,2.2,4.0,17.2,117,116,mccontj01,
2022,Greg Brown III,SF,POR,346,20,48,6,640,6.2,14.5,0.426,1.5,4.7,0.311,4.7,9.8,0.481,0.476,3.4,5.0,0.677,2.9,7.4,10.3,2.7,2.0,1.8,2.7,6.9,17.2,102,114,browngr01,
2022,Brandon Williams,PG,POR,347,22,24,16,640,8.0,21.5,0.372,2.4,8.1,0.292,5.6,13.4,0.42,0.427,5.2,7.4,0.701,1.5,4.2,5.6,7.2,1.8,0.8,4.4,4.0,23.6,96,118,willibr03,
2022,Dennis Smith Jr.,PG,POR,348,24,37,4,638,6.0,14.5,0.418,0.5,2.1,0.222,5.6,12.4,0.451,0.434,3.2,4.9,0.656,1.5,5.2,6.7,10.1,3.4,0.9,3.9,4.0,15.8,101,114,smithde03,
2022,Derrick Rose,PG,NYK,349,33,26,4,636,9.6,21.6,0.445,2.9,7.2,0.402,6.7,14.3,0.467,0.513,2.4,2.4,0.968,1.7,4.5,6.1,8.1,1.7,0.9,3.1,1.2,24.5,112,112,rosede01,
2022,Sterling Brown,SG,DAL,350,26,49,3,628,4.7,12.4,0.381,2.2,7.4,0.304,2.5,5.0,0.492,0.471,1.1,1.2,0.933,2.1,9.9,11.9,2.7,1.1,0.6,1.8,4.5,12.8,102,109,brownst02,
2022,DeAndre Jordan,C,LAL,351,33,48,20,622,7.2,11.2,0.643,0.0,0.0,7.2,11.2,0.643,0.643,1.7,3.1,0.55,6.5,14.1,20.6,1.6,0.9,2.7,2.9,5.5,16.1,120.0,107,jordade01,,
2022,Alex Len,C,SAC,352,28,39,10,620,7.3,13.7,0.534,0.5,1.6,0.286,6.8,12.0,0.568,0.551,3.2,4.9,0.651,4.0,8.5,12.5,3.5,1.0,1.9,3.3,7.8,18.2,109,114,lenal01,
2022,Robin Lopez,C,ORL,353,33,36,9,612,8.7,15.7,0.553,0.2,0.5,0.333,8.5,15.3,0.56,0.558,2.5,4.3,0.593,5.4,4.6,10.0,4.3,0.2,1.4,3.5,5.3,20.1,110,116,lopezro01,
2022,Isaiah Joe,SG,PHI,354,22,55,1,609,5.1,14.5,0.35,3.7,11.1,0.333,1.4,3.4,0.405,0.477,2.4,2.5,0.935,0.5,4.1,4.6,2.9,1.1,0.2,1.6,3.8,16.2,103,115,joeis01,
2022,David Nwaba,SF,HOU,355,29,46,4,609,6.6,13.8,0.483,1.2,3.8,0.306,5.5,9.9,0.551,0.526,3.8,5.2,0.716,3.2,8.6,11.8,2.7,2.2,1.6,1.6,4.3,18.2,117,113,nwabada01,
2022,Moses Moody,SG,GSW,356,19,52,11,607,6.4,14.7,0.437,3.2,8.8,0.364,3.2,5.9,0.548,0.546,2.2,2.9,0.778,1.4,5.1,6.4,1.8,0.6,0.8,1.0,3.5,18.3,115,111,moodymo01,
2022,Saben Lee,PG,DET,357,22,37,0,604,5.6,14.3,0.39,1.1,4.8,0.233,4.4,9.5,0.47,0.429,4.5,5.7,0.789,1.5,5.6,7.0,8.6,2.9,1.0,2.9,3.6,16.8,107,112,leesa01,
2022,Andre Iguodala,SF,GSW,358,38,31,0,603,3.7,9.8,0.38,1.4,6.0,0.23,2.3,3.8,0.617,0.45,1.2,1.6,0.75,1.7,6.4,8.1,9.2,2.2,1.8,2.3,2.7,10.0,114,106,iguodan01,
2022,Mike Muscala,C,OKC,359,30,43,0,592,9.3,20.4,0.456,5.8,13.4,0.429,3.5,7.0,0.506,0.597,3.9,4.7,0.842,1.7,8.9,10.6,1.8,1.5,2.1,1.2,4.8,28.3,124,110,muscami01,
2022,Jock Landale,C,SAS,360,26,54,1,589,8.2,16.6,0.495,2.4,7.2,0.326,5.9,9.4,0.626,0.566,2.8,3.3,0.829,5.1,6.1,11.2,3.7,0.8,1.1,2.5,4.3,21.6,119,114,landajo01,
2022,Aaron Nesmith,SF,BOS,361,22,52,3,574,6.2,15.8,0.396,2.7,10.0,0.27,3.5,5.8,0.612,0.481,1.8,2.3,0.808,1.3,6.4,7.7,1.9,1.7,0.4,2.7,6.1,17.0,95,108,nesmiaa01,
2022,Keifer Sykes,PG,IND,362,28,32,11,566,6.0,16.4,0.363,2.3,7.8,0.3,3.6,8.7,0.42,0.434,1.3,1.5,0.882,0.7,3.2,3.9,5.4,1.0,0.3,2.9,4.4,15.6,94,120,sykeske01,
2022,Nerlens Noel,C,NYK,363,27,25,11,562,2.8,5.3,0.533,0.0,0.3,0.0,2.8,5.1,0.561,0.533,1.9,2.7,0.7,4.3,8.3,12.6,2.0,2.7,2.8,1.8,6.0,7.6,119,105,noelne01,
2022,Jericho Sims,PF,NYK,364,23,41,5,555,3.5,4.9,0.722,0.0,0.0,3.5,4.9,0.722,0.722,1.1,2.6,0.414,5.5,9.7,15.2,1.9,1.0,2.0,1.8,5.9,8.1,129.0,109,simsje01,,
2022,Tony Bradley,C,CHI,365,24,55,7,549,6.4,10.9,0.585,0.0,0.0,6.4,10.9,0.585,0.585,1.7,2.6,0.655,6.0,10.6,16.5,2.4,0.9,2.9,3.0,5.5,14.5,115.0,110,bradlto01,,
2022,Elfrid Payton,PG,PHO,366,27,50,1,549,5.9,15.3,0.383,0.4,1.6,0.222,5.5,13.8,0.401,0.394,1.1,2.8,0.375,1.8,5.9,7.7,8.7,2.2,0.5,4.1,3.3,13.1,87,108,paytoel01,
2022,Kent Bazemore,SF,LAL,367,32,39,14,545,4.0,12.2,0.324,2.6,7.0,0.363,1.4,5.2,0.271,0.428,1.1,1.5,0.765,1.1,4.9,6.1,3.0,2.2,0.8,1.8,6.2,11.6,93,113,bazemke01,
2022,Isaiah Jackson,C,IND,368,20,36,15,541,10.5,18.6,0.563,0.5,1.4,0.313,10.0,17.2,0.584,0.575,5.4,8.0,0.682,5.4,8.1,13.5,0.9,2.3,4.7,3.6,8.3,26.9,113,109,jacksis01,
2022,Malachi Flynn,PG,TOR,369,23,44,5,537,6.7,17.0,0.393,2.8,8.4,0.333,3.9,8.7,0.452,0.475,1.4,2.2,0.625,0.9,4.9,5.9,6.5,1.9,0.4,1.2,4.2,17.6,113,112,flynnma01,
2022,Ignas Brazdeikis,SF,ORL,370,23,42,1,536,7.3,17.0,0.431,2.4,7.9,0.31,4.9,9.1,0.535,0.503,1.9,2.9,0.656,2.1,4.4,6.5,3.3,0.9,0.3,1.5,4.3,19.0,106,116,brazdig01,
2022,Terence Davis,SG,SAC,371,24,30,11,536,10.1,24.0,0.423,4.4,13.4,0.329,5.7,10.6,0.542,0.515,3.2,3.9,0.818,1.0,7.5,8.4,3.6,2.2,1.0,3.0,6.3,27.9,103,113,daviste02,
2022,Josh Okogie,SG,MIN,372,23,49,6,516,3.9,9.6,0.404,1.3,4.3,0.298,2.6,5.3,0.491,0.471,3.2,4.7,0.686,2.7,3.8,6.5,2.3,2.4,1.1,2.1,4.9,12.3,107,112,okogijo01,
2022,Bismack Biyombo,C,PHO,373,29,36,3,506,8.2,13.8,0.593,0.0,0.0,8.2,13.8,0.593,0.593,3.6,6.8,0.535,6.0,9.9,15.9,2.2,1.1,2.5,2.4,6.7,20.0,119.0,105,biyombi01,,
2022,Brandon Goodwin,PG,CLE,374,26,36,5,502,6.4,15.3,0.416,1.9,5.5,0.345,4.5,9.8,0.455,0.477,2.4,3.8,0.632,1.4,5.3,6.7,9.1,2.5,0.1,3.6,3.9,17.0,104,110,goodwbr01,
2022,Zach Collins,C,SAS,375,24,28,4,502,7.3,14.8,0.49,1.3,3.9,0.341,5.9,10.9,0.544,0.535,5.0,6.2,0.8,4.4,10.2,14.6,5.8,1.2,2.2,4.3,6.4,20.8,112,109,colliza01,
2022,Goran Dragić,PG,TOR,376,35,21,8,498,5.6,14.8,0.377,1.6,6.2,0.254,4.0,8.6,0.466,0.43,2.6,3.2,0.818,1.3,5.1,6.4,8.4,1.9,0.4,3.3,4.4,15.4,102,114,dragigo01,
2022,Thanasis Antetokounmpo,SF,MIL,377,29,48,6,473,7.1,13.0,0.547,0.2,1.4,0.143,6.9,11.6,0.596,0.555,2.9,4.7,0.63,4.1,6.2,10.3,2.2,1.6,1.2,2.6,6.9,17.4,113,112,antetth01,
2022,Admiral Schofield,SF,ORL,378,24,38,1,469,5.6,13.3,0.419,2.7,8.1,0.329,2.9,5.2,0.56,0.519,1.2,1.5,0.8,1.8,7.4,9.2,2.6,0.4,0.5,2.2,6.0,15.1,102,115,schofad01,
2022,Lindy Waters III,SG,OKC,379,24,25,1,465,7.4,18.3,0.406,5.6,15.3,0.363,1.9,3.0,0.621,0.557,0.4,0.5,0.8,0.6,7.0,7.6,2.5,2.0,0.8,1.2,3.2,20.8,110,112,waterli01,
2022,Anthony Gill,PF,WAS,380,29,44,0,463,6.6,11.6,0.569,1.5,2.8,0.538,5.1,8.9,0.578,0.633,4.5,5.6,0.808,3.5,5.6,9.1,2.9,0.5,1.2,1.9,6.2,19.2,132,117,gillan01,
2022,Trevor Ariza,SF,LAL,381,36,24,11,462,3.4,10.3,0.333,2.1,7.7,0.27,1.3,2.6,0.52,0.434,1.0,1.9,0.556,1.0,7.5,8.5,2.8,1.3,0.6,1.1,2.1,10.0,97,114,arizatr01,
2022,Killian Tillie,C,MEM,382,23,36,3,461,4.5,13.2,0.339,2.8,8.9,0.314,1.7,4.3,0.39,0.445,0.5,0.8,0.625,2.2,4.0,6.2,2.3,2.4,1.6,1.3,6.0,12.2,101,109,tilliki02,
2022,Dylan Windler,SF,CLE,383,25,50,0,459,4.0,10.7,0.378,2.3,7.6,0.3,1.7,3.0,0.571,0.485,1.6,2.0,0.833,2.3,7.4,9.7,3.7,1.5,0.3,1.7,5.1,12.0,110,110,windldy01,
2022,Matt Thomas,SG,CHI,384,27,40,0,459,5.9,14.3,0.41,3.7,9.7,0.385,2.1,4.6,0.465,0.541,1.7,2.1,0.8,0.3,5.0,5.3,2.1,0.9,0.3,0.9,1.9,17.1,113,117,thomama02,
2022,Kelan Martin,SF,IND,385,26,30,1,450,7.6,18.6,0.409,2.4,8.2,0.293,5.2,10.5,0.5,0.474,1.0,1.4,0.692,1.9,4.1,6.0,2.3,1.4,1.0,1.5,3.9,18.6,100,118,martike03,
2022,Yuta Watanabe,SF,TOR,386,27,38,4,445,6.3,15.5,0.406,3.0,8.9,0.342,3.3,6.6,0.492,0.504,2.7,4.5,0.6,2.0,8.3,10.3,2.4,1.2,1.8,2.1,4.3,18.3,106,110,watanyu01,
2022,Juancho Hernangómez,PF,BOS,387,26,40,9,445,4.9,11.7,0.415,2.7,7.6,0.348,2.2,4.1,0.541,0.528,2.1,3.8,0.559,3.1,8.0,11.1,2.2,1.6,1.1,1.8,2.8,14.5,111,109,hernaju01,
2022,Trey Burke,PG,DAL,388,29,42,0,441,9.6,24.5,0.391,3.0,9.4,0.317,6.6,15.2,0.436,0.451,2.3,2.6,0.87,0.5,3.3,3.8,6.5,1.4,0.0,3.0,4.5,24.4,97,113,burketr01,
2022,Thomas Bryant,C,WAS,389,24,27,9,439,8.7,16.7,0.52,1.4,4.7,0.286,7.3,11.9,0.613,0.561,3.9,4.5,0.875,2.9,9.2,12.2,2.6,0.7,2.4,2.1,4.8,22.6,118,113,bryanth01,
2022,Elijah Hughes,SF,UTA,390,23,36,4,434,5.3,16.3,0.326,2.8,10.7,0.263,2.5,5.5,0.449,0.413,0.8,1.0,0.778,0.7,5.9,6.5,2.5,1.6,0.9,1.9,4.4,14.2,87,116,hugheel01,
2022,Joe Harris,SF,BRK,391,30,14,14,423,6.4,14.2,0.452,4.7,10.1,0.466,1.7,4.1,0.417,0.617,0.6,0.7,0.833,0.6,5.8,6.4,1.6,0.8,0.2,1.8,3.6,18.1,112,116,harrijo01,
2022,Patrick Williams,PF,CHI,392,20,17,9,422,6.2,11.8,0.529,1.7,3.4,0.517,4.5,8.4,0.534,0.603,3.5,4.7,0.732,2.0,6.0,8.0,1.7,1.0,1.0,1.9,3.2,17.7,120,115,willipa01,
2022,Olivier Sarr,C,OKC,393,22,22,2,421,6.7,11.7,0.574,1.5,3.4,0.448,5.2,8.3,0.625,0.639,2.8,3.4,0.828,3.9,6.8,10.8,2.2,0.7,1.7,2.5,6.0,17.7,123,114,sarrol01,
2022,Enes Freedom,C,BOS,394,29,35,1,411,6.2,11.7,0.526,0.2,0.6,0.4,5.9,11.1,0.533,0.536,2.9,3.4,0.857,7.4,12.0,19.3,1.0,0.6,1.7,2.4,5.1,15.5,121,105,kanteen01,
2022,Sandro Mamukelashvili,PF,MIL,395,22,41,3,407,6.7,13.6,0.496,2.6,6.1,0.423,4.1,7.4,0.556,0.591,2.1,2.6,0.818,4.1,5.5,9.7,2.6,1.1,1.1,1.8,3.3,18.2,126,114,mamuksa01,
2022,Semi Ojeleye,PF,MIL,396,27,30,0,406,3.6,11.8,0.303,1.8,5.9,0.3,1.8,5.8,0.306,0.379,2.7,3.4,0.793,3.2,5.6,8.8,1.1,0.8,0.7,1.1,3.6,11.6,101,114,ojelese01,
2022,Day'Ron Sharpe,PF,BRK,397,20,32,8,391,10.7,18.5,0.577,0.2,0.9,0.286,10.4,17.6,0.592,0.584,3.0,5.1,0.585,10.0,9.8,19.8,2.1,1.2,1.9,3.7,7.4,24.5,118,111,sharpda01,
2022,Luka Garza,C,DET,398,23,32,5,389,8.3,18.4,0.449,2.0,6.1,0.327,6.3,12.3,0.51,0.503,4.8,7.7,0.623,7.3,5.3,12.5,2.5,1.1,0.8,2.3,6.9,23.3,114,116,garzalu01,
2022,Isaiah Livers,SF,DET,399,23,19,5,383,5.2,11.5,0.456,3.4,8.2,0.422,1.8,3.3,0.538,0.606,1.5,1.8,0.857,1.9,5.4,7.3,2.7,1.7,0.9,1.9,4.7,15.4,118,115,liveris01,
2022,Gary Clark,PF,NOP,400,27,38,1,378,4.3,11.5,0.375,3.7,9.1,0.4,0.7,2.4,0.278,0.534,0.9,1.3,0.7,3.0,8.7,11.8,2.4,1.7,0.9,1.3,2.6,13.2,116,112,clarkga01,
2022,Paul Millsap,C,BRK,401,36,33,1,376,5.8,14.9,0.391,1.0,4.5,0.229,4.8,10.4,0.463,0.426,2.2,3.1,0.708,5.3,9.5,14.8,3.8,1.3,1.7,2.5,8.7,14.9,103,110,millspa01,
2022,Miles McBride,PG,NYK,402,21,40,2,372,4.3,14.5,0.296,2.3,9.1,0.25,2.0,5.4,0.375,0.375,1.1,1.6,0.667,0.5,5.1,5.6,5.5,1.9,0.1,0.7,6.1,12.0,98,112,mcbrimi01,
2022,Chris Chiozza,PG,GSW,403,26,34,1,372,3.1,10.6,0.296,2.2,6.9,0.321,0.9,3.7,0.25,0.401,0.3,0.4,0.667,1.2,3.5,4.7,8.5,1.7,0.0,4.2,4.2,8.8,88,110,chiozch01,
2022,Gorgui Dieng,C,ATL,404,32,44,3,371,7.0,14.8,0.473,3.8,9.0,0.426,3.2,5.8,0.545,0.603,2.5,3.4,0.731,4.2,11.8,16.0,4.5,1.5,1.7,2.6,6.9,20.4,123,111,dienggo01,
2022,Nick Richards,C,CHO,405,24,50,5,367,7.8,11.8,0.667,0.0,0.0,7.8,11.8,0.667,0.667,3.9,5.6,0.698,4.4,6.8,11.2,1.7,1.2,2.7,3.1,6.7,19.6,122.0,113,richani01,,
2022,Jared Butler,SG,UTA,406,21,42,1,360,8.4,20.7,0.404,3.8,12.1,0.318,4.5,8.6,0.524,0.497,1.5,2.2,0.688,0.7,5.5,6.2,8.6,2.3,1.1,4.5,6.5,22.1,102,109,butleja02,
2022,Santi Aldama,PF,MEM,407,21,32,0,360,7.0,17.5,0.402,0.8,6.4,0.125,6.2,11.2,0.56,0.424,2.7,4.3,0.625,4.4,7.2,11.6,2.8,0.8,1.3,2.1,4.8,17.5,101,111,aldamsa01,
2022,Markelle Fultz,PG,ORL,408,23,18,3,360,11.2,23.5,0.474,0.5,2.3,0.235,10.6,21.2,0.5,0.486,3.4,4.2,0.806,0.5,6.0,6.6,13.3,2.7,0.7,5.4,3.0,26.2,102,111,fultzma01,
2022,Ish Wainright,PF,PHO,409,27,45,0,359,5.5,13.9,0.394,2.5,7.9,0.322,2.9,6.0,0.489,0.486,0.9,1.6,0.583,3.6,3.6,7.2,2.0,2.7,0.8,1.7,6.6,14.5,104,107,wainris01,
2022,Wenyen Gabriel,PF,BRK,410,24,26,5,358,7.3,14.8,0.491,1.1,3.8,0.286,6.2,11.0,0.561,0.527,3.4,5.6,0.595,5.2,7.8,13.0,1.9,0.7,1.5,2.1,9.1,18.9,113,113,gabriwe01,
2022,Cody Zeller,C,POR,411,29,27,0,355,7.0,12.4,0.567,0.0,0.6,0.0,7.0,11.8,0.593,0.567,5.2,6.7,0.776,6.9,10.3,17.2,3.0,1.1,0.8,2.6,7.7,19.3,127,116,zelleco01,
2022,Keljin Blevins,SF,POR,412,26,31,1,349,4.8,15.5,0.306,2.9,10.1,0.292,1.8,5.5,0.333,0.401,0.8,1.5,0.545,2.2,4.1,6.3,2.7,1.8,0.1,2.4,4.1,13.3,86,119,blevike01,
2022,Marquese Chriss,PF,DAL,413,24,34,0,346,9.0,19.5,0.463,1.2,3.6,0.32,7.9,15.9,0.495,0.493,3.2,4.8,0.667,4.8,10.2,15.0,2.5,1.9,1.7,2.5,9.3,22.4,107,105,chrisma01,
2022,Moses Brown,C,DAL,414,22,40,6,345,9.3,15.7,0.593,0.0,0.0,9.3,15.7,0.593,0.593,6.2,10.5,0.597,5.7,13.9,19.6,0.1,1.0,2.3,2.9,7.7,24.8,115.0,105,brownmo01,,
2022,Kira Lewis Jr.,PG,NOP,415,20,24,0,341,8.5,21.1,0.404,1.9,8.4,0.224,6.7,12.7,0.523,0.449,1.4,1.7,0.833,1.3,4.3,5.6,7.1,1.6,0.1,3.8,2.5,20.4,96,116,lewiski01,
2022,David Duke Jr.,PG,BRK,416,22,22,7,341,5.5,15.4,0.361,1.3,5.3,0.243,4.3,10.1,0.423,0.403,2.4,3.0,0.81,4.3,5.3,9.5,2.4,2.0,1.0,1.3,5.1,14.8,104,113,dukeda01,
2022,PJ Dozier,SG,DEN,417,25,18,0,340,5.2,14.3,0.364,2.2,6.9,0.313,3.0,7.4,0.412,0.439,1.4,1.9,0.769,2.0,7.1,9.1,4.2,1.6,0.9,1.9,4.8,14.0,100,112,doziepj01,
2022,Jarrett Culver,SG,MEM,418,22,37,0,338,7.2,19.1,0.378,1.7,6.7,0.255,5.5,12.5,0.443,0.422,2.3,4.8,0.471,1.8,5.0,6.8,4.7,2.8,0.7,2.8,5.9,18.4,93,109,culveja01,
2022,Kris Dunn,PG,POR,419,27,14,3,336,6.4,14.8,0.431,0.1,1.6,0.091,6.3,13.2,0.473,0.436,2.5,2.6,0.944,1.3,5.8,7.1,11.5,3.3,0.4,4.7,5.5,15.4,100,114,dunnkr01,
2022,Isaiah Thomas,PG,LAL,420,32,22,1,333,9.7,24.1,0.401,4.0,12.0,0.337,5.6,12.1,0.464,0.485,3.2,3.8,0.846,0.6,3.6,4.2,4.9,1.0,0.7,2.2,4.9,26.6,104,117,thomais02,
2022,Brad Wanamaker,PG,IND,421,32,23,2,320,4.3,11.8,0.364,0.6,2.6,0.235,3.7,9.2,0.4,0.39,3.5,3.8,0.92,0.9,5.1,6.0,8.4,1.1,0.9,3.5,6.9,12.7,100,118,wanambr01,
2022,Collin Sexton,SG,CLE,422,23,11,11,316,10.7,23.9,0.45,1.7,7.1,0.244,9.0,16.8,0.538,0.487,4.6,6.2,0.744,2.1,3.6,5.7,3.6,1.6,0.0,4.9,4.0,27.8,96,113,sextoco01,
2022,Justin Anderson,SF,CLE,423,28,16,6,316,5.6,14.8,0.379,2.3,9.2,0.254,3.3,5.6,0.583,0.458,2.3,3.0,0.789,0.6,6.5,7.1,5.1,1.2,0.9,1.2,3.4,15.9,109,116,anderju01,
2022,James Bouknight,SG,CHO,424,21,31,0,304,7.7,22.3,0.348,2.7,7.7,0.347,5.1,14.5,0.348,0.408,4.3,4.9,0.871,3.5,4.7,8.2,4.1,1.1,0.2,2.4,4.6,22.4,100,117,bouknja01,
2022,Justin Robinson,PG,MIL,425,24,25,0,304,4.4,14.8,0.301,2.9,9.7,0.295,1.6,5.1,0.313,0.398,0.6,1.3,0.5,0.6,2.7,3.3,5.1,1.4,0.2,2.7,4.3,12.4,85,116,robinju01,
2022,Paul Reed,C,PHI,426,22,38,2,302,8.9,15.9,0.563,0.3,1.3,0.25,8.6,14.5,0.591,0.573,1.0,2.3,0.429,7.3,7.9,15.2,2.6,5.5,2.3,1.7,9.4,19.2,122,100,reedpa01,
2022,Markieff Morris,PF,MIA,427,32,17,1,298,9.1,19.1,0.474,2.2,6.5,0.333,6.9,12.6,0.547,0.531,1.3,1.5,0.889,2.9,4.7,7.6,3.9,1.0,0.2,3.4,5.5,21.7,104,112,morrima02,
2022,Brook Lopez,C,MIL,428,33,13,11,298,9.8,21.1,0.466,3.1,8.5,0.358,6.8,12.6,0.538,0.538,3.2,3.7,0.87,3.1,5.5,8.5,1.0,1.3,2.4,1.9,5.5,25.9,112,111,lopezbr01,
2022,Justin Champagnie,SF,TOR,429,20,36,0,281,5.5,11.9,0.463,1.8,5.0,0.357,3.7,6.9,0.538,0.537,1.6,1.6,1.0,6.6,6.2,12.8,2.0,1.4,0.7,1.4,5.7,14.4,128,112,champju01,
2022,Nathan Knight,PF,MIN,430,24,37,2,267,8.0,15.7,0.511,0.7,2.3,0.308,7.3,13.4,0.547,0.534,7.8,10.7,0.733,5.7,9.4,15.1,3.9,1.2,1.4,3.2,7.5,24.6,122,111,knighna01,
2022,Michael Porter Jr.,SF,DEN,431,23,9,9,265,6.8,19.1,0.359,1.9,8.9,0.208,5.0,10.2,0.491,0.408,0.9,1.7,0.556,1.7,9.3,10.9,3.1,1.9,0.4,2.2,3.0,16.5,87,111,portemi01,
2022,JT Thor,PF,CHO,432,19,33,0,262,4.4,10.1,0.436,1.3,4.9,0.259,3.1,5.1,0.607,0.5,2.2,3.7,0.6,2.0,5.9,7.9,3.5,1.5,2.0,1.8,4.8,12.3,108,114,thorjt01,
2022,Daishen Nix,SG,HOU,433,19,24,0,261,4.9,12.2,0.403,1.3,4.7,0.269,3.6,7.5,0.488,0.455,2.9,5.5,0.533,1.3,4.7,6.0,7.3,2.7,0.0,4.7,3.8,14.0,92,116,nixda01,
2022,KZ Okpala,PF,MIA,434,22,21,0,244,6.2,14.1,0.435,1.8,5.3,0.346,4.3,8.8,0.488,0.5,1.6,2.3,0.727,2.3,6.2,8.4,2.9,0.8,1.4,1.0,5.1,15.8,113,110,okpalkz01,
2022,Leandro Bolmaro,SF,MIN,435,21,35,2,241,3.4,10.7,0.315,1.0,3.6,0.278,2.4,7.1,0.333,0.361,2.2,2.6,0.846,3.2,5.3,8.5,4.1,1.2,0.0,2.6,5.1,9.9,96,115,bolmale01,
2022,Jaylen Hoard,SF,OKC,436,22,7,5,240,8.9,18.3,0.489,1.8,5.1,0.36,7.1,13.2,0.538,0.539,1.2,2.8,0.429,6.1,11.0,17.0,3.5,1.2,1.0,1.6,2.8,20.9,115,111,hoardja01,
2022,Usman Garuba,PF,HOU,437,19,24,2,239,3.8,8.8,0.432,1.0,4.0,0.25,2.8,4.8,0.583,0.489,1.0,1.4,0.714,4.2,12.3,16.5,3.4,2.0,2.2,1.2,5.6,9.6,119,111,garubus01,
2022,Mychal Mulder,PG,ORL,438,27,17,3,239,4.9,15.7,0.312,3.5,11.0,0.315,1.4,4.7,0.304,0.422,0.8,0.8,1.0,0.4,4.5,4.9,1.0,0.8,0.4,1.6,2.6,14.0,83,116,muldemy01,
2022,Jake Layman,SF,MIN,439,27,34,1,231,6.2,15.0,0.411,1.6,7.2,0.229,4.5,7.8,0.579,0.466,2.7,3.7,0.722,1.2,6.2,7.4,1.9,1.4,1.0,2.1,2.5,16.7,99,113,laymaja01,
2022,Denzel Valentine,SG,CLE,440,28,24,0,222,5.6,14.8,0.379,4.3,10.6,0.404,1.3,4.3,0.316,0.523,0.0,0.0,2.0,7.4,9.4,2.5,1.8,0.0,2.7,4.5,15.5,98.0,110,valende01,,
2022,Kevin Knox,SF,NYK,441,22,30,0,222,6.9,19.0,0.365,3.4,12.1,0.278,3.6,6.9,0.516,0.453,3.6,4.9,0.727,3.1,6.7,9.8,2.2,0.9,0.4,1.6,4.2,20.8,106,115,knoxke01,
2022,Skylar Mays,SG,ATL,442,24,28,5,220,7.1,14.3,0.5,1.8,5.6,0.32,5.4,8.7,0.615,0.563,1.8,2.0,0.889,1.1,4.5,5.6,3.8,1.6,0.0,2.2,2.0,17.9,113,117,mayssk01,
2022,Georgios Kalaitzakis,SF,MIL,443,23,13,4,214,7.0,15.2,0.463,2.3,5.9,0.385,4.8,9.3,0.512,0.537,3.2,6.8,0.467,1.4,3.4,4.8,2.7,2.5,0.5,4.5,4.3,19.5,91,113,kalaige01,
2022,Malcolm Hill,SG,ATL,444,26,19,0,212,5.5,12.0,0.462,3.0,8.3,0.361,2.5,3.7,0.688,0.587,2.5,3.2,0.786,2.5,5.5,8.1,1.8,1.6,0.7,0.7,5.5,16.6,129,115,hillma01,
2022,Tim Frazier,PG,ORL,445,31,12,3,208,3.3,10.5,0.311,1.4,4.0,0.353,1.9,6.5,0.286,0.378,1.2,2.1,0.556,1.2,3.3,4.4,7.9,0.7,0.2,3.5,6.3,9.1,87,117,fraziti01,
2022,Alfonzo McKinnie,SF,CHI,446,29,17,3,206,5.7,14.5,0.393,2.1,6.4,0.333,3.6,8.1,0.441,0.467,0.5,1.9,0.25,3.1,4.7,7.8,1.2,0.5,0.7,1.7,6.2,14.0,95,117,mckinal01,
2022,Joe Wieskamp,SG,SAS,447,22,29,0,205,4.7,13.1,0.357,3.3,10.1,0.326,1.4,3.0,0.462,0.482,1.6,3.0,0.538,0.9,2.3,3.3,2.1,0.9,0.7,0.5,3.3,14.3,107,117,wieskjo01,
2022,Ed Davis,C,CLE,448,32,31,3,201,2.7,4.0,0.688,0.0,0.0,2.7,4.0,0.688,0.688,1.5,3.5,0.429,3.5,12.4,15.9,1.7,0.7,2.2,1.2,8.2,7.0,126.0,106,davised01,,
2022,Tyler Cook,PF,CHI,449,24,20,2,200,5.6,9.3,0.605,0.0,0.0,5.6,9.3,0.605,0.605,5.1,7.8,0.656,3.9,9.0,12.9,0.7,1.0,1.0,1.7,6.8,16.4,126.0,113,cookty01,,
2022,Javonte Smart,PG,MIL,450,22,17,1,200,4.6,14.5,0.317,1.9,6.5,0.296,2.7,8.0,0.333,0.383,1.2,1.5,0.833,1.2,4.6,5.8,3.9,1.5,0.7,2.7,2.9,12.3,84,113,smartja01,
2022,Lindell Wigginton,PG,MIL,451,23,19,0,199,6.3,14.7,0.426,2.2,6.3,0.346,4.1,8.4,0.486,0.5,4.6,8.4,0.543,0.7,5.3,6.0,5.6,1.2,0.2,2.9,4.1,19.3,105,114,wiggili01,
2022,Braxton Key,SF,PHI,452,24,11,0,197,8.2,17.8,0.458,1.5,5.2,0.286,6.7,12.6,0.529,0.5,1.7,3.2,0.538,3.2,9.2,12.4,2.7,2.5,2.7,2.7,6.4,19.6,99,108,keybr01,
2022,Udoka Azubuike,C,UTA,453,22,17,6,195,9.4,12.4,0.755,0.0,0.0,9.4,12.4,0.755,0.755,1.5,2.8,0.545,4.6,13.4,18.0,0.0,0.3,2.8,3.0,6.3,20.3,124.0,107,azubuud01,,
2022,Greg Monroe,C,MIN,454,31,14,0,195,7.9,14.1,0.561,0.0,0.0,7.9,14.1,0.561,0.561,3.0,5.7,0.522,7.4,8.4,15.8,5.4,2.0,2.5,3.0,5.9,18.8,121.0,108,monrogr01,,
2022,Mamadi Diakite,PF,OKC,455,25,13,3,188,6.5,12.2,0.532,0.0,1.3,0.0,6.5,10.9,0.595,0.532,1.6,2.8,0.545,4.4,10.9,15.3,0.5,1.3,2.3,1.8,8.5,14.5,107,109,diakima01,
2022,Reggie Perry,PF,POR,456,21,10,1,187,10.5,20.6,0.506,0.8,4.2,0.188,9.7,16.5,0.587,0.525,2.4,3.9,0.6,3.9,8.4,12.3,3.1,2.4,1.6,2.9,8.6,24.0,105,113,perryre01,
2022,Kyle Guy,SG,MIA,457,24,19,0,186,7.0,17.5,0.4,3.8,10.8,0.35,3.2,6.7,0.48,0.508,2.2,3.2,0.667,1.1,3.5,4.6,4.6,1.9,0.3,3.5,3.2,19.9,99,111,guyky01,
2022,Willie Cauley-Stein,C,DAL,458,28,20,2,183,4.4,9.6,0.457,0.3,0.5,0.5,4.1,9.1,0.455,0.471,0.3,0.5,0.5,3.6,7.4,11.0,2.7,1.6,0.8,1.9,5.2,9.3,103,109,caulewi01,
2022,Frank Kaminsky,C,PHO,459,28,9,0,181,9.6,17.5,0.545,1.3,4.0,0.333,8.2,13.6,0.608,0.583,4.8,5.3,0.9,2.9,8.0,10.9,3.5,2.1,1.9,1.3,3.7,25.3,130,105,kaminfr01,
2022,Charlie Brown Jr.,SG,DAL,460,24,22,2,177,2.8,11.0,0.256,0.3,3.4,0.083,2.5,7.6,0.333,0.269,2.5,2.8,0.9,3.9,5.1,9.0,1.7,2.8,1.1,1.4,5.1,8.5,88,109,brownch02,
2022,Markus Howard,SG,DEN,461,22,31,0,176,10.9,28.2,0.386,7.8,19.5,0.4,3.1,8.6,0.355,0.525,5.6,6.4,0.87,0.6,2.8,3.3,2.0,2.5,0.0,2.0,4.7,35.1,108,113,howarma02,
2022,Vlatko Čančar,PF,DEN,462,24,15,1,176,6.4,11.4,0.561,2.0,3.3,0.583,4.5,8.1,0.552,0.646,2.5,3.9,0.643,2.2,6.4,8.6,4.7,0.6,0.8,2.5,5.0,17.3,122,115,cancavl01,
2022,Jamorko Pickett,PF,DET,463,24,13,0,176,5.0,13.9,0.36,3.6,10.8,0.333,1.4,3.0,0.455,0.49,0.3,0.6,0.5,1.7,7.2,8.9,1.9,0.0,1.9,1.4,3.3,13.9,99,116,pickeja01,
2022,Zavier Simpson,PG,OKC,464,24,4,4,174,5.3,14.6,0.365,0.3,2.2,0.125,5.0,12.3,0.409,0.375,1.4,1.4,1.0,0.6,5.3,5.9,8.4,1.4,1.1,2.8,4.2,12.3,91,114,simpsza01,
2022,Victor Oladipo,SG,MIA,465,29,8,1,173,10.1,21.1,0.479,4.3,10.4,0.417,5.8,10.7,0.541,0.582,4.0,5.5,0.737,0.9,5.8,6.7,8.1,1.4,0.3,4.6,3.8,28.6,113,111,oladivi01,
2022,Hassani Gravett,PG,ORL,466,25,8,3,171,5.1,10.7,0.474,3.1,7.4,0.423,2.0,3.4,0.583,0.618,0.8,1.1,0.75,0.3,5.7,5.9,5.7,1.4,0.3,2.5,3.7,14.1,113,114,graveha01,
2022,Charles Bassey,C,PHI,467,21,23,0,168,8.9,14.0,0.638,0.0,1.2,0.0,8.9,12.8,0.698,0.638,2.7,3.6,0.75,6.5,11.9,18.4,2.1,1.5,5.0,2.4,9.5,20.5,129,103,bassech01,
2022,Alize Johnson,PF,CHI,468,25,23,0,167,5.0,11.4,0.436,0.0,1.2,0.0,5.0,10.3,0.486,0.436,2.1,3.5,0.583,8.2,9.7,17.9,2.6,1.5,0.0,3.5,5.3,12.0,103,113,johnsal02,
2022,Kevin Pangos,PG,CLE,469,29,24,3,166,4.5,13.8,0.326,1.8,7.8,0.231,2.7,6.0,0.45,0.391,0.9,1.2,0.75,0.6,2.7,3.3,9.0,0.9,0.0,2.1,3.3,11.7,99,115,pangoke01,
2022,Haywood Highsmith,SF,MIA,470,25,19,1,163,4.9,14.1,0.348,2.8,8.6,0.321,2.1,5.5,0.389,0.446,0.6,1.5,0.4,3.1,4.9,8.0,1.8,0.6,0.9,0.9,4.0,13.2,101,112,highsha01,
2022,Sam Hauser,SF,BOS,471,24,26,0,158,7.2,15.7,0.46,6.0,13.8,0.432,1.3,1.9,0.667,0.65,0.0,0.0,1.6,7.5,9.1,3.1,0.3,0.6,0.6,2.2,20.4,133.0,110,hausesa01,,
2022,Paul Watson,SF,OKC,472,27,9,3,156,3.7,10.9,0.343,1.9,8.1,0.231,1.9,2.8,0.667,0.429,0.3,0.6,0.5,0.9,7.5,8.4,2.5,0.9,0.9,1.2,3.1,9.7,91,114,watsopa01,
2022,Cassius Stanley,SG,DET,473,22,9,1,155,6.0,14.5,0.413,1.3,5.4,0.235,4.7,9.1,0.517,0.457,3.1,3.1,1.0,1.6,4.4,6.0,1.3,1.6,0.6,1.9,5.4,16.4,101,116,stanlca01,
2022,Bruno Fernando,C,BOS,474,23,30,0,152,11.5,17.5,0.655,0.3,0.6,0.5,11.1,16.9,0.66,0.664,4.8,7.6,0.625,5.7,11.8,17.5,2.2,0.3,3.5,4.5,7.6,28.0,116,110,fernabr01,
2022,Theo Pinson,SF,DAL,475,26,19,0,148,4.8,13.3,0.359,3.4,10.2,0.333,1.4,3.1,0.444,0.487,3.4,3.4,1.0,0.7,6.5,7.1,5.8,1.7,0.7,1.7,4.1,16.3,117,109,pinsoth01,
2022,Abdel Nader,SF,PHO,476,28,14,0,145,4.0,11.6,0.343,1.3,4.6,0.286,2.7,7.0,0.381,0.4,2.0,3.3,0.6,1.3,7.6,9.0,2.3,2.7,1.3,3.7,6.6,11.3,79,104,naderab01,
2022,Devin Cannady,PG,ORL,477,25,5,0,145,5.0,14.7,0.341,5.0,12.3,0.405,0.0,2.3,0.0,0.511,1.7,2.3,0.714,0.3,1.7,2.0,3.3,1.7,1.0,1.7,3.0,16.7,103,115,cannade01,
2022,Solomon Hill,SF,ATL,478,30,13,1,139,1.1,7.1,0.15,0.7,4.6,0.154,0.4,2.5,0.143,0.2,0.0,0.0,2.1,6.0,8.1,4.2,1.4,0.7,0.4,5.7,2.8,87.0,116,hillso01,,
2022,Xavier Moon,SG,LAC,479,27,10,0,137,8.9,18.2,0.49,1.8,5.0,0.357,7.2,13.2,0.541,0.539,1.1,1.8,0.6,0.7,4.3,5.0,8.6,2.5,1.1,2.1,3.2,20.7,114,110,moonxa01,
2022,Jahmi'us Ramsey,SG,SAC,480,20,19,0,134,8.6,20.8,0.414,1.8,6.5,0.278,6.8,14.4,0.475,0.457,2.5,5.0,0.5,1.4,3.2,4.7,2.5,0.4,0.4,1.8,3.6,21.5,95,121,ramseja01,
2022,Didi Louzada,SF,NOP,481,22,9,1,129,4.5,12.5,0.364,3.4,8.7,0.391,1.1,3.8,0.3,0.5,0.8,0.8,1.0,1.9,4.5,6.4,1.9,0.8,0.8,1.9,4.9,13.3,100,120,louzama01,
2022,Boban Marjanović,C,DAL,482,33,23,0,128,16.5,27.5,0.6,0.4,1.6,0.25,16.1,26.0,0.621,0.607,5.1,8.7,0.591,3.1,12.2,15.3,1.2,0.0,1.2,5.9,9.4,38.5,101,109,marjabo01,
2022,Marcus Garrett,SG,MIA,483,23,12,0,128,2.0,8.2,0.238,0.4,1.6,0.25,1.6,6.6,0.235,0.262,0.8,2.0,0.4,3.5,5.5,9.0,2.7,2.0,1.2,0.8,6.3,5.1,89,108,garrema01,
2022,Jay Scrubb,SG,LAC,484,21,18,0,121,7.3,18.6,0.391,2.4,8.5,0.286,4.9,10.1,0.48,0.457,2.8,4.0,0.7,0.8,5.7,6.5,3.2,1.6,1.2,2.8,3.6,19.8,93,111,scrubja01,
2022,Devontae Cacok,PF,SAS,485,25,15,0,121,8.3,12.3,0.677,0.0,0.0,8.3,12.3,0.677,0.677,1.6,2.8,0.571,3.2,13.5,16.7,2.4,3.2,2.8,1.2,6.3,18.2,132.0,102,cacokde01,,
2022,Jalen Johnson,PF,ATL,486,20,22,0,120,9.0,16.8,0.537,1.2,5.3,0.231,7.8,11.5,0.679,0.573,2.0,2.9,0.714,0.8,9.8,10.6,1.2,1.2,0.8,3.7,3.7,21.3,98,114,johnsja05,
2022,Neemias Queta,C,SAC,487,22,15,0,120,6.8,15.2,0.447,0.0,0.0,6.8,15.2,0.447,0.447,4.4,6.8,0.647,5.6,6.8,12.4,2.4,0.4,3.2,2.4,7.2,18.0,106.0,115,quetane01,,
2022,Melvin Frazier,SG,OKC,488,25,3,0,120,5.3,19.5,0.271,0.4,8.5,0.048,4.9,11.0,0.444,0.281,2.0,2.8,0.714,2.0,3.2,5.3,0.4,0.4,0.0,1.2,3.2,13.0,70,119,frazime01,
2022,Freddie Gillespie,PF,ORL,489,24,9,2,119,3.7,8.9,0.409,0.0,0.4,0.0,3.7,8.5,0.429,0.409,1.2,2.8,0.429,5.3,9.3,14.6,2.0,1.2,3.7,2.0,7.3,8.5,96,108,gillefr01,
2022,Jabari Parker,PF,BOS,490,26,12,0,112,8.0,16.9,0.474,3.5,7.1,0.5,4.4,9.8,0.455,0.579,4.0,4.0,1.0,2.2,10.2,12.4,2.7,1.8,0.4,3.5,5.8,23.5,113,105,parkeja01,
2022,Derrick Walton,PG,DET,491,26,3,3,108,2.7,11.7,0.231,1.4,5.9,0.231,1.4,5.9,0.231,0.288,1.8,1.8,1.0,0.9,3.6,4.5,9.5,3.2,1.8,5.0,3.6,8.6,77,111,waltode01,
2022,Jeff Dowtin Jr.,PG,GSW,492,24,9,0,108,3.6,11.7,0.308,0.4,4.0,0.111,3.1,7.6,0.412,0.327,0.9,0.9,1.0,3.6,4.5,8.1,4.5,2.2,0.4,2.2,2.2,8.5,87,112,dowtije01,
2022,Langston Galloway,SG,BRK,493,30,7,0,107,2.7,11.7,0.231,0.9,7.2,0.125,1.8,4.5,0.4,0.269,0.0,0.0,1.4,6.8,8.1,5.4,0.5,0.0,2.7,3.2,6.3,70.0,116,gallola01,,
2022,Louis King,SF,SAC,494,22,10,0,104,6.9,21.7,0.319,3.7,12.5,0.296,3.2,9.3,0.35,0.404,3.2,4.6,0.7,0.0,5.6,5.6,4.2,0.9,0.5,0.0,6.5,20.8,100,118,kinglo02,
2022,Chaundee Brown Jr.,SF,LAL,495,23,5,2,104,4.7,15.0,0.313,2.8,8.5,0.333,1.9,6.6,0.286,0.406,2.4,2.8,0.833,0.5,7.1,7.5,1.9,0.9,0.0,0.5,3.3,14.6,98,117,brownch05,
2022,Luke Kornet,C,CLE,496,26,15,0,103,6.3,13.0,0.481,0.0,2.4,0.0,6.3,10.6,0.591,0.481,1.9,2.9,0.667,6.3,7.7,14.0,4.3,1.4,1.4,0.0,4.3,14.5,133,107,kornelu01,
2022,Chris Silva,PF,MIN,497,25,10,0,91,4.4,8.2,0.533,0.0,0.0,4.4,8.2,0.533,0.533,5.5,6.6,0.833,7.1,12.6,19.8,3.8,0.0,0.5,4.4,11.0,14.3,119.0,109,silvach01,,
2022,Tyler Johnson,PG,PHI,498,29,6,0,91,3.2,10.7,0.3,2.7,7.0,0.385,0.5,3.8,0.143,0.425,0.0,0.0,1.6,4.8,6.4,3.8,1.6,1.6,1.1,3.8,9.1,98.0,112,johnsty01,,
2022,Devon Dotson,PG,CHI,499,22,11,0,85,6.3,13.2,0.478,1.1,5.2,0.222,5.2,8.0,0.643,0.522,2.9,5.2,0.556,0.6,4.6,5.2,8.6,0.6,0.0,2.9,6.3,16.7,109,118,dotsode01,
2022,Udonis Haslem,C,MIA,500,41,13,0,83,8.4,18.7,0.452,0.6,2.4,0.25,7.8,16.3,0.481,0.468,1.8,1.8,1.0,2.4,12.7,15.1,2.4,0.6,0.6,3.0,9.0,19.3,96,108,hasleud01,
2022,Wes Iwundu,SF,ATL,501,27,3,1,82,4.8,10.8,0.444,1.8,3.0,0.6,3.0,7.8,0.385,0.528,1.8,2.4,0.75,1.8,6.0,7.8,0.0,0.6,0.0,0.6,4.8,13.2,115,119,iwundwe01,
2022,Bol Bol,PF,DEN,502,22,14,0,81,9.1,16.4,0.556,0.6,2.4,0.25,8.5,13.9,0.609,0.574,1.2,3.0,0.4,2.4,9.7,12.1,3.0,0.6,1.2,2.4,2.4,20.0,107,112,bolbo01,
2022,Carsen Edwards,SG,DET,503,23,4,0,79,5.6,18.5,0.3,2.5,9.9,0.25,3.1,8.6,0.357,0.367,0.6,0.6,1.0,1.2,2.5,3.7,8.6,1.2,0.0,3.1,2.5,14.2,87,118,edwarca01,
2022,Ryan Arcidiacono,PG,NYK,504,27,10,0,76,3.9,7.9,0.5,2.6,5.9,0.444,1.3,2.0,0.667,0.667,0.0,0.0,0.0,5.3,5.3,2.6,0.7,0.0,2.0,3.3,10.5,111.0,115,arcidry01,,
2022,Tyrone Wallace,SG,NOP,505,27,6,0,75,4.6,13.2,0.35,1.3,5.3,0.25,3.3,7.9,0.417,0.4,0.7,3.3,0.2,0.0,5.3,5.3,0.7,2.0,0.7,1.3,4.6,11.2,75,114,wallaty01,
2022,Isaiah Todd,PF,WAS,506,20,12,0,74,4.7,17.4,0.269,2.7,10.7,0.25,2.0,6.7,0.3,0.346,1.3,4.0,0.333,2.0,6.0,8.0,2.7,2.7,1.3,2.7,2.7,13.4,74,112,toddis01,
2022,Trevelin Queen,SG,HOU,507,24,10,0,74,9.6,21.2,0.455,5.8,15.4,0.375,3.9,5.8,0.667,0.591,2.6,2.6,1.0,4.5,5.8,10.3,2.6,3.2,0.6,4.5,3.9,27.7,109,114,queentr01,
2022,Aleem Ford,SF,ORL,508,24,5,0,74,3.9,13.1,0.3,1.3,9.8,0.133,2.6,3.3,0.8,0.35,0.0,0.0,1.3,8.5,9.8,1.3,0.7,0.0,2.6,4.6,9.2,67.0,115,fordal03,,
2022,Quinndary Weatherspoon,SG,GSW,509,25,11,0,73,8.0,14.0,0.571,0.7,3.3,0.2,7.3,10.7,0.688,0.595,3.3,3.3,1.0,1.3,8.0,9.4,3.3,0.7,0.7,2.0,10.0,20.0,123,109,weathqu01,
2022,Yves Pons,SF,MEM,510,22,12,0,71,3.4,10.8,0.313,2.0,6.1,0.333,1.3,4.7,0.286,0.406,0.0,1.3,0.0,3.4,4.7,8.1,0.7,0.7,2.7,0.7,4.0,8.8,95,111,ponsyv01,
2022,Rayjon Tucker,SG,DEN,511,24,5,0,71,4.1,6.1,0.667,2.7,3.4,0.8,1.4,2.7,0.5,0.889,3.4,4.8,0.714,2.0,3.4,5.5,6.8,2.7,0.0,0.7,3.4,14.3,178,112,tuckera01,
2022,Isaac Bonga,SF,TOR,512,22,15,0,69,2.2,9.4,0.231,0.7,2.9,0.25,1.4,6.5,0.222,0.269,3.6,5.8,0.625,2.9,2.2,5.1,2.9,5.8,1.4,1.4,7.2,8.7,92,104,bongais01,
2022,Brandon Knight,PG,DAL,513,30,5,0,65,7.7,19.4,0.4,3.1,13.2,0.235,4.6,6.2,0.75,0.48,6.2,6.2,1.0,0.0,6.2,6.2,6.2,0.8,0.0,3.1,3.9,24.8,110,113,knighbr03,
2022,B.J. Johnson,SF,ORL,514,26,4,0,65,8.2,18.6,0.44,3.0,7.4,0.4,5.2,11.2,0.467,0.52,0.0,0.0,4.5,6.7,11.2,0.0,0.0,0.7,0.0,3.0,19.3,112.0,116,johnsbj01,,
2022,Kai Jones,C,CHO,515,21,21,0,63,6.9,10.7,0.643,0.8,1.5,0.5,6.1,9.1,0.667,0.679,2.3,6.1,0.375,2.3,6.1,8.4,3.0,0.8,1.5,4.6,6.1,16.8,98,116,joneska01,
2022,RJ Nembhard Jr.,SG,CLE,516,22,14,0,63,4.8,14.3,0.333,0.0,1.6,0.0,4.8,12.7,0.375,0.333,2.4,3.2,0.75,2.4,3.2,5.5,9.5,0.8,0.0,2.4,1.6,11.9,98,115,nembhrj01,
2022,Malik Fitts,PF,UTA,517,24,15,0,63,6.3,14.9,0.421,3.9,7.9,0.5,2.4,7.1,0.333,0.553,0.0,0.0,1.6,11.8,13.4,3.9,0.0,0.0,1.6,3.1,16.5,114.0,111,fittsma01,,
2022,Brodric Thomas,SG,BOS,518,25,12,0,60,6.6,14.9,0.444,1.7,7.5,0.222,5.0,7.5,0.667,0.5,2.5,4.1,0.6,1.7,6.6,8.3,9.1,0.8,0.8,5.0,5.8,17.4,101,109,thomabr01,
2022,Tacko Fall,C,CLE,519,26,11,1,59,4.2,10.2,0.417,0.0,0.0,4.2,10.2,0.417,0.417,1.7,5.9,0.286,5.9,13.5,19.5,1.7,0.0,5.1,2.5,2.5,10.2,91.0,104,fallta01,,
2022,Sam Merrill,SG,MEM,520,25,6,0,58,6.6,19.8,0.333,5.8,19.0,0.304,0.8,0.8,1.0,0.479,1.6,3.3,0.5,0.8,4.9,5.8,3.3,0.0,0.0,1.6,2.5,20.6,104,116,merrisa01,
2022,Gabriel Deck,PF,OKC,521,26,7,0,56,7.0,12.2,0.571,1.7,3.5,0.5,5.2,8.7,0.6,0.643,0.0,0.0,0.9,4.3,5.2,4.3,0.9,0.0,1.7,1.7,15.7,121.0,117,deckga01,,
2022,James Ennis III,SF,BRK,522,31,7,0,56,9.6,20.9,0.458,2.6,7.0,0.375,7.0,14.0,0.5,0.521,3.5,4.4,0.8,4.4,6.1,10.5,2.6,1.7,1.7,1.7,4.4,25.3,113,110,ennisja01,
2022,D.J. Wilson,PF,TOR,523,25,4,1,54,10.2,13.9,0.733,0.0,1.9,0.0,10.2,12.0,0.846,0.733,7.4,9.3,0.8,0.9,13.9,14.8,4.6,4.6,0.9,1.9,5.6,27.8,149,100,wilsodj01,
2022,Myles Powell,PG,PHI,524,24,11,0,52,4.8,16.3,0.294,1.0,5.8,0.167,3.8,10.6,0.364,0.324,1.9,1.9,1.0,1.0,4.8,5.8,2.9,1.0,0.0,2.9,7.7,12.5,74,115,powelmy01,
2022,Mason Jones,SG,LAL,525,23,4,0,51,6.6,14.1,0.467,0.9,3.8,0.25,5.6,10.3,0.545,0.5,11.3,14.1,0.8,0.9,8.5,9.4,3.8,1.9,0.0,0.9,7.5,25.4,133,113,jonesma05,
2022,Tremont Waters,PG,TOR,526,24,3,0,50,4.0,14.0,0.286,2.0,9.0,0.222,2.0,5.0,0.4,0.357,0.0,0.0,0.0,4.0,4.0,7.0,5.0,0.0,4.0,4.0,10.0,76.0,107,watertr01,,
2022,Cameron McGriff,SF,POR,527,24,3,0,46,5.3,14.9,0.357,2.1,6.4,0.333,3.2,8.5,0.375,0.429,2.1,2.1,1.0,6.4,9.6,15.9,3.2,0.0,1.1,0.0,7.4,14.9,123,119,mcgrica01,
2022,Miye Oni,SG,UTA,528,24,16,0,44,2.2,10.1,0.222,1.1,9.0,0.125,1.1,1.1,1.0,0.278,0.0,1.1,0.0,1.1,6.7,7.9,5.6,0.0,0.0,1.1,7.9,5.6,83,115,onimi01,
2022,Gabriel Lundberg,SG,PHO,529,27,4,0,44,5.5,20.8,0.263,3.3,8.7,0.375,2.2,12.0,0.182,0.342,0.0,0.0,2.2,5.5,7.7,12.0,3.3,0.0,3.3,7.7,14.2,89.0,106,lundbga01,,
2022,Vernon Carey Jr.,C,CHO,530,20,7,1,44,7.8,14.4,0.538,0.0,0.0,7.8,14.4,0.538,0.538,6.7,14.4,0.462,8.9,4.4,13.3,0.0,2.2,1.1,3.3,4.4,22.2,108.0,114,careyve01,,
2022,Jared Harper,PG,NOP,531,24,5,0,43,16.1,29.8,0.538,5.7,13.8,0.417,10.3,16.1,0.643,0.635,4.6,4.6,1.0,2.3,0.0,2.3,16.1,4.6,1.1,2.3,5.7,42.5,144,110,harpeja01,
2022,Cameron Oliver,SF,ATL,532,25,2,0,43,11.4,17.1,0.667,1.1,3.4,0.333,10.3,13.7,0.75,0.7,2.3,3.4,0.667,2.3,4.6,6.9,3.4,1.1,1.1,0.0,5.7,26.3,149,117,oliveca01,
2022,Robert Woodard II,SF,SAC,533,22,12,0,42,2.3,18.3,0.125,1.1,4.6,0.25,1.1,13.7,0.083,0.156,2.3,2.3,1.0,5.7,6.9,12.6,3.4,1.1,1.1,1.1,3.4,8.0,70,116,woodaro01,
2022,Sharife Cooper,PG,ATL,534,20,13,0,39,3.8,17.6,0.214,1.3,7.6,0.167,2.5,10.1,0.25,0.25,0.0,0.0,0.0,6.3,6.3,6.3,0.0,0.0,6.3,1.3,8.8,53.0,120,coopesh01,,
2022,Cassius Winston,PG,WAS,535,23,7,0,39,5.1,14.0,0.364,2.5,7.6,0.333,2.5,6.3,0.4,0.455,5.1,5.1,1.0,0.0,1.3,1.3,8.9,0.0,0.0,3.8,11.4,17.8,107,122,winstca01,
2022,Xavier Sneed,SF,MEM,536,24,9,0,39,2.5,12.6,0.2,1.3,10.1,0.125,1.3,2.5,0.5,0.25,0.0,0.0,2.5,5.0,7.6,1.3,0.0,0.0,0.0,2.5,6.3,75.0,117,sneedxa01,,
2022,Nik Stauskas,SG,MIA,537,28,8,0,39,6.4,17.9,0.357,5.1,12.8,0.4,1.3,5.1,0.25,0.5,5.1,7.7,0.667,1.3,2.6,3.8,2.6,0.0,0.0,1.3,1.3,23.0,113,116,stausni01,
2022,Petr Cornelie,PF,DEN,538,26,13,0,38,6.5,19.4,0.333,1.3,10.3,0.125,5.2,9.0,0.571,0.367,3.9,5.2,0.75,9.0,9.0,18.1,3.9,1.3,1.3,5.2,9.0,18.1,93,111,cornepe01,
2022,Darren Collison,PG,LAL,539,34,3,0,37,2.6,9.1,0.286,0.0,3.9,0.0,2.6,5.2,0.5,0.286,0.0,0.0,0.0,5.2,5.2,2.6,1.3,0.0,1.3,6.5,5.2,65.0,116,collida01,,
2022,Justin Jackson,SF,BOS,540,26,7,0,37,6.5,19.5,0.333,3.9,11.7,0.333,2.6,7.8,0.333,0.433,2.6,2.6,1.0,1.3,7.8,9.1,2.6,0.0,0.0,1.3,3.9,19.5,99,112,jacksju01,
2022,Marko Simonovic,C,CHI,541,22,9,0,35,5.6,20.9,0.267,1.4,7.0,0.2,4.2,14.0,0.3,0.3,11.2,15.3,0.727,7.0,7.0,14.0,0.0,1.4,1.4,2.8,8.4,23.7,96,113,simonma01,
2022,Cheick Diallo,C,DET,542,25,3,0,31,4.7,12.6,0.375,0.0,0.0,4.7,12.6,0.375,0.375,7.9,9.4,0.833,6.3,12.6,18.9,0.0,1.6,0.0,1.6,9.4,17.3,115.0,111,diallch01,,
2022,Micah Potter,C,DET,543,23,3,0,31,7.9,17.3,0.455,0.0,3.1,0.0,7.9,14.2,0.556,0.455,3.1,3.1,1.0,6.3,7.9,14.2,0.0,1.6,1.6,1.6,6.3,18.9,108,112,pottemi01,
2022,Juwan Morgan,PF,TOR,544,24,2,0,31,3.2,4.8,0.667,1.6,3.2,0.5,1.6,1.6,1.0,0.833,0.0,0.0,3.2,3.2,6.4,1.6,0.0,0.0,0.0,4.8,8.1,184.0,118,morgaju01,,
2022,Jordan Schakel,SG,WAS,545,23,4,0,30,1.6,18.1,0.091,1.6,9.9,0.167,0.0,8.2,0.0,0.136,3.3,3.3,1.0,3.3,9.9,13.2,0.0,1.6,0.0,1.6,0.0,8.2,55,114,schakjo01,
2022,Daniel Oturu,C,TOR,546,22,3,0,27,5.6,11.1,0.5,0.0,1.9,0.0,5.6,9.3,0.6,0.5,5.6,9.3,0.6,1.9,7.4,9.3,0.0,0.0,3.7,0.0,1.9,16.7,123,111,oturuda01,
2022,Deividas Sirvydis,SG,DET,547,21,3,0,27,1.8,18.1,0.1,1.8,12.6,0.143,0.0,5.4,0.0,0.15,0.0,0.0,0.0,10.8,10.8,1.8,5.4,1.8,0.0,7.2,5.4,41.0,102,sirvyde01,,
2022,Mac McClung,PG,CHI,548,23,2,0,25,5.8,11.5,0.5,1.9,5.8,0.333,3.8,5.8,0.667,0.583,1.9,1.9,1.0,0.0,5.8,5.8,1.9,1.9,1.9,5.8,9.6,15.4,81,112,mccluma01,
2022,Shaquille Harrison,SG,BRK,549,28,2,0,23,4.2,12.6,0.333,0.0,4.2,0.0,4.2,8.4,0.5,0.333,0.0,0.0,2.1,6.3,8.4,6.3,2.1,2.1,4.2,6.3,8.4,76.0,111,harrish01,,
2022,Carlik Jones,PG,DAL,550,24,5,0,23,2.2,19.6,0.111,0.0,2.2,0.0,2.2,17.4,0.125,0.111,4.4,4.4,1.0,2.2,4.4,6.5,10.9,2.2,0.0,6.5,0.0,8.7,57,111,jonesca03,
2022,Chandler Hutchison,SF,PHO,551,25,6,0,22,2.2,4.4,0.5,0.0,0.0,2.2,4.4,0.5,0.5,4.4,4.4,1.0,0.0,10.9,10.9,4.4,0.0,0.0,8.7,2.2,8.7,68.0,110,hutchch01,,
2022,Damyean Dotson,SG,NYK,552,27,2,0,21,4.8,9.5,0.5,0.0,2.4,0.0,4.8,7.1,0.667,0.5,0.0,0.0,0.0,4.8,4.8,2.4,0.0,0.0,0.0,0.0,9.5,113.0,117,dotsoda01,,
2022,Gabe York,SG,IND,553,28,2,0,21,4.7,16.3,0.286,2.3,14.0,0.167,2.3,2.3,1.0,0.357,7.0,11.7,0.6,0.0,4.7,4.7,9.3,4.7,2.3,2.3,9.3,18.7,101,108,yorkga01,
2022,Joel Ayayi,SG,WAS,554,21,7,0,20,2.5,14.8,0.167,0.0,2.5,0.0,2.5,12.4,0.2,0.167,0.0,0.0,2.5,4.9,7.4,9.9,0.0,0.0,0.0,0.0,4.9,79.0,120,ayayijo01,,
2022,Jay Huff,C,LAL,555,23,4,0,20,0.0,7.2,0.0,0.0,4.8,0.0,0.0,2.4,0.0,0.0,0.0,0.0,2.4,7.2,9.6,2.4,2.4,2.4,2.4,2.4,0.0,34.0,110,huffja01,,
2022,McKinley Wright IV,PG,MIN,556,23,5,0,19,5.0,7.5,0.667,2.5,5.0,0.5,2.5,2.5,1.0,0.833,0.0,0.0,0.0,0.0,0.0,7.5,0.0,0.0,2.5,2.5,12.5,138.0,121,wrighmc01,,
2022,George King,SF,DAL,557,28,4,0,19,0.0,13.2,0.0,0.0,10.6,0.0,0.0,2.6,0.0,0.0,2.6,5.3,0.5,0.0,13.2,13.2,0.0,0.0,0.0,2.6,10.6,2.6,17,110,kingge03,
2022,Norvel Pelle,C,UTA,558,28,3,0,19,7.8,13.0,0.6,0.0,0.0,7.8,13.0,0.6,0.6,0.0,0.0,7.8,7.8,15.6,0.0,0.0,2.6,5.2,2.6,15.6,100,112.0,pelleno01,,,
2022,Wayne Selden,SG,NYK,559,27,3,0,19,2.6,10.5,0.25,2.6,5.3,0.5,0.0,5.3,0.0,0.375,5.3,10.5,0.5,0.0,2.6,2.6,2.6,0.0,0.0,0.0,2.6,13.2,103,118,seldewa01,
2022,Craig Sword,SG,WAS,560,28,3,0,19,7.8,10.4,0.75,0.0,2.6,0.0,7.8,7.8,1.0,0.75,0.0,0.0,0.0,0.0,0.0,2.6,10.4,0.0,2.6,18.2,15.6,115.0,99,swordcr01,,
2022,Eugene Omoruyi,SF,DAL,561,24,4,0,18,5.6,14.0,0.4,2.8,5.6,0.5,2.8,8.4,0.333,0.5,5.6,11.2,0.5,5.6,14.0,19.6,5.6,0.0,0.0,0.0,5.6,19.6,130,110,omorueu01,
2022,Emanuel Terry,PF,PHO,562,25,3,0,18,0.0,13.4,0.0,0.0,0.0,0.0,13.4,0.0,0.0,0.0,0.0,21.4,18.7,40.1,5.3,2.7,0.0,13.4,10.7,0.0,61,99.0,terryem01,,,
2022,Scotty Hopson,SG,OKC,563,32,1,0,18,5.4,10.8,0.5,0.0,2.7,0.0,5.4,8.1,0.667,0.5,0.0,0.0,0.0,2.7,2.7,2.7,0.0,0.0,5.4,2.7,10.8,69.0,120,hopsosc01,,
2022,Aaron Henry,SF,PHI,564,22,6,0,17,2.9,14.7,0.2,0.0,2.9,0.0,2.9,11.7,0.25,0.2,0.0,0.0,0.0,2.9,2.9,0.0,0.0,5.9,5.9,5.9,5.9,29.0,111,henryaa01,,
2022,Trayvon Palmer,SG,DET,565,27,1,0,17,0.0,2.9,0.0,0.0,0.0,0.0,2.9,0.0,0.0,0.0,0.0,0.0,5.7,5.7,0.0,0.0,0.0,2.9,5.7,0.0,0,119.0,palmetr01,,,
2022,Dakota Mathias,SG,MEM,566,26,6,0,16,6.0,17.9,0.333,6.0,17.9,0.333,0.0,0.0,0.5,0.0,0.0,0.0,6.0,6.0,3.0,3.0,0.0,0.0,3.0,17.9,116,109.0,mathida01,,,
2022,Jaylen Morris,SG,SAS,567,26,3,0,16,0.0,18.0,0.0,0.0,6.0,0.0,0.0,12.0,0.0,0.0,6.0,12.0,0.5,0.0,6.0,6.0,6.0,0.0,0.0,3.0,6.0,6.0,40,117,morrija01,
2022,Sekou Doumbouya,PF,LAL,568,21,2,0,16,15.0,24.0,0.625,3.0,6.0,0.5,12.0,18.0,0.667,0.688,9.0,12.0,0.75,6.0,12.0,18.0,0.0,9.0,6.0,6.0,3.0,41.9,117,87,doumbse01,
2022,Jemerrio Jones,SF,LAL,569,26,2,0,15,6.4,9.6,0.667,0.0,0.0,6.4,9.6,0.667,0.667,0.0,0.0,6.4,3.2,9.6,0.0,3.2,0.0,0.0,6.4,12.8,152,113.0,jonesje01,,,
2022,Moses Wright,PF,LAC,570,23,4,0,14,3.6,14.4,0.25,0.0,3.6,0.0,3.6,10.8,0.333,0.25,10.8,10.8,1.0,3.6,7.2,10.8,7.2,0.0,3.6,0.0,0.0,17.9,126,109,wrighmo01,
2022,Cat Barber,PG,ATL,571,27,3,0,13,0.0,15.1,0.0,0.0,0.0,0.0,15.1,0.0,0.0,0.0,15.1,0.0,3.8,7.6,11.3,11.3,0.0,0.0,3.8,3.8,0.0,38.0,119,barbeca01,,
2022,Jarron Cumberland,SG,POR,572,24,3,0,12,4.1,8.1,0.5,0.0,4.1,0.0,4.1,4.1,1.0,0.5,0.0,0.0,4.1,8.1,12.2,4.1,0.0,0.0,0.0,8.1,8.1,136.0,121,cumbeja01,,
2022,JaQuori McLaughlin,PG,DAL,573,24,4,0,11,0.0,9.2,0.0,0.0,4.6,0.0,0.0,4.6,0.0,0.0,0.0,0.0,0.0,0.0,0.0,9.2,0.0,0.0,0.0,4.6,0.0,57.0,118,mclauja01,,
2022,Rob Edwards,SG,OKC,574,25,2,0,11,4.4,17.7,0.25,4.4,17.7,0.25,0.0,0.0,0.375,0.0,0.0,0.0,13.3,13.3,0.0,0.0,0.0,4.4,0.0,13.3,60,114.0,edwarro01,,,
2022,Emmanuel Mudiay,PG,SAC,575,25,2,0,11,0.0,8.7,0.0,0.0,0.0,0.0,8.7,0.0,0.0,13.1,17.5,0.75,0.0,0.0,0.0,17.5,4.4,0.0,4.4,4.4,13.1,100.0,114,mudiaem01,,
2022,Tre Scott,SF,CLE,576,25,2,0,11,13.6,27.2,0.5,0.0,4.5,0.0,13.6,22.7,0.6,0.5,0.0,0.0,4.5,4.5,9.1,0.0,4.5,4.5,0.0,9.1,27.2,106.0,100,scotttr01,,
2022,Shaq Buchanan,SG,MEM,577,25,2,0,10,4.8,19.1,0.25,0.0,9.6,0.0,4.8,9.6,0.5,0.25,0.0,0.0,4.8,4.8,9.6,9.6,4.8,0.0,9.6,4.8,9.6,61.0,106,buchash01,,
2022,DaQuan Jeffries,SG,MEM,578,24,3,0,9,5.3,10.6,0.5,0.0,5.3,0.0,5.3,5.3,1.0,0.5,0.0,0.0,0.0,10.6,10.6,5.3,0.0,0.0,0.0,5.3,10.6,125.0,113,jeffrda01,,
2022,Jon Teske,C,MEM,579,24,3,0,8,0.0,6.0,0.0,0.0,0.0,0.0,6.0,0.0,0.0,0.0,12.0,0.0,0.0,12.0,12.0,6.0,6.0,0.0,0.0,6.0,0.0,32.0,99,teskejo01,,
2022,Feron Hunt,SF,NYK,580,22,2,0,8,0.0,12.5,0.0,0.0,0.0,0.0,12.5,0.0,0.0,0.0,0.0,6.3,0.0,6.3,6.3,6.3,0.0,6.3,6.3,0.0,41,105.0,huntfe01,,,
2022,Anthony Lamb,SF,SAS,581,24,2,0,8,0.0,12.0,0.0,0.0,12.0,0.0,0.0,0.0,0.0,0.0,0.0,0.0,6.0,6.0,12.0,0.0,0.0,0.0,0.0,0.0,56,118.0,lamban01,,,
2022,M.J. Walker,SG,PHO,582,23,2,0,8,0.0,24.1,0.0,0.0,12.0,0.0,0.0,12.0,0.0,0.0,0.0,0.0,0.0,6.0,6.0,6.0,12.0,0.0,0.0,6.0,0.0,18.0,86,walkemj01,,
2022,Malik Newman,PG,CLE,583,24,1,0,8,18.7,31.2,0.6,0.0,6.2,0.0,18.7,25.0,0.75,0.6,12.5,12.5,1.0,0.0,6.2,6.2,6.2,0.0,0.0,6.2,0.0,49.9,118,115,newmama01,
2022,Paris Bass,SF,PHO,584,26,2,0,7,13.7,41.2,0.333,0.0,13.7,0.0,13.7,27.5,0.5,0.333,13.7,13.7,1.0,13.7,13.7,27.5,0.0,6.9,0.0,13.7,13.7,41.2,82,92,basspa01,
2022,Scottie Lewis,SG,CHO,585,21,2,0,7,0.0,0.0,0.0,0.0,0.0,0.0,6.9,13.7,0.5,0.0,0.0,0.0,6.9,6.9,0.0,0.0,0.0,6.9,150,108,lewissc01,,,,,
2022,Jaysean Paige,PG,DET,586,27,1,0,7,0.0,20.9,0.0,0.0,13.9,0.0,0.0,7.0,0.0,0.0,0.0,0.0,0.0,7.0,7.0,7.0,0.0,0.0,7.0,13.9,0.0,15.0,118,paigeja01,,
2022,Jordan Goodwin,SG,WAS,587,23,2,0,6,0.0,24.7,0.0,0.0,8.2,0.0,0.0,16.5,0.0,0.0,0.0,0.0,0.0,8.2,8.2,0.0,0.0,0.0,0.0,8.2,0.0,0.0,118,goodwjo01,,
2022,Jaden Springer,SG,PHI,588,19,2,0,6,8.3,8.3,1.0,0.0,0.0,8.3,8.3,1.0,1.0,0.0,0.0,8.3,8.3,16.6,0.0,0.0,16.6,8.3,0.0,16.6,101,95.0,sprinja01,,,
2022,Arnoldas Kulboka,SF,CHO,589,24,2,0,5,0.0,9.6,0.0,0.0,9.6,0.0,0.0,0.0,0.0,0.0,0.0,0.0,0.0,0.0,0.0,0.0,0.0,0.0,9.6,0.0,0,123.0,kulboar01,,,
2022,Zylan Cheatham,SF,UTA,590,26,1,0,5,0.0,29.7,0.0,0.0,19.8,0.0,0.0,9.9,0.0,0.0,0.0,0.0,0.0,0.0,0.0,0.0,0.0,0.0,0.0,0.0,0.0,0.0,120,cheatzy01,,
2022,Matt Ryan,SF,BOS,591,24,1,0,5,9.9,49.7,0.2,9.9,49.7,0.2,0.0,0.0,0.3,0.0,0.0,0.0,0.0,0.0,0.0,9.9,0.0,0.0,0.0,29.8,65,94.0,ryanma01,,,
2022,Tyrell Terry,PG,MEM,592,21,2,0,3,15.9,15.9,1.0,0.0,0.0,15.9,15.9,1.0,1.0,0.0,0.0,0.0,0.0,0.0,0.0,0.0,0.0,0.0,15.9,31.9,200,118.0,terryty01,,,
2022,Javin DeLaurier,C,MIL,593,23,1,0,3,0.0,0.0,0.0,0.0,0.0,0.0,0.0,0.0,0.0,16.0,16.0,0.0,16.0,0.0,0.0,16.0,0.0,74.0,delauja01,,,,,,,
2022,Jaime Echenique,C,WAS,594,24,1,0,3,0.0,0.0,0.0,0.0,0.0,0.0,0.0,0.0,0.0,0.0,0.0,0.0,0.0,0.0,0.0,0.0,0.0,123.0,echenja01,,,,,,,
2022,Nate Hinton,SG,IND,595,22,2,0,2,0.0,24.5,0.0,0.0,0.0,0.0,24.5,0.0,0.0,0.0,0.0,0.0,0.0,0.0,0.0,0.0,0.0,24.5,0.0,0.0,0,125.0,hintona01,,,
2022,David Johnson,SG,TOR,596,20,2,0,2,0.0,25.0,0.0,0.0,25.0,0.0,0.0,0.0,0.0,0.0,0.0,0.0,0.0,0.0,0.0,0.0,0.0,0.0,0.0,0.0,0,120.0,johnsda08,,,
2022,Jordan Bell,C,CHI,597,27,1,0,2,0.0,0.0,0.0,0.0,0.0,0.0,0.0,0.0,24.4,0.0,24.4,0.0,24.4,0.0,0.0,48.8,0.0,223.0,65,belljo01,,,,,,
2022,Tyler Hall,SG,NYK,598,24,1,0,2,0.0,0.0,0.0,0.0,0.0,0.0,0.0,0.0,0.0,0.0,0.0,0.0,0.0,0.0,0.0,0.0,0.0,120.0,hallty01,,,,,,,
2022,Joe Johnson,SG,BOS,599,40,1,0,2,24.8,24.8,1.0,0.0,0.0,24.8,24.8,1.0,1.0,0.0,0.0,0.0,0.0,0.0,0.0,0.0,0.0,0.0,0.0,49.7,200,117.0,johnsjo02,,,
2022,C.J. Miles,SG,BOS,600,34,1,0,2,0.0,0.0,0.0,0.0,0.0,0.0,0.0,0.0,0.0,0.0,0.0,0.0,0.0,0.0,0.0,24.8,0.0,115.0,milescj01,,,,,,,
2022,Matt Mooney,SG,NYK,601,25,1,0,2,0.0,25.0,0.0,0.0,25.0,0.0,0.0,0.0,0.0,0.0,0.0,0.0,0.0,0.0,0.0,25.0,0.0,25.0,0.0,0.0,0,63.0,moonema01,,,
2022,Ahmad Caver,SG,IND,602,25,1,0,1,49.0,49.0,1.0,0.0,0.0,49.0,49.0,1.0,1.0,0.0,0.0,0.0,0.0,0.0,0.0,0.0,0.0,0.0,0.0,98.0,200,125.0,caverah01,,,
2022,Sam Dekker,PF,TOR,603,27,1,0,1,0.0,0.0,0.0,0.0,0.0,0.0,0.0,0.0,0.0,0.0,0.0,0.0,0.0,0.0,0.0,0.0,0.0,120.0,dekkesa01,,,,,,,
2022,DeJon Jarreau,SG,IND,604,24,1,0,1,0.0,0.0,0.0,0.0,0.0,0.0,0.0,0.0,0.0,0.0,0.0,0.0,0.0,0.0,0.0,0.0,0.0,125.0,jarrede01,,,,,,,
2022,Ade Murkey,SG,SAC,605,24,1,0,1,0.0,0.0,0.0,0.0,0.0,0.0,0.0,0.0,0.0,0.0,0.0,0.0,0.0,0.0,0.0,0.0,0.0,124.0,murkead01,,,,,,,
2023,Mikal Bridges,SF,PHO,1,26,83,83,2963,9.8,20.9,0.468,2.8,7.3,0.382,7.0,13.6,0.514,0.535,5.2,5.8,0.895,1.3,4.7,6.0,4.5,1.5,1.0,2.1,2.6,27.6,118.0,115,,bridgmi01
2023,Anthony Edwards,SG,MIN,2,21,79,79,2842,11.8,25.8,0.459,3.6,9.7,0.369,8.3,16.1,0.513,0.528,5.3,7.1,0.756,0.8,6.9,7.7,5.9,2.1,1.0,4.3,3.1,32.5,106.0,113,AS,edwaran01
2023,Zach LaVine,SG,CHI,3,27,77,77,2768,11.8,24.4,0.485,3.6,9.6,0.375,8.3,14.9,0.556,0.558,6.4,7.5,0.848,0.7,5.3,6.1,5.8,1.2,0.3,3.4,2.8,33.7,116.0,115,,lavinza01
2023,Nikola Vučević,C,CHI,4,32,82,82,2746,10.6,20.4,0.52,2.1,6.2,0.349,8.4,14.2,0.594,0.573,2.3,2.8,0.835,2.8,13.2,16.0,4.7,1.1,1.0,2.5,3.2,25.7,117.0,110,,vucevni01
2023,Julius Randle,PF,NYK,5,28,77,77,2737,11.9,25.9,0.459,3.9,11.5,0.343,7.9,14.4,0.553,0.536,7.3,9.6,0.757,2.5,11.3,13.9,5.7,0.9,0.4,3.9,4.2,35.0,117.0,114,CPOY-14ASNBA3,randlju01
2023,Domantas Sabonis,C,SAC,6,26,79,79,2736,10.1,16.4,0.615,0.5,1.5,0.373,9.5,15.0,0.639,0.632,5.7,7.7,0.742,4.4,12.6,17.0,10.0,1.1,0.7,4.0,4.9,26.4,132.0,114,MVP-7ASNBA3,sabondo01
2023,Jayson Tatum,SF,BOS,7,24,74,74,2732,13.0,27.8,0.466,4.3,12.2,0.35,8.7,15.6,0.558,0.543,9.5,11.1,0.854,1.4,10.2,11.6,6.1,1.4,0.9,3.8,2.9,39.7,118.0,110,MVP-4CPOY-10ASNBA1,tatumja01
2023,Spencer Dinwiddie,SG,DAL,8,29,79,79,2725,8.3,19.0,0.438,3.3,8.9,0.369,5.1,10.2,0.498,0.524,4.9,6.0,0.812,0.5,4.4,4.9,9.3,1.2,0.4,2.6,3.4,24.8,118.0,118,,dinwisp01
2023,Evan Mobley,PF,CLE,9,21,79,79,2715,9.7,17.5,0.554,0.4,1.9,0.216,9.3,15.6,0.595,0.566,3.8,5.6,0.674,3.5,9.7,13.1,4.1,1.1,2.2,2.7,4.0,23.6,117.0,108,DPOY-3DEF1,mobleev01
2023,Dejounte Murray,SG,ATL,10,26,74,74,2693,10.8,23.3,0.464,2.4,6.9,0.344,8.5,16.5,0.514,0.514,2.8,3.4,0.832,0.9,5.9,6.9,7.9,2.0,0.3,2.8,1.9,26.8,112.0,116,,murrade01
2023,DeMar DeRozan,SF,CHI,11,33,74,74,2682,11.9,23.7,0.504,0.8,2.6,0.324,11.1,21.1,0.526,0.522,8.3,9.5,0.872,0.6,5.6,6.2,6.8,1.5,0.7,2.8,3.4,33.0,119.0,113,CPOY-3AS,derozde01
2023,Scottie Barnes,SF,TOR,12,21,77,76,2678,8.5,18.8,0.456,1.2,4.1,0.281,7.4,14.6,0.505,0.487,3.5,4.5,0.772,3.3,6.1,9.5,6.8,1.5,1.1,2.8,3.1,21.8,113.0,115,,barnesc01
2023,Harrison Barnes,PF,SAC,13,30,82,82,2662,6.7,14.2,0.473,2.4,6.3,0.374,4.3,7.9,0.553,0.556,6.3,7.4,0.847,1.6,5.0,6.6,2.3,1.0,0.2,1.5,1.9,22.1,126.0,119,,barneha02
2023,Pascal Siakam,PF,TOR,14,28,71,71,2652,11.7,24.5,0.48,1.7,5.4,0.324,10.0,19.1,0.523,0.515,6.8,8.8,0.774,2.4,7.9,10.4,7.7,1.2,0.7,3.2,4.3,32.1,118.0,115,AS,siakapa01
2023,CJ McCollum,PG,NOP,15,31,75,75,2649,10.7,24.6,0.437,3.9,9.9,0.389,6.9,14.7,0.469,0.515,3.3,4.4,0.769,1.0,5.0,6.0,7.8,1.3,0.7,3.3,2.8,28.7,110.0,115,,mccolcj01
2023,Franz Wagner,SF,ORL,16,21,80,80,2609,10.0,20.7,0.485,2.4,6.7,0.361,7.6,14.0,0.544,0.543,5.0,6.0,0.842,1.3,4.8,6.1,5.2,1.4,0.3,3.1,3.4,27.5,115.0,116,,wagnefr01
2023,Jalen Green,SG,HOU,17,20,76,76,2602,10.5,25.3,0.416,3.5,10.3,0.338,7.1,15.0,0.471,0.485,6.8,8.6,0.786,0.8,4.5,5.3,5.2,1.1,0.3,3.7,2.4,31.4,109.0,122,,greenja05
2023,Bam Adebayo,C,MIA,18,25,75,75,2598,11.6,21.4,0.54,0.0,0.2,0.083,11.5,21.2,0.545,0.541,6.2,7.7,0.806,3.5,9.7,13.2,4.6,1.7,1.2,3.6,4.0,29.3,115.0,111,DPOY-5ASDEF2,adebaba01
2023,Trae Young,PG,ATL,19,24,73,73,2541,11.2,26.1,0.429,2.9,8.6,0.335,8.3,17.4,0.476,0.485,10.6,12.0,0.886,1.1,3.0,4.1,13.9,1.5,0.2,5.6,2.0,35.9,116.0,119,,youngtr01
2023,Fred VanVleet,PG,TOR,20,28,69,69,2535,8.5,21.7,0.393,4.0,11.8,0.342,4.5,9.9,0.455,0.486,5.0,5.5,0.898,0.6,4.9,5.5,9.7,2.4,0.7,2.7,3.8,26.0,117.0,114,,vanvlfr01
2023,Buddy Hield,SF,IND,21,30,80,73,2482,9.1,19.9,0.458,5.5,12.9,0.425,3.6,6.9,0.518,0.596,2.0,2.5,0.822,1.3,6.4,7.7,4.3,1.8,0.5,2.7,3.0,25.7,115.0,118,,hieldbu01
2023,RJ Barrett,SG,NYK,22,22,73,73,2475,10.2,23.5,0.434,2.4,7.8,0.31,7.8,15.7,0.495,0.485,5.8,7.8,0.74,1.2,6.2,7.3,4.0,0.6,0.3,3.3,3.6,28.6,107.0,118,,barrerj01
2023,Jordan Poole,PG,GSW,23,23,82,43,2458,10.6,24.6,0.43,4.1,12.2,0.336,6.5,12.3,0.524,0.514,6.9,8.0,0.87,0.6,3.7,4.3,7.1,1.2,0.4,4.8,4.1,32.2,109.0,117,,poolejo01
2023,Josh Hart,SF,POR,24,27,76,52,2454,5.5,10.4,0.529,1.2,3.3,0.372,4.3,7.1,0.601,0.588,2.6,3.5,0.75,2.8,9.0,11.8,5.8,1.8,0.4,2.3,3.9,14.8,125.0,116,,hartjo01
2023,Jabari Smith Jr.,PF,HOU,25,19,79,79,2451,7.2,17.6,0.408,2.4,7.7,0.307,4.8,9.9,0.487,0.475,3.2,4.1,0.786,2.4,8.8,11.3,2.0,0.9,1.5,2.1,4.5,20.0,108.0,119,,smithja05
2023,Trey Murphy III,SF,NOP,26,22,79,65,2448,7.7,15.8,0.484,4.0,9.8,0.406,3.7,6.0,0.611,0.61,3.4,3.8,0.905,1.2,4.4,5.6,2.2,1.8,0.9,1.2,3.1,22.7,128.0,114,,murphtr02
2023,Darius Garland,PG,CLE,27,23,69,69,2447,10.7,23.1,0.462,3.5,8.4,0.41,7.2,14.7,0.492,0.537,5.7,6.6,0.863,0.6,3.2,3.8,11.0,1.7,0.2,4.1,3.0,30.5,118.0,113,,garlada01
2023,Tobias Harris,SF,PHI,28,30,74,74,2436,8.6,17.2,0.501,2.6,6.6,0.389,6.0,10.6,0.57,0.575,2.3,2.6,0.876,1.4,7.3,8.6,3.8,1.4,0.8,1.8,3.0,22.1,118.0,114,,harrito02
2023,De'Aaron Fox,PG,SAC,29,25,73,73,2435,13.4,26.2,0.512,2.3,7.2,0.324,11.1,18.9,0.584,0.557,6.7,8.6,0.78,0.8,5.2,6.0,8.8,1.6,0.5,3.6,3.4,35.9,119.0,117,MVP-11CPOY-1ASNBA3,foxde01
2023,Donovan Mitchell,SG,CLE,30,26,68,68,2432,14.0,28.9,0.484,5.1,13.1,0.386,9.0,15.8,0.566,0.572,6.6,7.6,0.867,1.3,4.7,6.0,6.2,2.0,0.6,3.7,3.5,39.6,118.0,111,MVP-6CPOY-6ASNBA2,mitchdo01
2023,Paolo Banchero,PF,ORL,31,20,72,72,2430,9.5,22.3,0.427,1.7,5.7,0.298,7.8,16.6,0.471,0.465,7.8,10.6,0.738,1.7,8.2,9.9,5.4,1.2,0.8,4.0,3.2,28.6,105.0,114,ROY-1,banchpa01
2023,Jaden McDaniels,SF,MIN,32,22,79,79,2416,7.3,14.1,0.517,2.1,5.3,0.398,5.2,8.8,0.588,0.591,2.1,2.8,0.736,1.8,4.2,6.0,2.9,1.5,1.5,2.2,5.3,18.7,115.0,115,,mcdanja02
2023,Shai Gilgeous-Alexander,PG,OKC,33,24,68,68,2416,13.8,27.2,0.51,1.1,3.3,0.345,12.7,23.8,0.533,0.531,13.2,14.5,0.905,1.2,5.3,6.5,7.3,2.2,1.3,3.8,3.8,42.0,125.0,113,MVP-5CPOY-7ASNBA1,gilgesh01
2023,Royce O'Neale,SF,BRK,34,29,76,53,2409,4.6,12.0,0.386,3.3,8.5,0.389,1.3,3.5,0.379,0.524,1.0,1.4,0.725,1.1,6.7,7.8,5.7,1.3,1.0,2.3,4.8,13.6,108.0,115,,onealro01
2023,Jaylen Brown,SF,BOS,35,26,67,67,2405,13.8,28.0,0.491,3.3,9.9,0.335,10.5,18.2,0.576,0.55,5.3,7.0,0.765,1.6,7.7,9.3,4.7,1.5,0.5,4.0,3.5,36.2,110.0,111,ASNBA2,brownja02
2023,Luka Dončić,PG,DAL,36,23,66,66,2391,14.9,30.1,0.496,3.8,11.2,0.342,11.1,18.9,0.588,0.56,10.7,14.4,0.742,1.1,10.7,11.8,11.0,1.9,0.7,4.9,3.5,44.4,120.0,113,MVP-8CPOY-8ASNBA1,doncilu01
2023,OG Anunoby,SF,TOR,37,25,67,67,2386,8.7,18.3,0.476,2.9,7.6,0.387,5.8,10.7,0.539,0.556,2.9,3.5,0.838,2.0,4.9,6.9,2.7,2.7,1.0,2.7,4.1,23.3,113.0,113,DPOY-7DEF2,anunoog01
2023,Keegan Murray,SF,SAC,38,22,80,78,2382,7.1,15.7,0.453,4.1,10.1,0.411,3.0,5.6,0.527,0.584,1.2,1.6,0.765,1.8,5.7,7.5,2.0,1.2,0.8,1.2,3.3,19.6,119.0,117,ROY-5,murrake02
2023,Kentavious Caldwell-Pope,SG,DEN,39,29,76,76,2381,6.0,13.0,0.462,2.8,6.6,0.423,3.2,6.4,0.502,0.569,2.1,2.6,0.824,0.7,3.6,4.3,3.8,2.3,0.7,1.8,3.0,16.9,117.0,115,,caldwke01
2023,P.J. Washington,PF,CHO,40,24,73,73,2380,8.7,19.6,0.444,3.0,8.6,0.348,5.7,11.0,0.518,0.52,2.5,3.5,0.73,1.5,5.7,7.2,3.5,1.3,1.6,2.2,3.9,22.9,107.0,116,,washipj01
2023,Jalen Brunson,PG,NYK,41,26,68,68,2379,12.2,24.8,0.491,2.8,6.7,0.416,9.4,18.1,0.519,0.547,6.8,8.1,0.829,0.8,4.2,5.0,8.7,1.3,0.3,3.0,3.2,33.9,125.0,117,MVP-12CPOY-4,brunsja01
2023,Brook Lopez,C,MIL,42,34,78,78,2373,9.6,18.1,0.531,2.7,7.3,0.374,6.9,10.8,0.637,0.606,3.0,3.8,0.784,3.2,7.3,10.5,2.0,0.7,3.9,2.2,4.1,24.9,122.0,109,DPOY-2DEF1,lopezbr01
2023,Josh Giddey,PF,OKC,43,20,76,76,2367,10.8,22.4,0.482,1.5,4.7,0.325,9.3,17.7,0.524,0.516,2.1,2.9,0.731,3.0,9.1,12.0,9.4,1.1,0.6,4.2,2.9,25.3,109.0,114,,giddejo01
2023,Reggie Bullock,SF,DAL,44,31,78,55,2364,4.0,9.9,0.409,3.2,8.3,0.38,0.9,1.5,0.562,0.569,0.5,0.8,0.703,0.7,5.3,6.0,2.3,1.1,0.3,0.8,3.5,11.8,116.0,119,,bullore01
2023,Immanuel Quickley,SG,NYK,45,23,81,21,2344,8.8,19.7,0.448,3.5,9.6,0.37,5.3,10.2,0.521,0.537,4.3,5.2,0.819,1.2,5.9,7.1,5.9,1.7,0.3,2.1,3.5,25.5,122.0,115,6MOY-2,quickim01
2023,Tyler Herro,SG,MIA,46,23,67,67,2337,10.4,23.7,0.439,4.3,11.5,0.378,6.1,12.2,0.497,0.531,3.6,3.9,0.934,0.6,7.1,7.7,6.0,1.1,0.3,3.4,2.2,28.7,109.0,115,,herroty01
2023,Patrick Williams,PF,CHI,47,21,82,65,2323,6.6,14.2,0.464,2.4,5.8,0.415,4.2,8.4,0.498,0.549,1.9,2.2,0.857,1.6,5.2,6.9,2.1,1.5,1.5,2.1,3.1,17.5,108.0,113,,willipa01
2023,Nikola Jokić,C,DEN,48,27,69,69,2323,13.6,21.5,0.632,1.2,3.1,0.383,12.4,18.4,0.675,0.66,7.2,8.7,0.822,3.5,13.7,17.2,14.3,1.8,1.0,5.2,3.7,35.6,134.0,110,MVP-2CPOY-13ASNBA2,jokicni01
2023,Derrick White,SG,BOS,49,28,82,70,2319,7.4,15.9,0.462,3.1,8.2,0.381,4.2,7.7,0.548,0.56,3.5,4.0,0.875,1.1,5.1,6.2,6.7,1.1,1.6,2.0,3.7,21.4,124.0,112,DEF2,whitede01
2023,Jaden Ivey,SG,DET,50,20,74,73,2304,8.6,20.7,0.416,2.5,7.4,0.343,6.1,13.3,0.457,0.477,5.6,7.5,0.747,1.5,4.5,6.1,8.1,1.3,0.4,5.0,5.1,25.3,103.0,121,ROY-6,iveyja01
2023,D'Angelo Russell,PG,MIN,51,26,71,71,2304,9.2,19.5,0.469,4.0,10.1,0.396,5.2,9.4,0.548,0.572,3.7,4.5,0.829,0.7,3.7,4.4,9.0,1.4,0.6,3.8,2.9,26.0,116.0,116,,russeda01
2023,Draymond Green,PF,GSW,52,32,73,73,2297,5.1,9.7,0.527,0.8,2.7,0.305,4.3,7.1,0.612,0.57,1.6,2.2,0.713,1.4,9.4,10.8,10.3,1.5,1.2,4.2,4.7,12.7,114.0,112,DPOY-4DEF2,greendr01
2023,KJ Martin,SF,HOU,53,22,82,49,2292,8.7,15.2,0.569,1.4,4.6,0.315,7.2,10.7,0.679,0.617,3.2,4.7,0.68,2.7,6.9,9.6,2.6,0.9,0.6,1.9,3.1,22.0,126.0,121,,martike04
2023,Joel Embiid,C,PHI,54,28,66,66,2284,15.8,28.8,0.548,1.4,4.3,0.33,14.4,24.5,0.587,0.573,14.3,16.7,0.857,2.5,12.1,14.5,5.9,1.4,2.4,4.9,4.4,47.4,124.0,109,MVP-1DPOY-9CPOY-5ASNBA1,embiijo01
2023,Bruce Brown,SF,DEN,55,26,80,31,2280,7.7,15.9,0.483,2.0,5.4,0.358,5.7,10.4,0.548,0.545,2.5,3.3,0.758,1.4,5.7,7.0,5.7,1.9,1.1,2.6,4.1,19.8,113.0,114,,brownbr01
2023,Klay Thompson,SF,GSW,56,32,69,69,2279,11.3,25.9,0.436,6.2,15.1,0.412,5.1,10.8,0.47,0.556,2.4,2.7,0.879,0.8,5.1,5.9,3.4,1.0,0.6,2.5,2.7,31.3,110.0,117,,thompkl01
2023,Jalen Williams,SG,OKC,57,21,75,62,2276,8.6,16.6,0.521,1.5,4.3,0.356,7.1,12.3,0.579,0.567,3.2,4.0,0.812,1.8,5.3,7.0,5.2,2.1,0.7,2.6,4.0,22.0,118.0,114,ROY-2,willija06
2023,Lauri Markkanen,PF,UTA,58,25,66,66,2273,12.0,24.1,0.499,4.2,10.7,0.391,7.8,13.3,0.585,0.586,7.3,8.4,0.875,2.7,9.2,12.0,2.6,0.9,0.8,2.7,2.9,35.5,125.0,116,MIP-1AS,markkla01
2023,Max Strus,SF,MIA,59,26,80,33,2272,7.1,17.3,0.41,4.3,12.4,0.35,2.8,5.0,0.559,0.535,1.7,2.0,0.876,1.1,4.6,5.7,3.8,0.9,0.3,1.5,3.6,20.3,113.0,117,,strusma01
2023,Luguentz Dort,SF,OKC,60,23,74,73,2272,7.1,18.3,0.388,2.8,8.6,0.33,4.3,9.7,0.44,0.466,4.2,5.4,0.772,2.7,4.5,7.2,3.2,1.6,0.5,1.9,5.1,21.2,109.0,116,,dortlu01
2023,Nic Claxton,C,BRK,61,23,76,76,2271,8.9,12.6,0.705,0.0,0.0,0.0,8.9,12.6,0.708,0.705,2.9,5.3,0.541,4.0,11.1,15.1,3.1,1.4,4.1,2.1,4.6,20.7,132.0,108,DPOY-9,claxtni01
2023,Jerami Grant,PF,POR,62,28,63,63,2246,9.4,19.8,0.475,3.1,7.8,0.401,6.3,12.0,0.523,0.554,6.0,7.4,0.813,1.1,5.0,6.1,3.3,1.1,1.1,2.5,3.3,28.0,117.0,120,,grantje01
2023,Kyrie Irving,PG,BRK,63,30,60,60,2241,13.0,26.4,0.494,4.1,10.9,0.379,8.9,15.5,0.574,0.572,5.4,6.0,0.905,1.3,5.4,6.7,7.3,1.4,1.0,2.8,3.6,35.6,121.0,116,CPOY-12AS,irvinky01
2023,Kyle Kuzma,PF,WAS,64,27,64,64,2239,11.1,24.8,0.448,3.5,10.5,0.333,7.7,14.4,0.533,0.518,3.8,5.2,0.73,1.2,8.9,10.1,5.2,0.8,0.6,4.1,3.2,29.5,103.0,117,,kuzmaky01
2023,Caris LeVert,SG,CLE,65,28,74,30,2237,7.2,16.6,0.431,2.8,7.3,0.392,4.3,9.4,0.462,0.517,2.9,4.0,0.722,1.2,5.1,6.3,6.4,1.6,0.5,2.6,3.8,20.1,111.0,112,,leverca01
2023,Bennedict Mathurin,SG,IND,66,20,78,17,2222,8.8,20.3,0.434,2.1,6.6,0.323,6.7,13.7,0.488,0.487,8.0,9.7,0.828,1.9,4.9,6.8,2.5,1.0,0.3,3.2,3.5,27.8,109.0,121,ROY-46MOY-8,mathube01
2023,Terry Rozier,SG,CHO,67,28,63,63,2221,10.6,25.5,0.415,3.5,10.8,0.327,7.0,14.6,0.48,0.484,3.8,4.7,0.809,1.1,4.5,5.6,6.8,1.6,0.3,2.9,2.6,28.5,106.0,117,,roziete01
2023,Jarrett Allen,C,CLE,68,24,68,68,2220,9.1,14.1,0.644,0.0,0.2,0.1,9.1,13.9,0.653,0.645,3.7,5.0,0.733,5.0,10.1,15.0,2.6,1.2,1.9,2.1,3.5,21.9,132.0,108,,allenja01
2023,Dillon Brooks,SF,MEM,69,27,73,73,2214,8.4,21.3,0.396,3.1,9.4,0.326,5.3,11.8,0.451,0.468,2.6,3.3,0.779,1.0,4.3,5.2,4.1,1.4,0.3,2.2,5.1,22.5,102.0,114,DEF2,brookdi01
2023,Kevin Huerter,SG,SAC,70,24,75,75,2203,9.1,18.8,0.485,4.5,11.1,0.402,4.7,7.7,0.604,0.603,2.1,2.8,0.725,0.9,4.5,5.5,4.8,1.7,0.5,2.1,3.9,24.8,119.0,117,,huertke01
2023,Jrue Holiday,PG,MIL,71,32,67,65,2183,10.7,22.4,0.479,3.5,9.0,0.384,7.3,13.4,0.542,0.556,3.3,3.9,0.859,1.7,5.7,7.5,10.8,1.7,0.5,4.3,2.5,28.2,118.0,112,DPOY-7ASDEF1,holidjr01
2023,Alperen Şengün,C,HOU,72,20,75,72,2171,9.9,17.8,0.553,0.4,1.3,0.333,9.4,16.6,0.57,0.565,4.6,6.4,0.715,5.4,9.7,15.1,6.5,1.6,1.6,4.3,5.8,24.8,118.0,117,,sengual01
2023,Anfernee Simons,SG,POR,73,23,62,62,2171,10.5,23.4,0.447,4.8,12.6,0.377,5.7,10.8,0.528,0.548,3.6,4.0,0.894,0.4,3.2,3.6,5.7,0.9,0.3,2.9,3.2,29.3,113.0,123,,simonan01
2023,Ivica Zubac,C,LAC,74,25,76,76,2170,7.4,11.6,0.634,0.0,0.0,0.0,7.4,11.6,0.637,0.634,3.7,5.4,0.697,5.3,11.7,17.1,1.7,0.7,2.2,2.6,4.9,18.5,125.0,112,,zubaciv01
2023,Killian Hayes,PG,DET,75,21,76,56,2154,6.9,18.3,0.377,1.8,6.4,0.28,5.1,11.9,0.429,0.426,2.1,2.5,0.821,0.6,4.3,5.0,10.6,2.3,0.6,3.9,4.9,17.7,98.0,118,,hayeski01
2023,Tim Hardaway Jr.,SF,DAL,76,30,71,45,2152,7.9,19.6,0.401,4.9,12.7,0.385,3.0,6.9,0.431,0.527,2.9,3.8,0.77,0.5,5.3,5.8,3.0,1.1,0.3,1.4,2.8,23.5,110.0,119,,hardati02
2023,De'Anthony Melton,SG,PHI,77,24,77,58,2150,6.4,15.0,0.425,3.6,9.3,0.39,2.8,5.7,0.484,0.546,1.6,2.0,0.793,1.6,5.6,7.2,4.5,2.9,0.9,2.4,4.4,18.0,111.0,111,,meltode01
2023,Rudy Gobert,C,MIN,78,30,70,70,2148,8.0,12.1,0.659,0.0,0.1,0.0,8.0,12.0,0.663,0.659,4.8,7.5,0.644,5.1,12.9,18.0,1.9,1.2,2.1,2.7,4.6,20.8,127.0,109,,goberru01
2023,Jimmy Butler,PF,MIA,79,33,64,64,2138,11.2,20.7,0.539,0.8,2.4,0.35,10.3,18.3,0.564,0.56,11.0,12.9,0.85,3.3,5.5,8.7,7.9,2.7,0.5,2.4,1.9,34.2,135.0,112,MVP-10DPOY-12CPOY-2NBA2,butleji01
2023,James Harden,PG,PHI,80,33,58,58,2135,8.6,19.5,0.441,3.7,9.7,0.385,4.9,9.8,0.495,0.536,7.3,8.4,0.867,0.9,7.3,8.2,14.3,1.6,0.7,4.5,2.6,28.2,123.0,113,,hardeja01
2023,Jamal Murray,PG,DEN,81,25,65,65,2133,10.8,23.9,0.454,3.9,9.9,0.398,6.9,14.0,0.494,0.537,4.1,5.0,0.833,1.1,4.8,5.9,9.2,1.5,0.4,3.3,2.4,29.8,116.0,116,,murraja01
2023,John Collins,PF,ATL,82,25,71,71,2130,8.0,15.8,0.508,1.6,5.4,0.292,6.5,10.5,0.619,0.557,3.2,4.0,0.803,1.7,8.6,10.3,1.9,0.9,1.6,1.8,4.9,20.8,117.0,115,,collijo01
2023,Saddiq Bey,SF,DET,83,23,77,37,2129,8.0,18.9,0.422,3.4,9.5,0.361,4.6,9.5,0.483,0.513,4.6,5.4,0.861,2.2,6.0,8.2,2.7,1.6,0.3,1.6,2.8,24.1,117.0,119,,beysa01
2023,De'Andre Hunter,SF,ATL,84,25,67,67,2126,8.5,18.4,0.461,2.2,6.4,0.35,6.3,12.0,0.521,0.522,3.8,4.6,0.826,1.0,5.3,6.4,2.1,0.8,0.4,1.8,4.5,23.1,112.0,119,,huntede01
2023,Russell Westbrook,PG,LAL,85,34,73,24,2126,9.7,22.3,0.436,2.0,6.4,0.311,7.7,15.9,0.487,0.481,4.6,7.1,0.656,2.0,7.5,9.5,12.4,1.7,0.7,5.7,3.6,26.1,104.0,113,6MOY-9,westbru01
2023,Quentin Grimes,SG,NYK,86,22,71,66,2121,6.6,14.0,0.468,3.7,9.5,0.386,2.9,4.5,0.641,0.599,1.8,2.3,0.796,1.1,4.2,5.3,3.5,1.1,0.6,1.6,4.1,18.6,125.0,117,,grimequ01
2023,Kristaps Porziņģis,C,WAS,87,27,65,65,2120,11.6,23.4,0.498,3.1,8.2,0.385,8.5,15.2,0.559,0.565,8.1,9.6,0.851,2.6,9.9,12.5,4.0,1.3,2.3,3.1,4.5,34.6,121.0,113,,porzikr01
2023,Gary Trent Jr.,SG,TOR,88,24,66,44,2118,9.5,21.8,0.433,3.9,10.5,0.369,5.6,11.3,0.493,0.522,4.0,4.8,0.839,0.7,3.3,4.0,2.5,2.4,0.3,1.3,2.4,26.8,116.0,116,,trentga02
2023,Damian Lillard,PG,POR,89,32,58,58,2107,12.9,27.8,0.463,5.6,15.2,0.371,7.2,12.6,0.574,0.564,11.8,12.9,0.914,1.0,5.4,6.4,9.8,1.2,0.4,4.4,2.5,43.1,126.0,121,CPOY-10ASNBA3,lillada01
2023,Ayo Dosunmu,SG,CHI,90,23,80,51,2098,6.5,13.2,0.493,1.4,4.4,0.312,5.2,8.8,0.583,0.545,1.5,1.9,0.805,1.0,4.1,5.1,4.8,1.4,0.6,2.3,4.2,16.0,109.0,115,,dosunay01
2023,Corey Kispert,SF,WAS,91,23,74,45,2093,6.8,13.6,0.497,3.8,8.9,0.424,3.0,4.7,0.637,0.637,1.7,2.0,0.852,0.8,4.0,4.8,2.0,0.7,0.2,1.3,2.3,19.1,124.0,120,,kispeco01
2023,Malik Beasley,SG,UTA,92,26,81,27,2093,8.4,21.3,0.395,5.4,15.0,0.357,3.1,6.4,0.484,0.52,1.1,1.5,0.769,0.8,5.6,6.4,2.8,1.5,0.2,2.0,2.4,23.3,105.0,117,,beaslma01
2023,Caleb Martin,SF,MIA,93,27,71,49,2077,6.1,13.2,0.464,2.0,5.7,0.356,4.1,7.5,0.545,0.54,2.2,2.7,0.805,2.1,6.1,8.3,2.8,1.7,0.7,1.9,3.5,16.4,113.0,113,,martica02
2023,Andrew Nembhard,SG,IND,94,23,75,63,2073,6.5,14.7,0.441,2.1,6.0,0.35,4.4,8.7,0.504,0.512,1.1,1.4,0.79,0.8,3.8,4.6,7.8,1.6,0.3,2.9,4.1,16.2,108.0,120,,nembhan01
2023,Keldon Johnson,SF,SAS,95,23,63,63,2063,11.5,25.5,0.452,3.1,9.3,0.329,8.4,16.2,0.523,0.512,5.6,7.5,0.749,1.3,6.0,7.3,4.2,1.1,0.3,3.1,2.9,31.7,108.0,122,,johnske04
2023,Aaron Gordon,PF,DEN,96,27,68,68,2055,10.2,18.1,0.564,1.4,4.1,0.347,8.8,14.0,0.628,0.603,4.5,7.5,0.608,3.9,6.7,10.6,4.8,1.3,1.2,2.3,3.1,26.4,124.0,115,,gordoaa01
2023,Mason Plumlee,C,CHO,97,32,79,60,2054,7.7,11.3,0.68,0.0,0.0,,7.7,11.3,0.68,0.68,4.6,7.3,0.636,5.3,11.0,16.3,5.7,1.1,1.1,2.7,5.1,20.0,134.0,114,,plumlma01
2023,Grant Williams,PF,BOS,98,24,79,23,2045,5.1,11.3,0.454,2.7,6.9,0.395,2.4,4.4,0.546,0.575,2.2,2.9,0.77,2.1,6.6,8.7,3.1,1.0,0.7,2.0,4.6,15.3,118.0,113,,willigr01
2023,Deandre Ayton,C,PHO,99,24,67,67,2035,12.5,21.3,0.589,0.2,0.6,0.292,12.4,20.7,0.597,0.592,3.7,4.8,0.76,4.1,11.9,16.0,2.8,0.9,1.3,2.9,4.6,28.9,119.0,111,,aytonde01
2023,Mike Conley,PG,UTA,100,35,67,66,2029,6.1,14.3,0.428,3.2,8.2,0.385,3.0,6.1,0.486,0.539,3.3,4.0,0.834,0.8,3.5,4.3,10.6,1.7,0.3,2.4,3.3,18.7,125.0,118,,conlemi01
2023,Giannis Antetokounmpo,PF,MIL,101,28,63,63,2024,16.7,30.1,0.553,1.1,4.0,0.275,15.6,26.1,0.596,0.572,11.7,18.2,0.645,3.2,14.3,17.5,8.5,1.2,1.2,5.8,4.6,46.2,117.0,108,MVP-3DPOY-6ASNBA1,antetgi01
2023,Kevin Porter Jr.,PG,HOU,102,22,59,59,2024,9.4,21.2,0.442,3.4,9.2,0.366,6.0,12.0,0.501,0.522,5.0,6.3,0.784,1.8,5.7,7.5,8.1,2.0,0.4,4.5,3.7,27.1,112.0,120,,porteke02
2023,Deni Avdija,SF,WAS,103,22,76,40,2020,6.1,14.0,0.437,1.7,5.6,0.297,4.4,8.4,0.53,0.497,2.9,4.0,0.739,1.8,10.0,11.7,5.1,1.6,0.7,3.0,5.0,16.8,106.0,114,,avdijde01
2023,Tyrese Maxey,SG,PHI,104,22,60,41,2016,10.8,22.4,0.481,3.9,9.1,0.434,6.9,13.4,0.513,0.568,4.4,5.2,0.845,0.6,3.8,4.3,5.2,1.2,0.2,2.0,3.2,29.9,120.0,117,,maxeyty01
2023,Dorian Finney-Smith,PF,DAL,105,29,66,66,2009,4.8,12.3,0.391,2.8,8.3,0.337,2.0,4.0,0.503,0.505,1.1,1.5,0.763,2.8,5.0,7.8,2.5,1.4,0.9,1.5,3.5,13.5,109.0,117,,finnedo01
2023,Jordan Clarkson,SG,UTA,106,30,61,61,1988,11.0,24.8,0.444,3.7,11.0,0.338,7.3,13.7,0.53,0.519,4.8,5.9,0.816,1.7,4.2,5.9,6.5,0.8,0.3,4.5,2.9,30.5,109.0,120,,clarkjo01
2023,Dennis Schröder,PG,LAL,107,29,66,50,1986,6.4,15.5,0.415,1.8,5.4,0.329,4.7,10.1,0.461,0.472,5.2,6.0,0.857,0.5,3.4,3.9,7.1,1.2,0.2,2.7,3.5,19.8,112.0,117,,schrode01
2023,Tre Jones,PG,SAS,108,23,68,65,1984,8.1,17.7,0.459,1.1,3.8,0.285,7.0,13.9,0.506,0.489,3.5,4.1,0.86,1.3,4.5,5.8,10.7,2.1,0.2,2.6,2.3,20.8,117.0,120,,jonestr01
2023,Grayson Allen,SG,MIL,109,27,72,70,1972,5.9,13.5,0.44,3.5,8.9,0.399,2.4,4.6,0.518,0.571,2.8,3.1,0.905,1.5,4.3,5.7,3.9,1.5,0.3,1.7,2.8,18.2,123.0,114,,allengr01
2023,Jonas Valančiūnas,C,NOP,110,30,79,79,1968,11.0,20.1,0.547,0.9,2.7,0.349,10.0,17.4,0.577,0.57,4.6,5.5,0.826,5.5,14.3,19.8,3.4,0.5,1.3,3.9,6.0,27.5,116.0,110,,valanjo01
2023,Eric Gordon,SG,HOU,111,34,69,58,1965,7.2,16.2,0.446,3.3,8.8,0.371,3.9,7.3,0.535,0.547,3.5,4.3,0.821,0.4,2.9,3.3,4.5,1.1,0.6,2.6,1.9,21.2,115.0,122,,gordoer01
2023,Kevon Looney,C,GSW,112,26,82,70,1958,5.8,9.3,0.63,0.0,0.0,0.0,5.8,9.2,0.632,0.63,2.3,3.7,0.606,6.6,11.7,18.3,5.0,1.3,1.2,1.1,5.4,13.9,147.0,111,,looneke01
2023,Kyle Anderson,PF,MIN,113,29,69,46,1957,6.1,12.0,0.509,1.0,2.5,0.41,5.1,9.5,0.536,0.553,2.4,3.3,0.735,1.6,7.3,8.9,8.1,1.9,1.5,2.5,3.5,15.7,120.0,112,,anderky01
2023,Marcus Smart,PG,BOS,114,28,61,61,1957,6.2,15.0,0.415,2.9,8.5,0.336,3.4,6.5,0.519,0.511,2.2,2.9,0.746,1.1,3.6,4.8,9.5,2.3,0.6,3.6,4.3,17.5,111.0,112,,smartma01
2023,LeBron James,PF,LAL,115,38,55,54,1954,14.8,29.6,0.5,2.9,9.1,0.321,11.8,20.4,0.58,0.549,6.1,7.9,0.768,1.6,9.5,11.1,9.1,1.2,0.8,4.3,2.1,38.6,114.0,113,ASNBA3,jamesle01
2023,Herbert Jones,PF,NOP,116,24,66,66,1951,5.8,12.4,0.469,1.4,4.1,0.335,4.4,8.3,0.536,0.525,3.1,4.0,0.764,2.4,4.3,6.7,4.0,2.6,1.0,2.2,5.2,16.1,115.0,112,,joneshe01
2023,Torrey Craig,PF,PHO,117,32,79,60,1948,5.7,12.5,0.456,2.5,6.3,0.395,3.2,6.2,0.518,0.556,0.8,1.1,0.711,3.6,7.0,10.7,2.9,1.3,1.6,1.8,4.5,14.8,116.0,113,,craigto01
2023,Ja Morant,PG,MEM,118,23,61,59,1948,13.8,29.6,0.466,2.2,7.3,0.307,11.6,22.3,0.519,0.504,9.1,12.1,0.748,1.5,7.2,8.7,12.0,1.6,0.4,5.0,2.4,38.9,114.0,112,MVP-12AS,moranja01
2023,Kelly Olynyk,C,UTA,119,31,68,68,1942,6.8,13.7,0.499,2.3,5.8,0.394,4.6,7.9,0.576,0.583,4.9,5.7,0.853,2.0,8.3,10.3,6.2,1.5,0.9,4.1,5.7,20.8,118.0,115,,olynyke01
2023,Stephen Curry,PG,GSW,120,34,56,56,1941,13.6,27.6,0.493,6.6,15.5,0.427,7.0,12.0,0.579,0.614,6.3,6.8,0.915,0.9,7.3,8.3,8.6,1.3,0.5,4.4,2.8,40.1,123.0,115,MVP-9CPOY-9ASNBA2,curryst01
2023,Tyus Jones,PG,MEM,121,26,80,22,1940,7.6,17.4,0.438,3.0,8.0,0.371,4.7,9.4,0.495,0.523,2.0,2.4,0.8,0.7,4.2,4.9,10.2,2.0,0.1,1.8,0.8,20.1,122.0,113,6MOY-6,jonesty01
2023,Paul George,SF,LAC,122,32,56,56,1939,11.6,25.4,0.457,4.0,10.8,0.371,7.6,14.6,0.521,0.536,6.5,7.4,0.871,1.1,7.5,8.6,7.3,2.1,0.5,4.4,4.0,33.7,113.0,113,AS,georgpa01
2023,Al Horford,C,BOS,123,36,63,63,1922,5.8,12.1,0.476,3.7,8.2,0.446,2.1,3.9,0.539,0.627,0.4,0.5,0.714,1.9,8.0,9.9,4.8,0.8,1.5,0.9,3.1,15.6,133.0,112,,horfoal01
2023,P.J. Tucker,PF,PHI,124,37,75,75,1920,2.5,5.8,0.427,1.4,3.6,0.393,1.1,2.2,0.482,0.549,0.5,0.6,0.826,2.5,5.2,7.6,1.5,1.0,0.4,1.1,4.6,6.9,117.0,116,,tuckepj01
2023,Jalen McDaniels,SF,CHO,125,25,80,24,1913,7.1,15.5,0.455,1.9,5.8,0.332,5.1,9.7,0.53,0.518,2.9,3.5,0.841,1.6,7.1,8.7,3.3,2.1,0.9,2.3,5.2,18.9,108.0,114,,mcdanja01
2023,Jakob Poeltl,C,SAS,126,27,72,71,1906,9.8,15.6,0.629,0.0,0.0,0.0,9.8,15.5,0.63,0.629,3.0,5.1,0.592,5.9,10.5,16.5,5.0,1.7,2.2,3.1,4.9,22.6,123.0,114,,poeltja01
2023,Anthony Davis,C,LAL,127,29,56,54,1904,13.5,23.9,0.563,0.5,1.8,0.257,13.0,22.1,0.589,0.573,8.7,11.0,0.784,4.9,12.6,17.5,3.7,1.5,2.8,3.0,3.6,36.1,124.0,108,,davisan02
2023,Donte DiVincenzo,SG,GSW,128,26,72,36,1894,5.9,13.5,0.435,3.7,9.4,0.397,2.1,4.0,0.525,0.574,1.4,1.8,0.817,2.0,6.1,8.1,6.3,2.4,0.2,2.8,3.3,16.9,117.0,113,,divindo01
2023,Bojan Bogdanović,PF,DET,129,33,59,59,1893,11.0,22.6,0.488,3.7,9.0,0.411,7.3,13.5,0.539,0.57,6.9,7.8,0.884,0.9,4.8,5.7,3.9,0.9,0.2,3.5,2.9,32.6,118.0,122,,bogdabo02
2023,Chris Paul,PG,PHO,130,37,59,59,1889,7.6,17.3,0.44,2.5,6.8,0.375,5.1,10.5,0.482,0.513,3.4,4.1,0.831,0.7,5.8,6.5,13.6,2.4,0.6,2.9,3.3,21.2,122.0,112,,paulch01
2023,Tyrese Haliburton,PG,IND,131,22,56,56,1883,10.4,21.2,0.49,4.1,10.1,0.4,6.3,11.1,0.572,0.586,4.4,5.1,0.871,0.8,4.3,5.2,14.7,2.3,0.6,3.6,1.7,29.2,129.0,118,AS,halibty01
2023,Jarred Vanderbilt,PF,UTA,132,23,78,65,1879,6.3,11.4,0.548,0.7,2.3,0.322,5.5,9.2,0.604,0.58,2.4,3.5,0.691,4.3,10.4,14.8,4.7,2.1,0.5,2.5,4.8,15.7,123.0,112,,vandeja01
2023,Terance Mann,SG,LAC,133,26,81,36,1872,7.1,13.7,0.519,2.0,5.2,0.389,5.1,8.5,0.598,0.593,2.4,3.1,0.78,2.0,5.2,7.2,4.8,1.1,0.6,2.1,3.9,18.7,123.0,117,,mannte01
2023,Troy Brown Jr.,SF,LAL,134,23,76,45,1860,5.1,11.8,0.43,2.7,7.2,0.381,2.4,4.7,0.505,0.545,0.9,1.0,0.872,1.6,6.3,7.8,2.4,1.5,0.4,1.2,3.1,13.8,113.0,115,,browntr01
2023,Onyeka Okongwu,C,ATL,135,22,80,18,1849,8.2,12.8,0.638,0.1,0.3,0.308,8.1,12.5,0.647,0.642,3.9,5.1,0.781,5.6,9.3,14.9,2.1,1.4,2.8,2.1,6.5,20.4,134.0,112,,okongon01
2023,Austin Reaves,SG,LAL,136,24,64,22,1843,6.7,12.6,0.529,2.2,5.6,0.398,4.4,7.0,0.631,0.616,5.9,6.8,0.864,0.8,4.1,5.0,5.5,0.8,0.5,2.5,2.8,21.4,129.0,117,6MOY-7,reaveau01
2023,Desmond Bane,SG,MEM,137,24,58,58,1841,11.6,24.2,0.479,4.3,10.5,0.408,7.3,13.7,0.534,0.568,4.7,5.3,0.883,1.1,6.4,7.5,6.6,1.4,0.6,3.3,3.9,32.2,119.0,113,,banede01
2023,Devin Booker,SG,PHO,138,26,53,53,1835,14.0,28.4,0.494,3.0,8.4,0.351,11.1,20.0,0.554,0.546,8.1,9.5,0.855,1.2,5.2,6.4,7.8,1.4,0.5,3.9,4.2,39.2,119.0,115,,bookede01
2023,Marcus Morris,PF,LAC,139,33,65,65,1825,7.4,17.3,0.426,3.0,8.3,0.364,4.3,9.0,0.484,0.513,1.8,2.3,0.782,0.8,6.1,6.9,3.1,1.1,0.6,1.5,3.7,19.5,108.0,116,,morrima03
2023,Myles Turner,C,IND,140,26,62,62,1825,10.5,19.1,0.548,2.4,6.5,0.373,8.0,12.6,0.638,0.612,5.6,7.2,0.783,2.3,9.8,12.1,2.3,0.9,3.6,2.7,5.6,29.0,121.0,114,,turnemy01
2023,Bobby Portis,PF,MIL,141,27,70,22,1818,10.5,21.1,0.496,2.5,6.8,0.37,8.0,14.3,0.555,0.555,2.5,3.3,0.768,4.0,13.6,17.6,2.8,0.8,0.4,2.1,3.0,25.9,117.0,110,6MOY-3,portibo01
2023,Aaron Nesmith,SF,IND,142,23,73,60,1816,6.6,15.4,0.427,3.0,8.2,0.366,3.6,7.2,0.496,0.525,3.1,3.7,0.838,1.6,5.6,7.2,2.6,1.4,0.9,2.0,6.1,19.3,111.0,119,,nesmiaa01
2023,Patrick Beverley,SG,LAL,143,34,67,67,1816,3.8,9.5,0.4,2.1,6.3,0.335,1.7,3.2,0.529,0.511,1.2,1.7,0.723,1.2,5.3,6.5,5.1,1.7,1.1,1.6,4.9,10.9,113.0,113,,beverpa01
2023,Jevon Carter,PG,MIL,144,27,81,39,1810,6.3,14.9,0.423,3.7,8.9,0.421,2.6,6.0,0.425,0.549,0.8,1.0,0.816,0.9,4.4,5.3,5.2,1.7,0.8,2.1,4.2,17.2,113.0,113,,carteje01
2023,Michael Porter Jr.,SF,DEN,145,24,62,62,1798,10.8,22.2,0.487,5.1,12.4,0.414,5.7,9.9,0.579,0.602,2.6,3.3,0.8,1.7,7.5,9.3,1.8,1.0,0.8,1.8,3.2,29.4,118.0,115,,portemi01
2023,Naji Marshall,SF,NOP,146,25,77,21,1792,6.7,15.4,0.433,1.8,5.9,0.303,4.9,9.5,0.513,0.49,3.7,4.7,0.789,1.3,6.2,7.5,5.1,1.5,0.4,2.6,3.1,18.9,109.0,114,,marshna01
2023,Jaren Jackson Jr.,C,MEM,147,23,63,63,1787,11.1,21.8,0.506,2.7,7.5,0.355,8.4,14.3,0.585,0.567,6.4,8.1,0.788,2.9,8.5,11.3,1.6,1.7,5.0,2.8,6.0,31.2,118.0,105,DPOY-1ASDEF1,jacksja02
2023,Shaedon Sharpe,SG,POR,148,19,80,15,1779,8.4,17.7,0.472,2.8,7.7,0.36,5.6,10.0,0.559,0.551,2.1,2.9,0.714,1.7,4.7,6.5,2.6,1.0,0.7,2.3,3.7,21.6,109.0,121,,sharpsh01
2023,Markelle Fultz,PG,ORL,149,24,60,60,1778,9.5,18.5,0.514,0.7,2.4,0.31,8.8,16.1,0.544,0.534,3.0,3.9,0.783,1.9,4.5,6.4,9.3,2.4,0.7,3.8,3.6,22.8,113.0,114,,fultzma01
2023,Tari Eason,PF,HOU,150,21,82,5,1767,8.1,18.1,0.448,1.6,4.7,0.343,6.5,13.4,0.486,0.493,3.0,4.0,0.752,5.3,8.3,13.6,2.4,2.6,1.3,2.8,5.2,20.9,110.0,115,,easonta01
2023,Gabe Vincent,PG,MIA,151,26,68,34,1759,6.5,16.1,0.402,3.3,9.9,0.334,3.1,6.2,0.512,0.505,1.9,2.2,0.872,0.8,3.3,4.1,4.7,1.8,0.1,2.6,4.4,18.2,104.0,115,,vincega01
2023,Kawhi Leonard,SF,LAC,152,31,52,50,1748,12.5,24.4,0.512,2.9,7.0,0.416,9.6,17.4,0.551,0.572,6.8,7.8,0.871,1.6,7.9,9.5,5.7,2.0,0.8,2.5,2.4,34.7,125.0,113,,leonaka01
2023,Malcolm Brogdon,PG,BOS,153,30,67,0,1744,9.9,20.5,0.484,3.7,8.3,0.444,6.2,12.2,0.51,0.574,4.5,5.1,0.87,1.2,6.7,7.8,6.9,1.3,0.5,2.7,3.0,28.0,122.0,113,6MOY-1,brogdma01
2023,Christian Wood,C,DAL,154,27,67,17,1738,11.3,22.0,0.515,3.0,8.0,0.376,8.3,14.0,0.594,0.583,6.2,8.0,0.772,2.5,11.6,14.0,3.5,0.9,2.1,3.5,4.8,31.9,116.0,113,6MOY-9,woodch01
2023,Coby White,SG,CHI,155,22,74,2,1730,7.4,16.7,0.443,3.6,9.7,0.372,3.8,7.0,0.54,0.551,1.7,2.0,0.871,0.5,5.5,6.0,5.7,1.5,0.2,2.1,3.4,20.1,113.0,114,,whiteco01
2023,Clint Capela,C,ATL,156,28,65,63,1730,9.6,14.8,0.653,0.0,0.0,0.0,9.6,14.7,0.654,0.653,2.2,3.6,0.603,7.1,12.6,19.8,1.6,1.2,2.2,1.5,3.8,21.5,136.0,112,,capelca01
2023,Malik Monk,SG,SAC,157,24,77,0,1719,9.9,22.2,0.448,4.0,11.1,0.359,6.0,11.1,0.538,0.538,5.1,5.8,0.889,0.9,4.8,5.7,8.3,1.4,0.6,4.1,3.5,29.0,114.0,118,6MOY-5,monkma01
2023,Kyle Lowry,PG,MIA,158,36,55,44,1718,5.7,14.1,0.404,3.1,9.0,0.345,2.6,5.1,0.509,0.514,3.4,3.9,0.859,1.2,5.3,6.5,8.2,1.7,0.6,3.0,4.2,17.8,114.0,114,,lowryky01
2023,Nicolas Batum,PF,LAC,159,34,78,19,1709,4.6,10.9,0.42,3.6,9.1,0.391,1.0,1.8,0.563,0.583,1.0,1.4,0.708,1.8,6.8,8.6,3.5,1.5,1.3,1.4,4.3,13.7,120.0,114,,batumni01
2023,Walker Kessler,C,UTA,160,21,74,40,1703,8.4,11.6,0.72,0.0,0.1,0.333,8.3,11.5,0.723,0.721,2.3,4.5,0.516,6.5,10.9,17.4,1.9,0.7,4.9,1.6,4.7,19.0,140.0,111,ROY-3,kesslwa01
2023,Monte Morris,PG,WAS,161,27,62,61,1695,7.1,14.8,0.48,2.2,5.9,0.382,4.9,8.9,0.543,0.555,1.8,2.2,0.831,0.7,5.3,6.0,9.4,1.2,0.4,1.7,2.2,18.3,125.0,118,,morrimo01
2023,Wendell Carter Jr.,C,ORL,162,23,57,54,1690,9.2,17.5,0.525,2.3,6.4,0.356,6.9,11.1,0.624,0.591,4.1,5.6,0.738,3.4,10.8,14.2,3.8,0.9,0.9,3.0,4.5,24.8,119.0,113,,cartewe01
2023,Santi Aldama,PF,MEM,163,22,77,20,1682,7.0,14.8,0.47,2.7,7.5,0.353,4.3,7.3,0.591,0.56,3.0,4.1,0.75,2.4,8.1,10.5,2.7,1.3,1.4,1.7,4.0,19.7,120.0,111,,aldamsa01
2023,Bradley Beal,SG,WAS,164,29,50,50,1673,12.9,25.6,0.506,2.3,6.4,0.365,10.6,19.2,0.552,0.551,5.6,6.6,0.842,1.2,4.5,5.7,7.9,1.3,1.0,4.2,3.1,33.8,114.0,117,,bealbr01
2023,Kevin Durant,PF,BRK,165,34,47,47,1672,14.1,25.2,0.56,2.7,6.7,0.404,11.4,18.5,0.617,0.614,9.0,9.8,0.919,0.5,8.6,9.1,6.9,1.0,2.0,4.6,2.9,39.9,123.0,113,AS,duranke01
2023,Jalen Duren,C,DET,166,19,67,31,1670,7.5,11.6,0.648,0.0,0.1,0.0,7.5,11.5,0.652,0.648,2.8,4.6,0.611,6.6,10.6,17.3,2.2,1.3,1.7,2.7,5.3,17.8,126.0,116,,durenja01
2023,Reggie Jackson,PG,LAC,167,32,68,40,1657,7.8,18.9,0.411,2.8,8.5,0.333,4.9,10.4,0.474,0.486,2.1,2.3,0.91,0.7,3.5,4.3,6.9,1.4,0.2,3.4,3.4,20.5,103.0,118,,jacksre01
2023,Isaac Okoro,SF,CLE,168,22,76,46,1652,5.3,10.7,0.494,1.9,5.2,0.363,3.4,5.6,0.617,0.582,2.4,3.1,0.757,1.6,4.1,5.7,2.6,1.7,0.9,1.3,4.8,14.9,123.0,112,,okorois01
2023,Isaiah Hartenstein,C,NYK,169,24,82,8,1626,5.3,9.9,0.535,0.2,1.1,0.216,5.1,8.8,0.576,0.547,1.5,2.2,0.676,6.4,9.9,16.3,3.1,1.6,1.9,2.0,6.5,12.3,124.0,111,,harteis01
2023,Daniel Gafford,C,WAS,170,24,78,47,1604,8.8,12.0,0.732,0.0,0.0,,8.8,12.0,0.732,0.732,3.9,5.7,0.679,4.9,8.2,13.1,2.6,1.0,3.0,2.6,5.7,21.4,135.0,113,,gaffoda01
2023,Mitchell Robinson,C,NYK,171,24,59,58,1591,5.8,8.7,0.671,0.0,0.0,,5.8,8.7,0.671,0.671,1.8,3.8,0.484,8.3,8.9,17.2,1.6,1.7,3.4,1.3,5.0,13.5,142.0,110,,robinmi01
2023,Drew Eubanks,C,POR,172,25,78,28,1584,6.6,10.3,0.641,0.2,0.6,0.389,6.4,9.7,0.655,0.651,2.6,3.8,0.664,4.1,8.8,12.9,3.2,1.2,3.1,2.1,5.2,15.9,130.0,115,,eubandr01
2023,Gordon Hayward,SF,CHO,173,32,50,50,1577,8.3,17.5,0.475,1.6,4.8,0.325,6.8,12.7,0.532,0.52,3.9,4.8,0.811,1.0,5.5,6.5,6.2,1.3,0.4,3.0,2.1,22.1,110.0,118,,haywago01
2023,Alex Caruso,PG,CHI,174,28,67,36,1575,4.0,8.8,0.455,1.7,4.7,0.364,2.3,4.2,0.556,0.551,1.8,2.3,0.808,1.3,4.8,6.1,6.0,3.0,1.4,2.4,4.9,11.6,115.0,109,DPOY-11DEF1,carusal01
2023,Shake Milton,SG,PHI,175,26,76,11,1567,7.6,15.9,0.479,1.8,4.7,0.378,5.8,11.2,0.521,0.535,3.1,3.7,0.853,1.2,4.8,6.0,7.6,0.8,0.4,3.0,3.9,20.1,115.0,117,,miltosh01
2023,Norman Powell,SG,LAC,176,29,60,8,1567,10.6,22.2,0.479,3.6,9.0,0.397,7.1,13.2,0.534,0.559,7.0,8.7,0.812,0.8,4.7,5.5,3.4,1.6,0.6,3.2,3.9,31.9,115.0,116,6MOY-4,powelno01
2023,Cole Anthony,PG,ORL,177,22,60,4,1552,8.6,19.0,0.454,2.3,6.4,0.364,6.3,12.6,0.5,0.516,4.7,5.3,0.894,1.5,7.5,9.0,7.3,1.2,1.0,2.8,4.9,24.3,117.0,115,,anthoco01
2023,Malaki Branham,SG,SAS,178,19,66,32,1550,8.2,18.6,0.44,2.3,7.8,0.302,5.9,10.8,0.539,0.503,1.8,2.1,0.829,0.9,4.7,5.5,3.9,1.0,0.2,2.3,3.5,20.5,103.0,123,,branhma01
2023,Cedi Osman,SF,CLE,179,27,77,2,1548,7.7,17.2,0.451,3.8,10.1,0.372,4.0,7.1,0.564,0.56,2.4,3.5,0.694,0.8,4.9,5.7,3.7,1.1,0.4,1.7,4.0,21.7,115.0,113,,osmande01
2023,Kelly Oubre Jr.,SF,CHO,180,27,48,40,1548,10.9,25.2,0.431,3.3,10.4,0.319,7.5,14.8,0.51,0.497,4.9,6.4,0.76,2.0,5.7,7.7,1.7,2.1,0.6,2.0,4.3,29.9,106.0,115,,oubreke01
2023,Josh Green,SG,DAL,181,22,60,21,1539,6.6,12.3,0.537,2.2,5.5,0.402,4.4,6.9,0.643,0.626,2.2,3.0,0.723,1.8,4.1,5.9,3.3,1.4,0.2,2.3,5.0,17.6,119.0,119,,greenjo02
2023,Brandon Ingram,SF,NOP,182,25,45,45,1538,12.7,26.3,0.484,2.0,5.2,0.39,10.7,21.1,0.507,0.522,7.6,8.6,0.882,0.7,7.0,7.8,8.3,1.0,0.6,4.7,3.7,35.0,112.0,114,,ingrabr01
2023,Josh Richardson,SG,SAS,183,29,65,10,1530,7.4,17.3,0.431,3.3,9.1,0.365,4.1,8.1,0.506,0.528,2.1,2.5,0.852,1.3,4.2,5.5,5.4,2.1,0.6,2.7,3.6,20.4,110.0,118,,richajo01
2023,Joe Harris,SF,BRK,184,31,74,33,1527,6.4,14.1,0.457,4.5,10.6,0.426,1.9,3.4,0.551,0.618,0.6,0.9,0.643,0.7,4.5,5.2,3.2,1.1,0.4,1.3,4.5,18.0,119.0,117,,harrijo01
2023,T.J. McConnell,PG,IND,185,30,75,6,1526,8.8,16.2,0.543,0.8,1.8,0.441,8.0,14.4,0.556,0.568,1.8,2.1,0.853,1.4,5.9,7.3,12.4,2.5,0.3,4.4,3.3,20.2,116.0,117,,mccontj01
2023,Chris Boucher,PF,TOR,186,30,76,0,1523,8.5,17.2,0.493,2.0,6.1,0.328,6.5,11.0,0.585,0.552,4.2,5.5,0.762,5.1,8.6,13.7,0.9,1.5,2.1,1.3,4.6,23.1,125.0,112,,bouchch01
2023,Georges Niang,PF,PHI,187,29,78,1,1512,7.3,16.4,0.442,5.0,12.6,0.401,2.2,3.9,0.576,0.596,1.3,1.5,0.867,0.6,5.4,6.1,2.5,1.0,0.5,1.8,4.8,20.9,114.0,116,,niangge01
2023,Bogdan Bogdanović,SG,ATL,188,30,54,9,1508,8.6,19.3,0.447,4.6,11.4,0.406,4.0,7.9,0.506,0.566,2.0,2.4,0.831,0.7,4.5,5.2,4.7,1.4,0.6,2.1,2.7,23.9,117.0,118,,bogdabo01
2023,Damion Lee,SG,PHO,189,30,74,5,1506,6.5,14.7,0.442,3.6,8.0,0.445,2.9,6.7,0.439,0.564,3.1,3.4,0.904,1.3,6.0,7.3,3.2,1.0,0.2,2.5,3.8,19.6,114.0,116,,leeda03
2023,Bol Bol,PF,ORL,190,23,70,33,1505,8.4,15.4,0.546,1.0,3.6,0.265,7.4,11.7,0.633,0.577,2.6,3.5,0.759,2.2,10.8,13.0,2.2,1.0,2.7,3.6,3.0,20.4,106.0,111,,bolbo01
2023,John Konchar,SF,MEM,191,26,72,23,1494,4.4,10.2,0.431,1.9,5.6,0.339,2.5,4.5,0.545,0.525,0.9,1.1,0.778,2.0,7.8,9.9,3.2,2.4,0.8,1.2,3.6,11.6,117.0,109,,konchjo01
2023,Rui Hachimura,PF,WAS,192,24,63,9,1466,9.3,19.1,0.486,1.7,5.2,0.319,7.6,13.9,0.55,0.53,2.9,3.9,0.739,1.7,7.5,9.3,1.9,0.6,0.9,1.7,2.4,23.2,109.0,116,,hachiru01
2023,Dwight Powell,C,DAL,193,31,76,64,1458,6.7,9.2,0.732,0.0,0.2,0.0,6.7,9.0,0.746,0.732,3.8,5.7,0.667,5.1,5.6,10.7,2.4,1.6,0.9,2.2,7.1,17.3,140.0,116,,poweldw01
2023,Jeremy Sochan,PF,SAS,194,19,56,53,1458,8.1,17.9,0.453,1.1,4.3,0.246,7.0,13.5,0.519,0.483,2.6,3.8,0.698,3.1,6.5,9.6,4.6,1.4,0.7,3.1,4.5,19.9,103.0,120,,sochaje01
2023,Keita Bates-Diop,PF,SAS,195,27,67,42,1452,7.7,15.1,0.508,1.8,4.6,0.394,5.9,10.5,0.557,0.568,3.9,4.9,0.793,2.1,6.0,8.1,3.4,1.5,0.7,1.8,2.0,21.0,121.0,120,,bateske01
2023,Davion Mitchell,PG,SAC,196,24,80,9,1447,6.0,13.2,0.454,2.1,6.5,0.32,3.9,6.7,0.584,0.533,0.8,1.0,0.806,0.5,2.9,3.5,6.1,1.5,0.5,2.1,3.7,14.9,111.0,119,,mitchda01
2023,Pat Connaughton,SF,MIL,197,30,61,33,1443,5.5,13.9,0.392,3.6,10.7,0.339,1.9,3.3,0.566,0.521,0.9,1.4,0.659,1.7,7.7,9.4,2.5,1.2,0.4,1.1,2.3,15.4,112.0,113,,connapa01
2023,Zach Collins,C,SAS,198,25,63,26,1441,9.3,18.0,0.518,1.8,4.8,0.374,7.5,13.1,0.571,0.568,3.5,4.7,0.761,3.8,9.4,13.2,5.9,1.2,1.6,4.2,6.5,24.0,112.0,118,,colliza01
2023,Isaiah Stewart,C,DET,199,21,50,47,1414,6.7,15.1,0.442,2.3,7.0,0.327,4.4,8.1,0.542,0.518,3.8,5.1,0.738,3.9,9.9,13.8,2.4,0.7,1.2,2.3,4.6,19.4,113.0,118,,stewais01
2023,AJ Griffin,SF,ATL,200,19,72,12,1401,8.4,18.1,0.465,3.4,8.8,0.39,5.0,9.3,0.536,0.56,1.4,1.6,0.894,1.3,3.9,5.2,2.5,1.4,0.4,1.4,3.0,21.7,116.0,119,,griffaj01
2023,Isaiah Joe,SG,OKC,201,23,73,10,1395,7.6,17.3,0.441,5.5,13.4,0.409,2.1,3.9,0.553,0.599,2.8,3.4,0.82,0.9,5.0,6.0,3.0,1.6,0.3,1.3,3.6,23.5,125.0,116,,joeis01
2023,Jonathan Kuminga,PF,GSW,202,20,67,16,1394,8.8,16.8,0.525,1.8,4.9,0.37,7.0,11.9,0.59,0.579,3.0,4.7,0.652,2.4,5.5,7.8,4.2,1.4,1.1,3.2,5.3,22.6,112.0,115,,kuminjo01
2023,Jusuf Nurkić,C,POR,203,28,52,52,1391,9.2,17.7,0.519,1.5,4.2,0.361,7.7,13.5,0.567,0.561,4.4,6.7,0.661,4.0,12.5,16.5,5.2,1.5,1.5,4.2,6.5,24.3,112.0,114,,nurkiju01
2023,Dennis Smith Jr.,PG,CHO,204,25,54,15,1390,6.4,15.5,0.412,0.8,3.8,0.216,5.5,11.7,0.475,0.438,2.7,3.6,0.736,0.9,4.8,5.7,8.9,2.6,0.9,2.8,4.2,16.2,103.0,114,,smithde03
2023,Larry Nance Jr.,C,NOP,205,30,65,1,1381,6.5,10.7,0.61,0.5,1.5,0.333,6.0,9.2,0.654,0.633,1.9,2.8,0.696,3.7,8.7,12.4,4.2,2.0,1.3,1.5,4.7,15.5,134.0,110,,nancela02
2023,Josh Okogie,SG,PHO,206,24,72,26,1350,5.9,15.0,0.391,2.4,7.1,0.335,3.5,7.9,0.442,0.471,5.0,7.0,0.724,3.9,5.1,9.1,3.8,2.0,1.2,2.3,4.1,19.2,114.0,113,,okogijo01
2023,Devonte' Graham,PG,NOP,207,27,73,8,1338,5.8,15.5,0.374,4.3,12.1,0.352,1.5,3.3,0.452,0.512,3.5,4.7,0.748,0.7,3.7,4.4,7.0,1.6,0.6,1.9,2.8,19.3,117.0,117,,grahade01
2023,Terrence Ross,SG,ORL,208,31,63,9,1330,7.3,17.0,0.43,3.5,9.4,0.368,3.8,7.5,0.507,0.532,1.0,1.2,0.794,0.8,4.8,5.6,3.5,1.3,0.4,1.6,3.5,19.0,110.0,116,,rosste01
2023,Luke Kennard,SG,LAC,209,26,59,14,1315,6.9,14.0,0.492,4.9,9.9,0.494,2.0,4.2,0.487,0.666,1.4,1.4,0.949,0.6,5.3,5.8,3.3,1.2,0.2,1.7,3.0,20.1,128.0,116,,kennalu01
2023,Doug McDermott,SF,SAS,210,31,64,0,1314,8.6,18.8,0.457,4.4,10.7,0.413,4.2,8.1,0.516,0.575,1.9,2.5,0.757,0.8,4.2,5.0,3.3,0.5,0.2,2.1,4.2,23.5,113.0,124,,mcderdo01
2023,Talen Horton-Tucker,SG,UTA,211,22,65,20,1313,9.3,22.3,0.419,2.1,7.4,0.286,7.2,14.9,0.485,0.467,4.6,6.1,0.75,1.5,6.1,7.6,8.9,1.5,1.1,4.6,3.9,25.4,104.0,117,,hortota01
2023,Jose Alvarado,PG,NOP,212,24,61,10,1310,7.4,18.1,0.411,3.1,9.1,0.336,4.4,9.0,0.488,0.496,2.4,3.0,0.813,1.0,4.2,5.2,6.9,2.5,0.4,3.0,4.6,20.3,107.0,113,,alvarjo01
2023,Aaron Wiggins,SG,OKC,213,24,70,14,1297,6.8,13.3,0.512,1.8,4.5,0.393,5.1,8.8,0.573,0.579,2.2,2.6,0.831,2.5,5.2,7.7,2.9,1.4,0.5,2.0,4.0,17.5,119.0,116,,wiggiaa01
2023,Lonnie Walker IV,SG,LAL,214,24,56,32,1297,8.6,19.3,0.448,3.3,9.1,0.365,5.3,10.2,0.522,0.534,3.3,3.9,0.858,0.5,3.5,4.0,2.3,1.1,0.6,1.7,2.6,23.9,111.0,117,,walkelo01
2023,Sam Hauser,SF,BOS,215,25,80,8,1290,6.8,15.0,0.455,5.3,12.7,0.418,1.5,2.3,0.656,0.631,0.5,0.6,0.706,1.3,6.4,7.7,2.7,1.1,0.8,1.1,3.7,19.3,124.0,113,,hausesa01
2023,Jalen Smith,C,IND,216,22,68,31,1279,9.0,18.9,0.476,2.0,7.1,0.283,7.0,11.8,0.593,0.53,3.9,5.1,0.759,4.8,9.8,14.6,2.4,0.8,2.2,2.7,5.7,23.8,113.0,116,,smithja04
2023,LaMelo Ball,PG,CHO,217,21,36,36,1268,11.1,27.1,0.411,5.4,14.4,0.376,5.7,12.7,0.45,0.51,3.8,4.6,0.836,1.6,7.1,8.7,11.4,1.7,0.4,4.8,4.4,31.5,108.0,115,,ballla01
2023,David Roddy,PF,MEM,218,21,70,4,1258,6.8,15.9,0.429,2.5,8.0,0.307,4.3,7.9,0.553,0.506,1.5,2.5,0.631,1.9,5.4,7.3,2.2,1.1,0.7,2.2,4.0,17.6,103.0,114,,roddyda01
2023,Jaylen Nowell,SG,MIN,219,23,65,2,1252,10.6,23.7,0.448,2.5,8.8,0.289,8.1,14.9,0.542,0.502,2.9,3.8,0.778,1.4,5.1,6.5,5.0,1.6,0.2,2.5,3.8,26.7,106.0,116,,nowelja01
2023,Naz Reid,C,MIN,220,23,68,11,1251,11.8,21.9,0.537,2.8,8.2,0.346,8.9,13.7,0.653,0.602,3.3,4.8,0.677,2.8,9.9,12.6,2.9,1.6,2.0,3.5,6.7,29.7,112.0,110,,reidna01
2023,Trey Lyles,PF,SAC,221,27,74,0,1247,7.2,15.7,0.458,3.3,9.2,0.363,3.8,6.4,0.595,0.565,3.9,4.8,0.815,2.6,8.9,11.5,2.5,1.0,1.2,2.5,3.7,21.6,117.0,116,,lylestr01
2023,Jalen Suggs,SG,ORL,222,21,53,19,1246,7.2,17.2,0.419,2.6,7.8,0.327,4.7,9.4,0.496,0.493,3.3,4.6,0.723,2.1,4.1,6.2,6.0,2.6,1.0,3.6,4.7,20.3,104.0,113,,suggsja01
2023,Kevin Love,PF,CLE,223,34,62,20,1240,6.7,17.1,0.389,4.0,11.9,0.334,2.7,5.2,0.516,0.506,3.2,3.7,0.879,2.4,13.7,16.1,4.7,0.6,0.5,2.8,3.9,20.5,110.0,110,,loveke01
2023,Cory Joseph,PG,DET,224,31,62,2,1227,5.9,13.9,0.427,2.8,7.1,0.389,3.2,6.8,0.468,0.527,2.3,2.8,0.792,0.8,3.4,4.2,8.6,1.3,0.4,2.2,3.5,16.9,119.0,122,,josepco01
2023,Delon Wright,PG,WAS,225,30,50,14,1221,5.5,11.6,0.474,1.6,4.7,0.345,3.9,6.9,0.564,0.545,2.1,2.4,0.867,2.3,4.9,7.2,7.7,3.7,0.7,1.8,2.4,14.7,127.0,112,,wrighde01
2023,Nick Richards,C,CHO,226,25,65,9,1217,7.7,12.2,0.629,0.0,0.0,1.0,7.7,12.2,0.628,0.631,5.4,7.2,0.749,5.7,10.5,16.3,1.5,0.4,2.8,2.3,6.0,20.8,130.0,113,,richani01
2023,Seth Curry,SG,BRK,227,32,61,7,1211,8.4,18.1,0.463,3.8,9.4,0.405,4.6,8.7,0.525,0.568,2.1,2.2,0.927,0.5,3.5,4.0,4.0,1.5,0.3,2.1,3.9,22.6,113.0,117,,curryse01
2023,Ochai Agbaji,SG,UTA,228,22,59,22,1209,6.5,15.3,0.427,3.2,9.0,0.355,3.3,6.2,0.532,0.532,2.2,2.7,0.812,1.7,3.1,4.8,2.6,0.6,0.6,1.6,3.9,18.5,115.0,121,,agbajoc01
2023,Kenrich Williams,PF,OKC,229,28,53,10,1206,7.1,13.6,0.517,2.0,5.3,0.373,5.1,8.3,0.608,0.59,0.7,1.5,0.436,3.8,6.5,10.3,4.1,1.8,0.6,1.3,4.4,16.7,126.0,114,,willike04
2023,Matisse Thybulle,SF,PHI,230,25,71,28,1200,4.5,10.4,0.435,2.2,6.1,0.365,2.3,4.3,0.533,0.542,0.8,1.1,0.679,1.6,4.1,5.7,2.2,3.4,1.3,1.0,4.6,12.0,114.0,113,,thybuma01
2023,Isaiah Livers,PF,DET,231,24,52,22,1199,4.9,11.6,0.417,3.0,8.2,0.365,1.9,3.4,0.541,0.545,1.3,1.6,0.821,1.1,4.6,5.8,1.7,1.1,1.1,1.2,4.2,14.0,113.0,120,,liveris01
2023,Cameron Johnson,PF,PHO,232,26,42,41,1199,9.1,19.3,0.47,4.2,10.4,0.404,4.9,8.9,0.548,0.579,4.1,4.9,0.842,1.4,6.2,7.5,3.2,2.0,0.6,1.5,3.4,26.5,122.0,114,,johnsca02
2023,Anthony Lamb,SF,GSW,233,25,62,4,1195,5.8,12.4,0.471,2.9,7.9,0.367,3.0,4.5,0.652,0.588,1.8,2.4,0.767,2.2,6.3,8.5,3.8,1.1,0.8,2.1,5.3,16.4,119.0,115,,lamban01
2023,Taurean Prince,PF,MIN,234,28,54,4,1192,7.1,15.1,0.467,2.9,7.7,0.381,4.1,7.4,0.557,0.565,2.6,3.1,0.844,0.6,4.7,5.3,3.3,1.1,0.6,2.8,4.9,19.6,108.0,117,,princta02
2023,Andrew Wiggins,SF,GSW,235,27,37,37,1190,9.9,21.0,0.473,3.5,8.9,0.396,6.4,12.1,0.53,0.557,1.7,2.9,0.611,2.4,5.0,7.4,3.4,1.8,1.1,1.9,4.2,25.1,113.0,114,,wiggian01
2023,Jordan Nwora,SF,MIL,236,24,62,14,1188,7.8,17.8,0.436,3.4,8.5,0.408,4.3,9.4,0.462,0.533,2.7,3.4,0.791,2.0,7.1,9.2,3.5,1.0,0.6,2.6,3.0,21.7,109.0,116,,nworajo01
2023,Gary Harris,SG,ORL,237,28,48,42,1184,5.6,12.5,0.45,3.8,8.9,0.431,1.8,3.6,0.494,0.603,1.1,1.2,0.9,0.9,3.1,4.0,2.4,1.8,0.5,1.1,3.8,16.2,122.0,116,,harriga01
2023,Tre Mann,PG,OKC,238,21,67,5,1183,7.9,20.1,0.393,3.3,10.3,0.315,4.7,9.8,0.475,0.474,1.7,2.2,0.764,1.1,5.1,6.2,4.8,1.6,0.4,2.5,4.0,20.8,101.0,116,,manntr01
2023,Trendon Watford,PF,POR,239,22,62,12,1182,7.5,13.3,0.56,1.0,2.6,0.391,6.4,10.7,0.602,0.599,3.0,4.1,0.72,1.7,8.1,9.8,5.4,1.3,0.5,2.9,4.9,18.9,118.0,119,,watfotr01
2023,Christian Braun,SG,DEN,240,21,76,6,1181,5.9,12.0,0.495,1.4,4.0,0.354,4.5,8.0,0.565,0.554,1.7,2.7,0.625,2.0,5.5,7.5,2.4,1.7,0.7,1.4,4.2,14.9,114.0,115,,braunch01
2023,Xavier Tillman Sr.,C,MEM,241,24,61,29,1180,7.6,12.3,0.614,0.2,0.6,0.267,7.4,11.7,0.632,0.621,2.0,3.6,0.551,4.9,7.5,12.4,3.9,2.3,1.2,1.8,3.9,17.3,129.0,109,,tillmxa01
2023,Devin Vassell,SG,SAS,242,22,38,32,1178,10.5,23.9,0.439,4.1,10.7,0.387,6.3,13.2,0.48,0.525,3.1,4.0,0.78,0.3,5.6,5.9,5.5,1.7,0.7,2.3,2.3,28.2,110.0,120,,vassede01
2023,Collin Sexton,PG,UTA,243,24,48,15,1145,9.9,19.5,0.506,2.0,5.1,0.393,7.9,14.4,0.546,0.558,6.8,8.3,0.819,1.5,2.8,4.4,5.8,1.1,0.3,3.5,4.7,28.6,119.0,120,,sextoco01
2023,Precious Achiuwa,C,TOR,244,23,55,12,1140,8.5,17.5,0.485,1.3,4.7,0.269,7.2,12.8,0.564,0.521,3.8,5.4,0.702,4.3,9.9,14.2,2.2,1.3,1.3,2.6,4.4,22.0,112.0,113,,achiupr01
2023,Steven Adams,C,MEM,245,29,42,42,1133,6.6,11.0,0.597,0.0,0.0,0.0,6.6,11.0,0.599,0.597,2.0,5.4,0.364,9.0,11.4,20.3,4.1,1.5,1.9,3.3,4.1,15.1,118.0,108,,adamsst01
2023,Alec Burks,SG,DET,246,31,51,8,1122,8.6,19.8,0.436,4.3,10.3,0.414,4.4,9.5,0.459,0.544,6.6,8.1,0.814,0.8,6.0,6.8,4.9,1.6,0.3,2.5,4.2,28.2,120.0,119,,burksal01
2023,Lamar Stevens,SF,CLE,247,25,62,25,1120,5.8,12.9,0.448,1.3,4.3,0.316,4.4,8.6,0.513,0.5,1.8,2.6,0.702,2.1,7.1,9.3,1.5,1.2,0.9,1.2,3.5,14.7,109.0,111,,stevela01
2023,Moritz Wagner,C,ORL,248,25,57,18,1109,8.6,17.3,0.5,2.2,7.1,0.313,6.4,10.2,0.631,0.564,6.7,7.9,0.841,3.0,8.3,11.3,3.7,1.6,0.6,3.0,5.9,26.1,122.0,114,,wagnemo01
2023,Jordan Goodwin,PG,WAS,249,24,62,7,1106,7.0,15.5,0.448,1.7,5.2,0.322,5.3,10.3,0.511,0.501,2.3,3.0,0.768,2.5,6.5,9.0,7.4,2.6,1.1,2.5,4.2,17.9,113.0,113,,goodwjo01
2023,Victor Oladipo,SG,MIA,250,30,42,2,1106,7.2,18.2,0.397,3.2,9.6,0.33,4.1,8.6,0.471,0.484,2.7,3.6,0.747,0.7,5.0,5.8,6.6,2.6,0.5,3.9,4.5,20.2,99.0,112,,oladivi01
2023,Ben Simmons,PG,BRK,251,26,42,33,1105,5.9,10.4,0.566,0.0,0.1,0.0,5.9,10.3,0.571,0.566,1.1,2.5,0.439,1.8,9.9,11.6,11.3,2.4,1.1,4.3,6.1,12.9,110.0,110,,simmobe01
2023,Jeff Green,PF,DEN,252,36,56,4,1091,7.2,14.7,0.488,1.3,4.7,0.288,5.8,10.0,0.58,0.534,3.9,5.2,0.744,1.7,4.8,6.5,3.1,0.8,0.8,2.1,4.4,19.6,114.0,117,,greenje02
2023,Brandon Clarke,PF,MEM,253,26,56,8,1090,10.0,15.2,0.656,0.0,0.3,0.167,9.9,14.9,0.665,0.658,4.3,6.0,0.723,4.0,9.5,13.5,3.1,1.5,1.6,2.4,5.7,24.3,131.0,109,,clarkbr01
2023,Bones Hyland,PG,DEN,254,22,56,1,1085,10.3,25.8,0.399,5.3,14.2,0.371,5.0,11.5,0.434,0.502,3.9,4.6,0.843,0.9,5.2,6.1,7.8,1.8,0.7,3.7,4.3,29.7,107.0,115,,hylanbo01
2023,Oshae Brissett,PF,IND,255,24,65,2,1083,5.4,14.0,0.386,2.1,6.8,0.31,3.3,7.2,0.457,0.461,4.6,6.4,0.717,2.7,6.8,9.6,1.9,1.4,0.6,1.5,3.5,17.4,110.0,118,,brissos01
2023,Thomas Bryant,C,LAL,256,25,59,26,1081,10.1,16.3,0.623,1.1,2.6,0.441,9.0,13.7,0.658,0.659,4.1,5.6,0.738,3.8,11.2,14.9,1.4,0.7,1.3,1.7,4.5,25.5,132.0,112,,bryanth01
2023,Obi Toppin,PF,NYK,257,24,67,5,1050,8.8,19.7,0.446,4.0,11.6,0.344,4.8,8.1,0.593,0.548,1.8,2.2,0.809,1.4,7.4,8.8,3.1,1.1,0.6,1.8,3.2,23.4,116.0,116,,toppiob01
2023,Joe Ingles,SF,MIL,258,35,46,0,1044,4.9,11.3,0.435,3.8,9.3,0.409,1.1,2.1,0.556,0.603,0.8,1.0,0.857,0.6,5.3,5.9,6.9,1.5,0.3,2.5,3.4,14.5,120.0,114,,inglejo01
2023,Jalen Johnson,SF,ATL,259,21,70,6,1042,7.2,14.7,0.491,1.4,4.8,0.288,5.9,10.0,0.587,0.537,2.2,3.6,0.628,2.3,10.6,12.9,3.8,1.7,1.6,1.9,5.2,18.1,114.0,113,,johnsja05
2023,Isaiah Jackson,C,IND,260,21,63,12,1042,8.2,14.5,0.563,0.1,0.6,0.143,8.1,13.9,0.582,0.566,4.3,6.7,0.651,5.1,7.7,12.8,2.3,1.4,4.2,2.3,7.0,20.7,120.0,114,,jacksis01
2023,Dyson Daniels,PG,NOP,261,19,59,11,1042,4.0,9.7,0.418,1.3,4.0,0.314,2.8,5.7,0.492,0.483,1.2,1.9,0.65,1.7,7.1,8.7,6.2,2.0,0.5,2.7,4.6,10.6,105.0,112,,daniedy01
2023,Wenyen Gabriel,C,LAL,262,25,68,2,1024,7.2,12.0,0.596,0.5,1.7,0.278,6.7,10.4,0.647,0.615,2.4,3.9,0.619,5.4,7.9,13.2,1.7,1.2,1.6,2.1,6.7,17.2,123.0,113,,gabriwe01
2023,Austin Rivers,SG,MIN,263,30,52,10,1016,4.3,9.8,0.435,2.0,5.8,0.35,2.2,4.0,0.558,0.538,1.4,1.8,0.769,0.2,3.6,3.9,3.5,1.3,0.2,1.1,3.7,11.9,115.0,117,,riverau01
2023,Hamidou Diallo,SF,DET,264,24,56,0,996,10.5,18.2,0.573,0.2,1.0,0.238,10.2,17.2,0.593,0.58,4.2,7.2,0.588,2.8,6.7,9.4,2.7,2.6,0.8,3.5,6.0,25.4,109.0,116,,diallha01
2023,Will Barton,SG,WAS,265,32,56,2,993,6.8,17.9,0.379,3.2,8.9,0.367,3.5,9.1,0.391,0.47,1.8,2.3,0.787,0.7,6.0,6.7,5.5,1.4,0.6,2.4,2.8,18.6,102.0,117,,bartowi01
2023,Marvin Bagley III,C,DET,266,23,42,25,990,9.9,18.7,0.529,0.9,3.2,0.288,9.0,15.5,0.579,0.554,4.0,5.3,0.75,4.6,8.6,13.2,1.8,0.9,1.5,2.3,4.0,24.7,117.0,118,,baglema01
2023,Cam Reddish,SF,NYK,267,23,40,20,990,6.9,15.4,0.446,2.2,7.1,0.313,4.7,8.3,0.56,0.518,3.2,3.7,0.853,0.9,3.5,4.4,2.8,1.9,0.7,2.3,3.6,19.2,109.0,118,,reddica01
2023,Jock Landale,C,PHO,268,27,69,4,979,8.9,16.8,0.528,1.0,4.2,0.25,7.8,12.6,0.621,0.559,3.9,5.2,0.752,5.9,8.0,14.0,3.4,0.8,1.5,2.9,6.3,22.8,119.0,113,,landajo01
2023,Nassir Little,SF,POR,269,22,54,4,976,6.7,15.1,0.442,2.9,7.9,0.367,3.8,7.2,0.524,0.538,1.6,2.3,0.717,1.3,5.7,7.0,2.5,1.0,1.0,1.8,3.3,17.9,108.0,120,,littlna01
2023,Usman Garuba,C,HOU,270,20,75,1,970,4.3,8.8,0.486,1.2,2.9,0.407,3.1,5.9,0.525,0.554,1.4,2.3,0.617,6.0,9.3,15.3,3.2,2.2,1.4,2.3,6.7,11.2,119.0,115,,garubus01
2023,JT Thor,PF,CHO,271,20,69,8,969,4.7,11.7,0.399,1.9,6.0,0.317,2.8,5.6,0.487,0.481,1.6,2.3,0.702,1.8,5.7,7.5,1.8,1.1,1.1,2.2,3.2,12.9,97.0,117,,thorjt01
2023,Haywood Highsmith,PF,MIA,272,26,54,11,969,4.8,11.1,0.431,1.9,5.6,0.339,2.9,5.5,0.523,0.516,0.7,1.4,0.464,2.9,6.7,9.7,2.2,1.9,0.9,2.3,4.2,12.1,101.0,112,,highsha01
2023,Cameron Payne,PG,PHO,273,28,48,15,968,9.5,22.9,0.415,3.4,9.3,0.368,6.1,13.5,0.448,0.49,2.5,3.2,0.766,0.6,4.7,5.4,10.8,1.7,0.4,4.1,4.4,24.9,106.0,115,,payneca01
2023,Kendrick Nunn,SG,LAL,274,27,70,2,964,9.5,22.4,0.424,3.9,11.1,0.354,5.6,11.3,0.493,0.512,1.7,2.0,0.854,0.7,4.7,5.4,4.5,1.4,0.3,3.3,3.3,24.7,100.0,117,,nunnke01
2023,Karl-Anthony Towns,PF,MIN,275,27,29,29,957,10.5,21.2,0.495,3.0,8.1,0.366,7.5,13.1,0.576,0.565,5.9,6.7,0.874,2.4,9.3,11.7,6.9,1.0,0.8,4.3,5.5,29.9,117.0,114,,townska01
2023,Zion Williamson,PF,NOP,276,22,29,29,956,14.4,23.8,0.608,0.4,1.0,0.368,14.1,22.8,0.618,0.615,9.0,12.6,0.714,2.9,7.3,10.2,6.7,1.6,0.8,5.0,3.3,38.2,120.0,112,AS,willizi01
2023,Kevin Knox,SF,DET,277,23,63,5,952,7.8,16.9,0.458,3.3,9.5,0.349,4.4,7.4,0.596,0.556,2.3,3.1,0.767,1.7,7.3,9.0,1.7,1.2,0.6,2.6,4.8,21.2,107.0,119,,knoxke01
2023,Cam Thomas,SG,BRK,278,21,57,4,948,10.4,23.5,0.441,2.6,6.8,0.383,7.7,16.6,0.464,0.497,7.8,9.0,0.868,0.4,4.5,4.9,4.0,1.0,0.4,3.2,2.8,31.1,108.0,118,,thomaca02
2023,Mike Muscala,C,OKC,279,31,63,9,945,6.6,14.8,0.449,4.1,10.5,0.391,2.5,4.3,0.588,0.587,2.0,2.6,0.769,1.9,8.4,10.3,2.5,0.8,1.2,1.2,5.0,19.4,124.0,113,,muscami01
2023,Maxi Kleber,PF,DAL,280,31,37,5,930,4.1,9.0,0.456,2.1,6.0,0.348,2.0,3.0,0.667,0.571,1.4,2.0,0.711,1.6,5.6,7.2,2.8,0.6,1.6,1.4,4.5,11.8,117.0,118,,klebima01
2023,Yuta Watanabe,SF,BRK,281,28,58,1,928,6.0,12.2,0.491,3.2,7.1,0.444,2.8,5.1,0.557,0.621,1.8,2.5,0.723,1.6,5.8,7.4,2.5,1.3,0.9,1.2,4.2,16.9,125.0,116,,watanyu01
2023,Ish Wainright,SF,PHO,282,28,60,2,915,4.5,12.1,0.37,3.0,9.2,0.329,1.4,2.9,0.5,0.496,1.4,1.7,0.839,2.4,5.0,7.4,2.8,2.0,1.2,1.2,6.2,13.4,114.0,113,,wainris01
2023,Daishen Nix,PG,HOU,283,20,57,7,914,4.3,12.6,0.342,2.1,7.4,0.286,2.2,5.1,0.423,0.426,1.3,1.9,0.667,1.0,4.2,5.2,7.0,1.6,0.4,4.6,3.1,12.0,88.0,121,,nixda01
2023,Jaylin Williams,C,OKC,284,20,49,36,914,5.3,12.2,0.436,2.4,5.9,0.407,2.9,6.3,0.463,0.534,2.0,2.8,0.704,2.3,10.2,12.5,3.9,1.5,0.6,1.9,5.8,15.0,115.0,112,,willija07
2023,Chris Duarte,SF,IND,285,25,46,12,897,6.5,17.6,0.369,2.9,9.2,0.316,3.6,8.4,0.428,0.452,3.2,3.8,0.847,1.0,5.1,6.1,3.4,1.3,0.5,2.2,3.4,19.2,101.0,120,,duartch01
2023,Derrick Jones Jr.,PF,CHI,286,25,64,0,893,6.3,12.5,0.5,1.5,4.4,0.338,4.8,8.2,0.587,0.559,3.4,4.6,0.738,3.3,5.1,8.3,1.9,1.6,2.0,1.4,4.7,17.4,122.0,112,,jonesde02
2023,Dean Wade,PF,CLE,287,26,44,13,891,4.1,10.0,0.412,2.5,7.1,0.354,1.6,2.8,0.56,0.54,0.8,1.3,0.652,1.1,7.3,8.4,2.1,1.6,1.2,1.0,5.0,11.6,113.0,110,,wadede01
2023,Vlatko Čančar,PF,DEN,288,25,60,9,889,5.9,12.5,0.476,2.4,6.3,0.374,3.6,6.2,0.58,0.57,2.1,2.3,0.927,1.3,5.7,7.0,4.4,1.2,0.8,2.0,4.6,16.3,119.0,116,,cancavl01
2023,Nickeil Alexander-Walker,SG,UTA,289,24,59,3,884,7.1,15.9,0.444,3.3,8.6,0.384,3.8,7.3,0.515,0.547,2.2,3.2,0.667,0.8,4.6,5.4,5.8,1.7,1.1,3.0,4.7,19.6,109.0,116,,alexani01
2023,Bismack Biyombo,C,PHO,290,30,61,14,874,6.7,11.5,0.578,0.0,0.0,,6.7,11.5,0.578,0.578,1.4,3.9,0.357,5.0,9.6,14.5,3.1,1.0,4.9,2.9,6.4,14.7,109.0,108,,biyombi01
2023,Goran Dragić,PG,CHI,291,36,58,0,870,7.9,18.7,0.421,2.9,8.1,0.359,5.0,10.6,0.468,0.499,1.7,2.5,0.689,0.9,3.6,4.5,8.4,0.7,0.2,3.5,3.6,20.4,103.0,117,,dragigo01
2023,James Wiseman,C,GSW,292,21,45,22,867,10.5,18.8,0.558,0.2,1.1,0.2,10.3,17.7,0.58,0.563,3.8,5.4,0.701,4.0,10.8,14.8,1.7,0.4,1.5,2.8,6.0,25.0,112.0,116,,wisemja01
2023,Théo Maledon,PG,CHO,293,21,44,7,854,5.7,14.2,0.402,1.6,5.3,0.295,4.1,8.9,0.465,0.457,3.5,4.1,0.851,0.8,6.1,6.9,8.5,2.1,0.7,3.3,3.4,16.4,105.0,115,,maledth01
2023,Andre Drummond,C,CHI,294,29,67,0,849,9.5,15.7,0.606,0.0,0.2,0.0,9.5,15.5,0.613,0.606,3.8,7.2,0.536,7.9,17.6,25.5,1.9,2.6,1.5,4.3,6.7,22.9,113.0,103,,drumman01
2023,Aaron Holiday,PG,ATL,295,26,63,6,845,5.2,12.4,0.418,2.0,5.0,0.409,3.2,7.4,0.424,0.5,1.5,1.8,0.844,1.4,2.8,4.2,5.0,2.1,0.7,2.0,4.5,13.9,110.0,117,,holidaa01
2023,Romeo Langford,SG,SAS,296,23,43,21,844,6.8,14.5,0.467,0.9,3.4,0.262,5.9,11.1,0.53,0.498,2.2,3.1,0.696,3.2,3.2,6.4,2.8,1.3,0.7,1.7,3.7,16.6,110.0,122,,langfro01
2023,Terence Davis,SG,SAC,297,25,64,5,841,8.8,20.7,0.423,5.1,13.8,0.366,3.7,6.9,0.537,0.545,1.9,2.4,0.791,1.1,6.8,7.9,3.8,2.4,0.7,3.0,5.9,24.5,106.0,114,,daviste02
2023,George Hill,PG,MIL,298,36,46,1,834,4.5,9.5,0.47,1.9,5.4,0.358,2.5,4.1,0.62,0.572,2.4,3.1,0.764,0.9,4.0,4.9,6.3,1.5,0.3,1.9,3.1,13.3,124.0,115,,hillge01
2023,Mark Williams,C,CHO,299,21,43,17,828,9.2,14.4,0.637,0.0,0.0,,9.2,14.4,0.637,0.637,3.9,5.6,0.691,5.3,12.1,17.5,1.0,1.6,2.6,2.3,5.4,22.2,125.0,110,,willima07
2023,Robert Williams,C,BOS,300,25,35,20,824,7.5,10.1,0.747,0.0,0.1,0.0,7.5,10.0,0.751,0.747,1.5,2.4,0.61,6.2,11.1,17.3,3.0,1.3,2.8,2.0,4.0,16.5,143.0,107,,williro04
2023,Wesley Matthews,SF,MIL,301,36,52,0,820,3.4,9.3,0.363,2.3,7.2,0.315,1.1,2.1,0.528,0.484,1.4,1.6,0.857,2.0,4.6,6.6,2.0,1.2,0.8,1.0,4.1,10.4,113.0,114,,matthwe02
2023,Moses Moody,SG,GSW,302,20,63,3,817,6.2,13.1,0.476,2.8,7.8,0.363,3.4,5.3,0.641,0.584,2.1,3.1,0.698,1.6,4.5,6.1,2.9,1.0,0.4,2.0,3.1,17.5,116.0,117,,moodymo01
2023,Rudy Gay,PF,UTA,303,36,56,0,816,6.4,16.8,0.38,1.9,7.6,0.254,4.4,9.2,0.484,0.437,2.5,2.9,0.857,1.9,7.6,9.5,3.3,1.1,1.1,2.2,4.0,17.2,101.0,117,,gayru01
2023,Ty Jerome,SG,GSW,304,25,45,2,816,6.8,14.0,0.488,2.0,5.2,0.389,4.8,8.8,0.546,0.56,2.2,2.4,0.927,0.4,4.1,4.5,7.8,1.3,0.3,1.7,3.7,17.9,126.0,117,,jeromty01
2023,Jeremiah Robinson-Earl,PF,OKC,305,22,43,20,814,6.4,14.5,0.444,2.2,6.5,0.333,4.3,8.0,0.533,0.518,2.0,2.5,0.833,4.1,6.4,10.5,2.5,1.4,0.6,1.1,4.1,17.0,121.0,115,,robinje02
2023,Jericho Sims,C,NYK,306,24,52,16,812,5.1,6.5,0.776,0.0,0.1,0.0,5.1,6.5,0.783,0.776,0.7,1.0,0.75,6.0,8.7,14.7,1.5,0.9,1.7,1.6,5.8,10.8,146.0,114,,simsje01
2023,Caleb Houstan,SF,ORL,307,20,51,4,812,3.9,10.8,0.363,2.7,8.1,0.338,1.2,2.7,0.435,0.489,0.9,1.1,0.833,2.0,3.9,5.9,1.8,0.7,0.4,1.1,3.7,11.5,108.0,118,,houstca01
2023,Danuel House Jr.,SF,PHI,308,29,56,5,807,5.7,12.1,0.472,2.3,6.8,0.336,3.4,5.3,0.644,0.566,2.8,3.7,0.75,0.6,5.2,5.8,2.7,0.9,0.6,1.6,4.2,16.5,115.0,116,,houseda01
2023,Landry Shamet,SG,PHO,309,25,40,9,807,6.8,18.2,0.377,4.5,12.1,0.377,2.3,6.1,0.376,0.502,2.7,3.1,0.882,0.7,3.4,4.1,5.6,1.6,0.3,2.2,3.7,21.0,111.0,116,,shamela01
2023,Dario Šarić,PF,PHO,310,28,57,12,806,7.6,16.6,0.458,2.7,6.9,0.391,4.9,9.7,0.506,0.54,3.8,4.6,0.829,3.2,9.2,12.4,4.4,1.2,0.4,3.3,5.9,21.7,113.0,113,,saricda01
2023,Luke Kornet,C,BOS,311,27,69,0,804,6.9,10.3,0.665,0.2,0.8,0.231,6.7,9.5,0.701,0.674,1.9,2.4,0.821,5.2,6.7,11.9,3.2,0.7,2.8,1.5,4.9,15.8,143.0,111,,kornelu01
2023,Christian Koloko,C,TOR,312,22,58,19,802,4.4,9.2,0.48,0.1,0.7,0.083,4.4,8.5,0.514,0.483,2.3,3.6,0.627,5.2,5.4,10.5,1.9,1.3,3.5,1.2,7.9,11.2,119.0,113,,kolokch01
2023,Khris Middleton,SF,MIL,313,31,33,19,801,10.6,24.2,0.436,3.0,9.7,0.315,7.5,14.5,0.516,0.499,5.5,6.1,0.902,1.7,6.7,8.3,9.7,1.4,0.3,4.2,4.1,29.6,113.0,113,,middlkh01
2023,JaMychal Green,PF,GSW,314,32,57,1,797,8.1,14.9,0.54,2.5,6.6,0.378,5.6,8.4,0.667,0.623,3.1,4.0,0.776,4.3,7.9,12.1,3.0,1.5,1.4,3.1,6.2,21.7,121.0,113,,greenja01
2023,Thaddeus Young,PF,TOR,315,34,54,9,795,6.7,12.3,0.545,0.4,2.1,0.176,6.3,10.2,0.622,0.561,1.1,1.6,0.692,4.4,5.9,10.3,4.7,3.4,0.3,2.6,5.5,14.9,117.0,112,,youngth01
2023,Bryce McGowens,SG,CHO,316,20,46,7,787,4.8,12.2,0.396,1.6,4.8,0.325,3.3,7.4,0.443,0.46,3.6,4.8,0.75,1.2,4.4,5.6,3.3,0.9,0.4,2.6,2.9,14.9,100.0,119,,mcgowbr01
2023,Josh Christopher,SG,HOU,317,21,64,2,786,9.4,20.3,0.465,1.3,5.5,0.236,8.1,14.8,0.55,0.497,2.8,3.7,0.75,1.2,3.1,4.4,4.5,2.0,0.9,3.7,3.6,22.9,102.0,120,,chrisjo01
2023,Robert Covington,PF,LAC,318,32,48,0,779,6.4,14.4,0.445,3.4,8.6,0.397,3.0,5.8,0.516,0.563,1.9,2.5,0.75,1.9,8.5,10.4,3.6,2.4,2.1,2.0,5.4,18.1,116.0,110,,covinro01
2023,Justise Winslow,PF,POR,319,26,29,11,776,5.1,12.4,0.409,0.9,2.8,0.311,4.2,9.6,0.438,0.444,1.3,1.8,0.714,3.1,6.0,9.1,6.2,1.9,0.7,2.7,5.6,12.3,104.0,118,,winslju01
2023,Mo Bamba,C,ORL,320,24,49,7,769,7.3,15.1,0.485,3.0,7.8,0.387,4.3,7.3,0.59,0.585,2.6,3.9,0.661,3.6,10.5,14.1,2.9,0.8,2.7,1.9,6.6,20.3,121.0,111,,bambamo01
2023,Simone Fontecchio,SF,UTA,321,27,52,6,766,7.2,19.5,0.369,3.9,11.9,0.33,3.2,7.5,0.43,0.47,2.2,2.7,0.795,1.9,3.4,5.4,2.6,0.9,0.5,2.4,3.9,20.5,101.0,120,,fontesi01
2023,Miles McBride,PG,NYK,322,22,64,2,760,5.0,14.0,0.358,2.6,8.7,0.299,2.4,5.3,0.457,0.451,1.8,2.7,0.667,0.8,2.4,3.3,4.7,2.4,0.5,1.6,3.9,14.4,106.0,116,,mcbrimi01
2023,Paul Reed,C,PHI,323,23,69,2,755,8.1,13.7,0.593,0.1,0.4,0.167,8.1,13.3,0.606,0.596,2.5,3.3,0.745,7.3,9.8,17.2,1.8,3.0,3.3,3.0,8.1,18.8,122.0,105,,reedpa01
2023,John Wall,PG,LAC,324,32,34,3,755,9.0,21.9,0.408,2.1,7.1,0.303,6.8,14.9,0.459,0.457,5.0,7.3,0.681,0.9,5.1,6.0,11.5,1.8,0.8,5.2,3.8,25.0,102.0,115,,walljo01
2023,R.J. Hampton,SG,ORL,325,21,47,3,750,6.6,15.3,0.43,2.6,7.5,0.353,3.9,7.8,0.504,0.517,3.7,4.9,0.75,1.2,4.5,5.6,3.5,1.7,0.6,2.7,3.3,19.5,107.0,118,,hamptrj01
2023,Edmond Sumner,SG,BRK,326,27,53,12,736,8.2,17.8,0.461,2.1,5.8,0.356,6.2,12.1,0.511,0.519,6.6,7.2,0.917,0.9,4.4,5.2,4.5,2.1,0.7,3.3,5.5,25.1,112.0,115,,sumneed01
2023,Zeke Nnaji,PF,DEN,327,22,53,5,728,7.4,13.2,0.561,1.1,4.4,0.262,6.2,8.8,0.71,0.605,2.7,4.2,0.645,4.4,4.9,9.3,1.2,1.1,1.5,2.1,7.1,18.6,120.0,115,,nnajize01
2023,Jaden Hardy,SG,DAL,328,20,48,5,708,10.3,23.4,0.438,4.4,11.0,0.404,5.8,12.4,0.469,0.533,4.6,5.5,0.823,0.8,5.5,6.2,4.6,1.2,0.5,3.2,4.5,29.5,108.0,118,,hardyja02
2023,Justin Holiday,SF,ATL,329,33,46,2,706,5.3,14.0,0.377,3.2,9.8,0.322,2.1,4.2,0.508,0.49,0.3,0.5,0.625,0.3,3.4,3.8,2.8,1.3,1.3,1.5,4.7,14.1,99.0,118,,holidju01
2023,MarJon Beauchamp,SF,MIL,330,22,52,11,701,6.5,16.6,0.395,3.2,9.7,0.331,3.3,6.9,0.485,0.492,1.8,2.5,0.73,2.6,5.2,7.8,2.4,1.4,0.5,3.1,4.8,18.1,99.0,113,,beaucma01
2023,Aleksej Pokusevski,PF,OKC,331,21,34,25,701,7.3,16.9,0.434,2.6,7.0,0.365,4.7,9.8,0.483,0.51,1.5,2.4,0.629,3.0,7.7,10.8,4.3,1.4,2.9,2.9,3.9,18.7,105.0,112,,pokusal01
2023,Juan Toscano-Anderson,SF,LAL,332,29,52,9,700,4.3,9.7,0.448,0.5,2.9,0.186,3.8,6.8,0.56,0.476,1.3,1.6,0.792,1.9,6.5,8.4,4.4,1.1,0.7,2.3,5.4,10.5,104.0,116,,toscaju01
2023,Malachi Flynn,PG,TOR,333,24,53,2,691,6.2,17.3,0.36,3.4,9.5,0.353,2.9,7.8,0.367,0.457,1.8,2.4,0.758,1.1,4.4,5.4,5.0,1.5,0.3,1.8,4.7,17.6,105.0,117,,flynnma01
2023,Duncan Robinson,SF,MIA,334,28,42,1,691,6.4,17.1,0.371,4.5,13.9,0.328,1.8,3.2,0.556,0.504,2.1,2.3,0.906,0.6,4.4,5.0,3.3,1.0,0.0,2.0,5.6,19.3,105.0,117,,robindu01
2023,Chimezie Metu,PF,SAC,335,25,66,0,689,9.0,15.2,0.589,0.6,2.6,0.237,8.3,12.6,0.663,0.61,3.8,5.1,0.74,3.3,10.5,13.8,2.8,1.5,1.5,2.2,5.6,22.3,124.0,113,,metuch01
2023,T.J. Warren,PF,BRK,336,29,42,0,687,9.4,19.2,0.489,1.6,4.8,0.328,7.8,14.4,0.542,0.53,2.0,2.5,0.8,1.8,6.8,8.6,2.8,1.6,0.9,1.4,4.6,22.3,111.0,114,,warretj01
2023,Garrison Mathews,SG,HOU,337,26,54,0,686,5.1,14.2,0.363,4.4,12.7,0.35,0.7,1.5,0.476,0.52,3.4,3.7,0.906,0.8,4.4,5.1,1.8,1.7,0.4,1.3,4.4,18.1,119.0,121,,mathega01
2023,Montrezl Harrell,C,PHI,338,29,57,7,681,9.1,15.2,0.598,0.0,0.4,0.0,9.1,14.8,0.616,0.598,5.1,7.3,0.693,4.9,6.7,11.6,2.4,1.2,1.8,2.5,5.5,23.3,124.0,113,,harremo01
2023,Jordan McLaughlin,PG,MIN,339,26,43,0,678,4.3,10.2,0.421,1.7,5.5,0.308,2.6,4.7,0.552,0.503,1.1,1.3,0.833,1.1,3.3,4.3,10.4,2.2,0.3,2.3,2.0,11.3,118.0,115,,mclaujo01
2023,Jae'Sean Tate,SF,HOU,340,27,31,7,677,7.9,16.4,0.48,0.9,3.3,0.283,6.9,13.1,0.53,0.509,3.6,4.9,0.725,2.9,5.5,8.4,6.0,1.5,0.5,3.4,7.6,20.3,111.0,120,,tateja01
2023,Blake Wesley,SG,SAS,341,19,37,1,669,4.9,15.2,0.321,1.4,3.7,0.385,3.5,11.5,0.301,0.367,1.8,3.1,0.591,0.8,4.9,5.7,6.9,1.8,0.4,4.6,4.7,13.0,80.0,121,,weslebl01
2023,Sandro Mamukelashvili,C,MIL,342,23,43,7,660,7.0,16.5,0.422,2.2,7.1,0.303,4.8,9.4,0.511,0.487,2.8,4.1,0.684,5.0,8.3,13.3,4.5,1.0,0.9,2.5,3.7,18.9,111.0,117,,mamuksa01
2023,Eugene Omoruyi,SF,OKC,343,25,40,6,645,7.5,17.0,0.443,1.9,6.6,0.281,5.7,10.4,0.547,0.498,3.8,5.6,0.68,3.2,5.1,8.3,2.1,2.1,0.2,2.5,6.8,20.7,106.0,117,,omorueu01
2023,Payton Pritchard,PG,BOS,344,25,48,3,643,7.7,18.6,0.412,4.2,11.7,0.364,3.4,6.9,0.495,0.527,0.9,1.2,0.75,1.9,4.8,6.7,4.9,1.1,0.1,3.0,2.8,20.5,105.0,115,,pritcpa01
2023,Amir Coffey,SF,LAC,345,25,50,9,625,4.4,11.4,0.386,0.9,3.1,0.275,3.5,8.2,0.429,0.424,3.8,4.9,0.778,1.3,2.8,4.2,4.2,0.5,0.4,1.6,3.9,13.5,108.0,120,,coffeam01
2023,Anthony Gill,PF,WAS,346,30,59,8,624,5.5,10.3,0.538,0.3,2.3,0.138,5.2,8.0,0.65,0.553,3.8,5.2,0.731,2.9,4.8,7.7,2.7,0.5,0.9,1.2,5.5,15.2,127.0,119,,gillan01
2023,Jabari Walker,PF,POR,347,20,56,0,619,6.5,15.6,0.419,1.3,4.4,0.286,5.3,11.2,0.472,0.46,2.7,3.5,0.756,3.8,6.5,10.3,2.7,0.8,1.0,2.3,5.4,17.0,104.0,120,,walkeja01
2023,Darius Bazley,C,OKC,348,22,43,1,616,6.4,14.2,0.454,1.5,4.1,0.377,4.9,10.1,0.485,0.508,2.9,5.4,0.543,2.6,8.0,10.7,2.9,1.7,2.6,2.1,3.4,17.3,107.0,111,,bazleda01
2023,Juancho Hernangómez,PF,TOR,349,27,42,10,614,3.9,9.2,0.421,1.4,5.4,0.254,2.5,3.8,0.66,0.496,0.7,1.3,0.563,2.2,7.7,9.9,2.0,1.3,0.5,1.2,3.5,9.8,108.0,115,,hernaju01
2023,Jaxson Hayes,C,NOP,350,22,47,2,610,6.8,12.4,0.551,0.2,2.3,0.103,6.6,10.1,0.654,0.561,4.6,6.6,0.699,3.1,7.4,10.5,2.7,1.6,1.5,2.5,5.3,18.5,117.0,111,,hayesja02
2023,Frank Ntilikina,SG,DAL,351,24,47,5,607,3.9,10.8,0.364,1.4,5.5,0.254,2.5,5.3,0.477,0.428,1.8,2.7,0.667,0.6,4.5,5.1,4.7,1.3,0.6,2.4,5.3,11.1,94.0,118,,ntilila01
2023,DeAndre Jordan,C,DEN,352,34,39,8,586,7.3,9.6,0.765,0.1,0.1,1.0,7.3,9.5,0.763,0.77,1.8,4.0,0.458,4.3,12.5,16.9,2.8,1.0,1.9,4.0,5.9,16.6,116.0,111,,jordade01
2023,Blake Griffin,C,BOS,353,33,41,16,569,5.4,11.1,0.485,2.0,5.7,0.348,3.4,5.5,0.625,0.573,1.8,2.7,0.656,4.0,9.3,13.3,5.2,1.2,0.8,1.9,6.4,14.6,127.0,111,,griffbl01
2023,Ousmane Dieng,PF,OKC,354,19,39,1,569,6.3,15.1,0.42,2.2,8.2,0.265,4.2,6.9,0.602,0.492,1.3,1.9,0.652,1.6,7.2,8.8,3.8,1.2,0.6,2.2,3.5,16.1,103.0,115,,diengou01
2023,Kris Dunn,PG,UTA,355,28,22,3,568,9.8,18.2,0.537,1.4,3.0,0.472,8.3,15.1,0.55,0.576,3.4,4.5,0.774,0.8,7.7,8.4,10.4,2.1,0.8,2.9,4.9,24.4,125.0,114,,dunnkr01
2023,Patty Mills,PG,BRK,356,34,40,2,567,7.4,18.0,0.411,4.2,11.5,0.366,3.2,6.5,0.493,0.529,2.2,2.6,0.833,0.7,3.1,3.8,4.8,1.3,0.3,2.6,2.8,21.2,106.0,118,,millspa02
2023,Ricky Rubio,PG,CLE,357,32,33,2,566,5.4,15.8,0.343,1.9,7.3,0.256,3.5,8.5,0.417,0.402,2.5,3.1,0.8,0.8,5.4,6.2,10.2,2.3,0.5,2.7,4.5,15.2,103.0,110,,rubiori01
2023,Ziaire Williams,SF,MEM,358,21,37,4,561,7.1,16.6,0.429,2.1,8.2,0.258,5.0,8.4,0.596,0.492,1.4,1.9,0.773,1.4,5.3,6.7,3.0,1.2,0.5,3.1,4.9,17.8,97.0,114,,willizi02
2023,Day'Ron Sharpe,C,BRK,359,21,48,3,552,8.2,15.1,0.544,0.5,1.0,0.545,7.7,14.1,0.544,0.561,3.1,4.9,0.636,8.8,8.9,17.7,3.3,1.3,2.8,3.7,7.9,20.1,118.0,111,,sharpda01
2023,Kai Jones,C,CHO,360,22,46,0,550,5.8,10.4,0.558,0.3,1.6,0.211,5.5,8.7,0.624,0.575,1.6,2.3,0.731,3.2,7.4,10.6,1.3,1.5,2.6,2.7,5.6,13.6,106.0,113,,joneska01
2023,Lindy Waters III,SG,OKC,361,25,41,0,531,6.3,15.9,0.393,5.2,14.5,0.358,1.1,1.4,0.75,0.556,1.4,1.8,0.8,1.4,5.3,6.7,2.5,1.3,1.0,0.9,3.8,19.1,120.0,116,,waterli01
2023,Rodney McGruder,SG,DET,362,31,32,12,524,5.7,14.1,0.408,3.8,9.0,0.423,1.9,5.1,0.382,0.543,1.7,2.0,0.818,1.8,5.0,6.8,2.6,1.5,0.1,1.0,3.6,16.9,119.0,121,,mcgruro01
2023,Chuma Okeke,SF,ORL,363,24,27,8,518,4.0,11.4,0.352,2.4,8.0,0.302,1.6,3.4,0.472,0.459,1.5,2.0,0.762,2.4,6.5,9.0,3.5,1.8,1.0,1.6,3.7,11.9,107.0,114,,okekech01
2023,James Bouknight,SG,CHO,364,22,34,0,515,6.4,17.8,0.358,3.1,10.1,0.303,3.3,7.8,0.429,0.443,1.8,2.8,0.667,0.7,5.9,6.7,3.8,1.3,0.5,3.0,4.5,17.7,90.0,117,,bouknja01
2023,Max Christie,SG,LAL,365,19,41,3,512,4.1,9.8,0.415,2.4,5.7,0.419,1.7,4.1,0.409,0.538,1.3,1.5,0.875,0.6,6.3,6.9,1.9,0.8,0.6,1.2,3.1,11.8,111.0,116,,chrisma02
2023,Charles Bassey,C,SAS,366,22,35,2,508,8.1,12.6,0.644,0.3,0.7,0.375,7.8,11.8,0.661,0.656,2.0,3.4,0.595,7.0,11.0,17.9,4.5,1.5,3.1,3.8,6.9,18.5,121.0,114,,bassech01
2023,Raul Neto,PG,CLE,367,30,48,1,505,5.7,10.9,0.518,1.2,4.2,0.286,4.5,6.8,0.662,0.573,3.1,3.4,0.912,1.0,3.6,4.6,7.8,1.7,0.4,2.4,4.9,15.6,126.0,113,,netora01
2023,Dāvis Bertāns,PF,DAL,368,30,45,1,492,7.0,16.2,0.431,5.6,14.2,0.39,1.4,1.9,0.737,0.603,1.3,1.5,0.867,1.0,4.3,5.4,2.1,1.1,0.8,1.0,5.4,20.8,120.0,118,,bertada01
2023,Taj Gibson,C,WAS,369,37,49,2,480,6.6,12.7,0.52,0.8,2.4,0.333,5.8,10.2,0.564,0.552,3.0,4.3,0.714,3.2,6.2,9.4,3.4,1.5,1.2,2.6,8.5,17.0,114.0,115,,gibsota01
2023,Javonte Green,SF,CHI,370,29,32,1,480,6.2,11.0,0.565,1.3,3.6,0.371,4.9,7.4,0.658,0.625,3.0,4.6,0.667,2.7,6.2,8.9,2.3,2.4,2.1,2.0,5.3,16.7,122.0,109,,greenja02
2023,Damian Jones,C,LAL,371,27,41,1,477,5.5,8.6,0.64,1.0,1.7,0.588,4.5,6.9,0.652,0.698,2.2,2.9,0.759,4.2,8.0,12.2,1.5,0.8,2.1,2.3,5.5,14.2,128.0,115,,jonesda03
2023,Isaiah Roby,PF,SAS,372,24,42,2,474,6.7,15.4,0.432,1.8,6.0,0.3,4.9,9.5,0.516,0.49,2.0,4.1,0.488,2.1,8.6,10.7,3.8,1.8,0.7,3.1,5.3,17.1,97.0,118,,robyis01
2023,Stanley Johnson,SF,SAS,373,26,30,0,469,6.5,12.3,0.533,1.8,4.0,0.45,4.7,8.3,0.573,0.607,2.6,3.9,0.667,2.2,7.4,9.6,6.7,1.6,0.6,3.3,4.8,17.5,117.0,119,,johnsst04
2023,Svi Mykhailiuk,SF,NYK,374,25,32,8,468,7.9,17.7,0.445,4.3,10.1,0.424,3.6,7.6,0.473,0.566,2.7,4.0,0.667,1.5,3.9,5.4,5.4,1.5,0.4,2.4,2.3,22.7,115.0,118,,mykhasv01
2023,Evan Fournier,SG,NYK,375,30,27,7,459,6.0,17.9,0.337,3.8,12.3,0.307,2.3,5.6,0.404,0.443,1.9,2.3,0.857,0.4,4.8,5.3,3.9,1.7,0.3,2.4,5.0,17.8,98.0,116,,fournev01
2023,Willy Hernangómez,C,NOP,376,28,38,2,458,9.4,17.9,0.527,0.3,1.2,0.273,9.1,16.7,0.544,0.536,8.6,11.0,0.779,6.1,12.9,19.0,3.5,1.8,1.4,4.1,6.8,27.7,118.0,108,,hernawi01
2023,Kevon Harris,SG,ORL,377,25,34,0,457,5.0,11.3,0.439,1.7,4.5,0.372,3.3,6.8,0.484,0.514,3.3,4.3,0.756,3.0,4.4,7.4,1.7,1.8,0.5,2.2,5.6,14.9,110.0,115,,harrike01
2023,Goga Bitadze,C,IND,378,23,38,1,457,7.2,13.1,0.552,0.6,2.7,0.231,6.6,10.4,0.636,0.576,2.4,4.4,0.548,6.4,8.0,14.4,4.1,1.7,2.7,2.3,6.7,17.5,123.0,112,,bitadgo01
2023,Admiral Schofield,PF,ORL,379,25,37,0,451,5.9,13.1,0.451,2.6,7.9,0.324,3.3,5.1,0.646,0.549,2.3,2.5,0.913,2.5,4.2,6.6,3.3,0.9,0.5,1.7,6.5,16.6,120.0,117,,schofad01
2023,TyTy Washington Jr.,PG,HOU,380,21,31,2,433,6.5,17.9,0.363,2.1,9.0,0.238,4.4,9.0,0.488,0.422,1.1,2.0,0.556,0.2,4.8,5.0,5.3,1.7,0.2,1.6,3.2,16.2,99.0,121,,washity02
2023,Dewayne Dedmon,C,MIA,381,33,38,1,426,9.0,17.7,0.51,1.4,4.6,0.308,7.6,13.1,0.58,0.55,3.9,5.7,0.673,4.0,11.7,15.7,3.0,1.1,2.2,2.9,8.8,23.3,112.0,110,,dedmode01
2023,Orlando Robinson,C,MIA,382,22,31,1,425,5.5,10.4,0.528,0.0,0.7,0.0,5.5,9.7,0.566,0.528,2.6,3.6,0.71,5.6,9.2,14.8,2.9,1.4,1.4,1.9,6.2,13.6,122.0,111,,robinor01
2023,Johnny Davis,SG,WAS,383,20,28,5,423,7.6,19.7,0.386,2.0,8.1,0.243,5.6,11.6,0.485,0.436,1.6,3.1,0.519,1.2,6.3,7.5,3.2,1.2,0.9,2.0,5.5,18.8,92.0,117,,davisjo06
2023,Keon Johnson,SG,POR,384,20,40,0,416,7.8,20.8,0.376,3.3,9.5,0.346,4.6,11.4,0.402,0.455,3.2,4.8,0.659,1.3,3.9,5.2,6.9,2.2,0.7,5.0,5.0,22.1,93.0,119,,johnske07
2023,Jake LaRavia,PF,MEM,385,21,35,0,414,4.2,10.9,0.389,2.8,8.1,0.338,1.5,2.8,0.542,0.516,0.8,1.0,0.778,2.2,5.0,7.2,2.4,1.4,0.5,2.1,5.6,12.0,105.0,114,,laravja01
2023,Dominick Barlow,PF,SAS,386,19,28,0,408,5.3,10.0,0.535,0.0,0.5,0.0,5.3,9.5,0.561,0.535,2.1,2.9,0.72,5.3,6.5,11.8,2.8,1.2,2.2,1.7,6.5,12.7,121.0,119,,barlodo01
2023,Bruno Fernando,C,HOU,387,24,39,4,405,7.1,13.4,0.527,0.0,0.5,0.0,7.1,12.9,0.546,0.527,4.2,6.0,0.7,6.5,9.9,16.4,3.7,0.7,4.1,3.0,8.8,18.3,118.0,115,,fernabr01
2023,Cade Cunningham,PG,DET,388,21,12,12,400,11.3,27.1,0.415,2.1,7.4,0.279,9.2,19.7,0.466,0.453,4.4,5.2,0.837,1.5,7.5,9.0,8.7,1.2,0.8,4.7,4.1,29.0,100.0,119,,cunnica01
2023,Ish Smith,PG,DEN,389,34,43,0,398,6.4,16.1,0.397,0.2,1.5,0.167,6.1,14.6,0.42,0.405,0.2,0.5,0.5,0.6,6.0,6.6,12.3,1.0,0.9,5.4,4.1,13.3,89.0,116,,smithis01
2023,Duane Washington Jr.,SG,PHO,390,22,31,3,394,11.7,31.8,0.367,5.0,13.8,0.36,6.7,18.0,0.372,0.445,2.0,3.0,0.667,0.2,4.2,4.5,7.8,0.7,0.5,4.2,2.9,30.3,93.0,117,,washidu02
2023,Kessler Edwards,SF,BRK,391,22,36,4,385,4.5,11.6,0.387,2.1,6.9,0.309,2.4,4.7,0.5,0.478,1.4,1.9,0.733,2.9,4.7,7.6,2.9,1.7,0.7,1.6,5.0,12.5,108.0,117,,edwarke02
2023,Saben Lee,PG,PHI,392,23,25,1,373,6.4,15.9,0.405,1.4,3.9,0.367,5.0,11.9,0.418,0.45,5.5,7.5,0.737,1.7,4.2,5.9,8.8,2.5,0.1,3.1,4.2,19.8,111.0,113,,leesa01
2023,Gary Payton II,SG,POR,393,30,22,1,367,5.4,9.1,0.594,1.7,3.4,0.5,3.7,5.7,0.651,0.688,0.8,0.9,0.857,3.2,5.9,9.1,3.9,2.9,0.7,2.1,5.7,13.3,131.0,115,,paytoga02
2023,Udoka Azubuike,C,UTA,394,23,36,4,359,7.9,9.6,0.819,0.0,0.0,,7.9,9.6,0.819,0.819,0.9,2.7,0.35,4.1,11.7,15.8,1.5,0.8,2.0,2.4,4.5,16.6,131.0,114,,azubuud01
2023,Gorgui Dieng,C,SAS,395,33,31,1,358,5.9,15.4,0.385,2.8,9.9,0.28,3.2,5.5,0.571,0.474,1.3,1.7,0.769,3.6,10.6,14.1,7.0,0.5,1.8,4.2,7.5,16.0,100.0,118,,dienggo01
2023,JaVale McGee,C,DAL,396,35,42,7,355,11.2,17.5,0.64,0.3,0.7,0.4,10.9,16.8,0.65,0.648,3.4,5.7,0.585,4.2,10.8,15.0,1.5,0.6,3.6,5.0,7.6,26.0,108.0,112,,mcgeeja01
2023,Markieff Morris,PF,BRK,397,33,35,2,355,6.5,15.9,0.409,3.9,9.8,0.394,2.6,6.1,0.432,0.53,1.4,1.4,1.0,1.8,8.0,9.8,4.3,1.2,0.7,2.5,6.6,18.2,108.0,115,,morrima02
2023,Furkan Korkmaz,SG,PHI,398,25,37,0,353,6.7,15.6,0.432,2.5,6.5,0.391,4.2,9.1,0.462,0.514,3.6,5.1,0.722,0.8,5.1,5.9,3.1,1.4,0.4,3.4,2.5,19.6,100.0,115,,korkmfu01
2023,Richaun Holmes,C,SAC,399,29,42,1,348,7.6,12.2,0.618,0.7,1.1,0.625,6.9,11.1,0.617,0.646,2.1,2.6,0.789,4.0,7.0,11.0,1.2,0.4,1.5,1.9,6.9,17.9,127.0,118,,holmeri01
2023,A.J. Green,SG,MIL,400,23,35,1,345,7.3,17.3,0.424,6.1,14.5,0.419,1.2,2.8,0.45,0.6,0.6,0.6,1.0,0.8,5.4,6.2,3.0,0.8,0.0,1.2,4.3,21.3,121.0,115,,greenaj01
2023,Davon Reed,SG,DEN,401,27,43,1,342,4.0,12.0,0.333,2.4,6.6,0.37,1.6,5.4,0.289,0.435,2.3,3.4,0.667,1.4,7.0,8.4,3.3,2.1,0.6,2.9,5.6,12.7,93.0,113,,reedda01
2023,Jae Crowder,PF,MIL,402,32,18,3,340,6.3,13.2,0.479,3.4,7.7,0.436,2.9,5.5,0.538,0.606,1.4,1.7,0.833,2.4,7.3,9.7,3.8,1.7,0.8,1.0,3.8,17.4,133.0,111,,crowdja01
2023,Derrick Rose,PG,NYK,403,34,27,0,338,8.9,23.2,0.384,2.8,9.2,0.302,6.1,14.0,0.438,0.443,1.6,1.8,0.917,1.2,4.7,5.8,6.7,1.0,0.7,3.2,2.6,22.2,99.0,117,,rosede01
2023,McKinley Wright IV,PG,DAL,404,24,27,1,335,6.8,14.5,0.469,1.3,4.2,0.321,5.5,10.4,0.529,0.515,1.9,2.8,0.684,1.3,5.6,7.0,8.6,1.2,0.7,2.8,3.6,16.9,113.0,118,,wrighmc01
2023,Theo Pinson,SG,DAL,405,27,40,1,323,4.8,13.4,0.356,3.4,9.5,0.355,1.4,3.8,0.36,0.483,1.7,2.0,0.846,1.5,8.2,9.7,7.1,0.9,0.2,1.8,5.2,14.6,114.0,117,,pinsoth01
2023,Julian Champagnie,SF,PHI,406,21,17,3,320,8.7,19.2,0.454,4.9,12.1,0.402,3.8,7.1,0.542,0.581,2.1,2.5,0.824,1.5,7.4,8.9,1.5,0.9,0.7,1.6,3.8,24.4,115.0,121,,champju02
2023,Matt Ryan,SF,LAL,407,25,34,0,310,6.1,16.5,0.37,4.9,12.9,0.381,1.2,3.7,0.333,0.519,1.5,1.8,0.833,0.6,3.4,4.0,2.4,0.8,0.2,1.1,4.1,18.7,109.0,119,,ryanma01
2023,Robin Lopez,C,CLE,408,34,37,2,299,8.1,12.6,0.64,0.3,0.7,0.5,7.7,11.9,0.648,0.653,2.3,3.0,0.778,3.9,4.7,8.6,3.2,0.3,1.3,4.2,7.2,18.8,114.0,114,,lopezro01
2023,Moses Brown,C,LAC,409,23,36,1,294,10.2,16.0,0.635,0.0,0.0,,10.2,16.0,0.635,0.635,5.5,12.0,0.458,9.5,13.7,23.2,0.7,0.7,2.3,2.5,6.5,25.8,123.0,111,,brownmo01
2023,Nathan Knight,C,MIN,410,25,38,0,291,7.5,13.2,0.568,1.3,3.6,0.364,6.2,9.6,0.644,0.617,6.4,9.3,0.684,3.6,5.6,9.1,2.1,1.6,1.0,3.4,6.7,22.7,118.0,114,,knighna01
2023,Kennedy Chandler,PG,MEM,411,20,36,0,281,5.9,14.0,0.422,0.3,2.5,0.133,5.6,11.5,0.485,0.434,1.0,2.2,0.462,1.5,4.9,6.4,9.8,2.0,0.8,3.0,2.5,13.2,101.0,112,,chandke01
2023,Dalano Banton,PG,TOR,412,23,31,2,279,9.7,23.0,0.423,2.7,9.0,0.294,7.1,14.0,0.506,0.481,3.0,4.3,0.708,1.9,6.0,8.0,6.4,2.3,2.3,3.2,6.0,25.2,105.0,112,,bantoda01
2023,Trent Forrest,SG,ATL,413,24,23,3,277,4.3,10.3,0.417,0.0,0.3,0.0,4.3,10.0,0.431,0.417,0.3,0.5,0.667,0.9,5.5,6.4,6.5,1.2,0.3,2.6,2.9,8.9,93.0,118,,forretr01
2023,Bryn Forbes,SG,MIN,414,29,25,0,268,5.3,14.7,0.361,2.5,8.2,0.304,2.8,6.6,0.432,0.446,2.7,2.7,1.0,0.7,1.9,2.7,3.0,1.2,0.4,2.1,3.9,15.8,99.0,118,,forbebr01
2023,Terry Taylor,PF,IND,415,23,31,2,264,7.0,13.5,0.52,0.9,3.4,0.263,6.1,10.1,0.607,0.553,1.1,2.0,0.545,4.9,3.6,8.5,1.8,0.5,1.1,1.6,4.7,16.1,115.0,121,,taylote01
2023,Jeff Dowtin Jr.,PG,TOR,416,25,25,0,259,4.8,10.9,0.439,1.0,3.1,0.313,3.8,7.8,0.488,0.482,1.1,1.7,0.667,1.1,3.2,4.4,5.9,1.7,0.6,1.0,2.5,11.6,118.0,117,,dowtije01
2023,KZ Okpala,PF,SAC,417,23,35,3,248,3.1,7.3,0.421,1.4,4.1,0.333,1.7,3.3,0.529,0.513,1.4,1.5,0.875,1.4,5.2,6.6,2.5,1.4,1.4,1.4,7.5,8.9,113.0,117,,okpalkz01
2023,Brandon Boston Jr.,SF,LAC,418,21,22,1,248,10.1,24.1,0.418,2.4,5.7,0.414,7.7,18.4,0.419,0.467,5.7,7.5,0.763,1.4,4.5,5.9,4.0,1.8,0.0,2.4,4.1,28.2,105.0,116,,bostobr01
2023,Luka Garza,C,MIN,419,24,28,0,243,12.3,22.7,0.543,2.7,7.6,0.359,9.6,15.1,0.636,0.603,8.0,10.2,0.788,6.5,5.9,12.3,3.5,0.6,0.4,2.7,8.4,35.4,130.0,117,,garzalu01
2023,Jamal Cain,PF,MIA,420,23,18,0,240,7.7,13.7,0.561,1.5,4.2,0.35,6.2,9.6,0.652,0.614,3.5,4.6,0.773,3.1,7.7,10.8,2.5,2.3,0.2,1.2,4.4,20.4,131.0,112,,cainja01
2023,Kira Lewis Jr.,PG,NOP,421,21,25,0,235,8.2,18.1,0.455,3.1,7.0,0.441,5.2,11.1,0.463,0.54,3.9,4.5,0.864,1.0,5.8,6.8,4.7,2.1,0.4,2.1,4.9,23.5,118.0,113,,lewiski01
2023,Frank Kaminsky,C,ATL,422,29,36,0,235,6.3,12.8,0.492,2.6,6.7,0.394,3.7,6.1,0.6,0.595,2.9,3.3,0.875,1.4,9.2,10.6,6.5,1.2,0.8,1.8,4.5,18.1,131.0,116,,kaminfr01
2023,Johnny Juzang,SG,UTA,423,21,18,0,232,7.2,21.4,0.337,3.1,13.0,0.238,4.1,8.4,0.488,0.409,0.4,0.8,0.5,1.6,6.4,8.0,1.6,0.8,0.6,0.6,2.7,17.9,93.0,119,,juzanjo01
2023,David Duke Jr.,SG,BRK,424,23,23,0,228,7.7,16.7,0.462,0.2,2.6,0.083,7.5,14.1,0.53,0.468,2.6,3.6,0.706,2.4,3.9,6.2,4.5,2.1,0.2,3.9,6.6,18.2,96.0,116,,dukeda01
2023,Patrick Baldwin Jr.,SF,GSW,425,20,31,0,226,9.0,22.8,0.394,6.7,17.6,0.381,2.3,5.2,0.44,0.541,0.8,1.3,0.667,0.2,8.2,8.4,2.3,1.3,0.8,2.3,2.9,25.5,101.0,114,,baldwpa01
2023,John Butler,C,POR,426,20,19,1,221,3.7,11.7,0.321,1.8,7.7,0.229,2.0,4.0,0.5,0.396,0.7,0.9,0.75,0.7,3.1,3.7,2.4,1.5,2.0,0.2,4.8,9.9,97.0,119,,butlejo01
2023,Cody Zeller,C,MIA,427,30,15,2,217,8.5,13.6,0.627,0.0,0.5,0.0,8.5,13.1,0.649,0.627,5.5,8.0,0.686,5.7,9.0,14.7,2.3,0.7,0.9,3.2,7.6,22.5,124.0,114,,zelleco01
2023,Dalen Terry,SG,CHI,428,20,38,0,214,7.3,16.4,0.444,1.6,6.1,0.259,5.7,10.2,0.556,0.493,3.2,4.8,0.667,2.7,5.7,8.4,5.0,2.5,1.1,1.8,5.5,19.3,112.0,110,,terryda01
2023,Matthew Dellavedova,PG,SAC,429,32,32,0,213,3.8,11.2,0.34,2.0,6.1,0.333,1.8,5.2,0.348,0.43,0.9,1.6,0.571,0.2,2.7,2.9,9.2,1.6,0.0,2.2,4.5,10.6,105.0,119,,dellama01
2023,Thanasis Antetokounmpo,PF,MIL,430,30,37,0,206,4.6,10.7,0.435,0.0,1.9,0.0,4.6,8.8,0.526,0.435,2.5,5.1,0.5,3.5,6.7,10.2,3.5,0.7,0.7,2.8,5.1,11.8,98.0,114,,antetth01
2023,Nikola Jović,PF,MIA,431,19,15,8,204,6.8,16.9,0.406,2.0,8.6,0.229,4.9,8.3,0.588,0.464,4.4,4.6,0.947,2.2,5.4,7.6,2.4,1.7,0.5,2.4,4.6,20.0,105.0,114,,jovicni01
2023,Jared Rhoden,SG,DET,432,23,14,0,198,4.2,10.8,0.386,1.2,4.9,0.25,2.9,5.9,0.5,0.443,1.5,1.5,1.0,2.7,6.4,9.1,1.0,1.0,0.2,0.7,5.6,11.0,108.0,121,,rhodeja01
2023,Moussa Diabaté,C,LAC,433,21,22,1,195,6.0,11.8,0.511,0.3,0.5,0.5,5.8,11.3,0.511,0.521,2.5,4.0,0.625,7.8,4.8,12.6,1.0,1.8,2.0,2.3,3.8,14.8,117.0,114,,diabamo01
2023,Nerlens Noel,C,DET,434,28,17,4,195,3.2,9.0,0.361,0.2,0.5,0.5,3.0,8.5,0.353,0.375,2.0,3.0,0.667,2.5,9.0,11.5,2.5,4.0,2.5,3.2,8.0,8.7,84.0,109,,noelne01
2023,Skylar Mays,PG,POR,435,25,6,6,189,8.8,17.5,0.5,3.1,6.7,0.462,5.7,10.8,0.524,0.588,3.1,3.3,0.923,0.5,4.4,4.9,12.9,1.5,0.3,2.6,2.8,23.7,132.0,121,,mayssk01
2023,Peyton Watson,SG,DEN,436,20,23,2,186,7.6,15.5,0.492,1.6,3.7,0.429,6.0,11.8,0.511,0.542,2.9,5.3,0.55,2.1,7.6,9.7,2.9,0.5,2.9,2.1,3.7,19.7,109.0,114,,watsope01
2023,Serge Ibaka,C,MIL,437,33,16,0,185,6.7,13.9,0.481,1.5,4.6,0.333,5.2,9.3,0.556,0.537,2.1,3.4,0.615,3.9,7.5,11.4,1.0,0.5,1.8,2.8,5.9,17.0,105.0,112,,ibakase01
2023,Kenneth Lofton Jr.,PF,MEM,438,20,24,1,176,13.2,25.1,0.527,1.6,4.6,0.353,11.6,20.5,0.566,0.559,4.3,7.3,0.593,5.1,8.6,13.8,5.4,1.3,0.5,3.2,7.6,32.4,116.0,111,,loftoke01
2023,Mamadi Diakite,C,CLE,439,26,22,2,176,6.8,14.2,0.48,2.0,6.0,0.333,4.8,8.3,0.586,0.55,0.6,0.6,1.0,2.3,6.3,8.5,2.3,1.1,2.6,3.4,7.4,16.2,99.0,109,,diakima01
2023,Ryan Arcidiacono,PG,NYK,440,28,20,4,172,2.6,10.5,0.243,2.3,6.5,0.348,0.3,4.0,0.071,0.351,0.0,0.0,,0.0,4.3,4.3,6.5,1.4,0.0,2.0,4.8,7.4,86.0,121,,arcidry01
2023,Boban Marjanović,C,HOU,441,34,31,0,171,11.6,17.0,0.683,0.0,0.3,0.0,11.6,16.7,0.695,0.683,5.7,7.7,0.741,5.7,11.3,17.0,2.6,1.4,0.6,4.0,2.8,28.9,127.0,117,,marjabo01
2023,Noah Vonleh,C,BOS,442,27,23,1,171,3.1,6.8,0.458,0.3,1.1,0.25,2.9,5.7,0.5,0.479,0.6,0.6,1.0,5.1,8.6,13.7,2.0,0.6,2.3,3.1,10.0,7.1,101.0,110,,vonleno01
2023,Vit Krejci,PG,ATL,443,22,29,0,165,4.3,10.7,0.405,1.4,6.1,0.238,2.9,4.6,0.625,0.473,0.3,0.6,0.5,1.7,5.8,7.5,4.9,1.4,0.3,1.4,4.9,10.4,108.0,118,,krejcvi01
2023,Garrett Temple,SG,NOP,444,36,25,0,162,5.4,13.5,0.4,3.3,7.8,0.423,2.1,5.7,0.368,0.522,0.9,1.2,0.75,1.5,3.6,5.1,3.9,2.7,0.6,1.2,4.5,15.0,114.0,112,,templga01
2023,Khem Birch,C,TOR,445,30,20,0,162,5.8,9.8,0.594,0.3,0.6,0.5,5.5,9.2,0.6,0.609,1.2,1.5,0.8,2.4,5.2,7.6,2.1,1.5,1.5,2.4,7.3,13.1,113.0,115,,birchkh01
2023,James Johnson,PF,IND,446,35,18,1,162,6.4,14.4,0.449,0.9,4.4,0.2,5.6,10.0,0.559,0.48,1.2,2.3,0.5,1.2,7.6,8.8,4.4,2.1,1.8,2.3,9.4,14.9,98.0,115,,johnsja01
2023,Alex Len,C,SAC,447,29,26,2,161,4.8,8.9,0.533,0.0,0.6,0.0,4.8,8.3,0.571,0.533,3.3,4.8,0.688,7.1,10.7,17.8,3.6,1.2,3.3,4.8,8.3,12.8,109.0,112,,lenal01
2023,Luka Šamanić,PF,UTA,448,23,7,4,161,7.7,16.9,0.456,2.4,9.2,0.258,5.3,7.7,0.692,0.526,2.7,3.9,0.692,0.0,8.9,8.9,4.5,1.8,0.6,3.0,5.0,20.5,105.0,115,,samanlu01
2023,Dru Smith,SG,MIA,449,25,15,1,158,5.6,14.0,0.4,1.6,5.9,0.263,4.1,8.1,0.5,0.456,0.9,0.9,1.0,0.6,6.9,7.5,6.9,3.1,1.2,0.9,7.2,13.7,111.0,110,,smithdr01
2023,Wendell Moore Jr.,SG,MIN,450,21,29,2,153,5.6,13.4,0.419,0.6,5.3,0.118,5.0,8.1,0.615,0.442,1.2,1.6,0.8,1.2,4.3,5.6,5.6,2.5,1.6,2.5,4.0,13.0,98.0,113,,moorewe01
2023,Otto Porter Jr.,SF,TOR,451,29,8,2,146,5.1,10.2,0.5,2.0,5.8,0.353,3.0,4.4,0.692,0.6,2.7,2.7,1.0,2.0,4.4,6.4,2.7,3.7,0.0,1.4,2.4,14.9,132.0,112,,porteot01
2023,Kemba Walker,PG,DAL,452,32,9,1,144,8.3,19.7,0.421,2.4,9.7,0.25,5.9,10.0,0.586,0.482,5.9,7.2,0.81,1.0,4.5,5.5,6.6,0.7,0.7,1.4,3.8,24.9,118.0,119,,walkeke02
2023,Danny Green,SG,MEM,453,35,11,0,138,7.9,17.5,0.449,5.7,13.2,0.432,2.1,4.3,0.5,0.612,0.4,0.4,1.0,1.1,3.9,5.0,2.1,2.1,1.1,3.6,5.7,21.8,103.0,111,,greenda02
2023,Jarrett Culver,SF,ATL,454,23,10,1,137,5.9,15.0,0.395,0.3,4.2,0.083,5.6,10.8,0.516,0.407,3.1,4.5,0.692,3.5,9.7,13.2,2.1,2.1,0.7,2.4,4.9,15.3,96.0,113,,culveja01
2023,Quenton Jackson,PG,WAS,455,24,9,0,135,6.9,15.2,0.452,0.4,4.3,0.083,6.5,10.8,0.6,0.464,6.1,7.9,0.773,0.7,2.2,2.9,5.4,1.4,0.4,1.4,3.6,20.2,117.0,119,,jacksqu01
2023,Cody Martin,SF,CHO,456,27,7,0,134,5.0,12.8,0.389,1.1,5.0,0.214,3.9,7.8,0.5,0.431,1.4,2.5,0.571,2.8,5.7,8.5,3.9,1.4,0.4,0.7,4.6,12.4,108.0,117,,martico01
2023,Jeenathan Williams,SG,POR,457,23,5,4,127,9.2,15.0,0.615,1.2,3.1,0.375,8.1,11.9,0.677,0.654,0.8,1.2,0.667,3.8,1.9,5.8,3.8,1.2,0.8,1.5,5.0,20.3,132.0,122,,willije02
2023,Xavier Cooks,PF,WAS,458,27,10,1,126,6.6,10.8,0.607,0.0,0.4,0.0,6.6,10.4,0.63,0.607,1.5,3.9,0.4,6.2,8.5,14.7,2.3,2.3,1.5,3.1,5.0,14.7,113.0,112,,cooksxa01
2023,Jason Preston,PG,LAC,459,23,14,0,124,7.1,16.2,0.439,2.0,7.1,0.278,5.1,9.1,0.565,0.5,0.0,0.8,0.0,0.8,7.9,8.7,10.7,0.8,0.0,4.0,2.8,16.2,102.0,117,,prestja01
2023,Jonathan Isaac,PF,ORL,460,25,11,0,124,8.6,20.7,0.415,2.3,5.8,0.4,6.2,14.8,0.421,0.472,1.9,3.5,0.556,5.8,11.3,17.2,2.3,5.5,1.6,1.6,1.9,21.4,108.0,102,,isaacjo01
2023,Shaquille Harrison,SG,POR,461,29,5,0,120,6.1,14.6,0.417,1.2,4.1,0.3,4.9,10.6,0.462,0.458,4.5,6.1,0.733,0.4,8.5,8.9,12.2,4.5,0.8,2.4,4.9,17.9,118.0,111,,harrish01
2023,Meyers Leonard,C,MIL,462,30,9,2,114,5.9,12.1,0.483,2.9,7.5,0.389,2.9,4.6,0.636,0.603,3.4,3.8,0.889,5.0,9.2,14.2,0.4,0.8,0.0,2.5,6.7,18.0,123.0,113,,leoname01
2023,Olivier Sarr,C,OKC,463,23,9,1,114,6.2,12.5,0.5,0.4,3.3,0.125,5.8,9.2,0.636,0.517,2.1,2.9,0.714,5.0,7.9,12.9,1.7,0.4,2.1,1.7,7.1,15.0,116.0,114,,sarrol01
2023,Andre Iguodala,PF,GSW,464,39,8,0,113,2.9,6.3,0.467,0.4,3.8,0.111,2.5,2.5,1.0,0.5,0.8,1.3,0.667,1.3,5.9,7.1,7.9,1.7,1.3,3.8,4.6,7.1,102.0,114,,iguodan01
2023,Daniel Theis,C,IND,465,30,7,1,109,9.1,19.2,0.477,0.9,4.8,0.182,8.3,14.4,0.576,0.5,2.2,5.2,0.417,3.0,6.5,9.6,3.9,0.9,2.6,1.3,3.0,21.3,108.0,118,,theisda01
2023,A.J. Lawson,SG,MIN,466,22,15,0,108,10.1,20.2,0.5,4.6,11.5,0.4,5.5,8.7,0.632,0.614,0.9,3.7,0.25,2.8,6.9,9.7,0.9,0.9,0.0,1.4,5.1,25.8,112.0,118,,lawsoaj01
2023,Justin Jackson,SF,BOS,467,27,23,0,107,3.2,12.3,0.259,2.3,9.1,0.25,0.9,3.2,0.286,0.352,0.5,0.9,0.5,0.9,6.8,7.7,4.1,1.8,1.8,0.9,3.2,9.1,89.0,110,,jacksju01
2023,Vince Williams Jr.,SG,MEM,468,22,15,1,105,5.4,18.1,0.3,1.8,12.7,0.143,3.6,5.4,0.667,0.35,0.9,0.9,1.0,1.8,5.0,6.8,1.8,2.7,0.9,2.3,5.4,13.6,79.0,110,,willivi01
2023,Josh Minott,SF,MIN,469,20,15,0,96,8.9,17.8,0.5,1.0,3.0,0.333,7.9,14.8,0.533,0.528,4.0,4.0,1.0,2.5,9.9,12.4,2.5,2.0,3.0,1.5,4.9,22.8,119.0,109,,minotjo01
2023,Jay Huff,C,WAS,470,24,7,0,95,7.7,12.8,0.6,3.1,6.2,0.5,4.6,6.7,0.692,0.72,7.7,8.2,0.938,3.1,7.7,10.8,5.1,1.5,2.1,2.6,7.7,26.1,149.0,114,,huffja01
2023,Greg Brown III,PF,POR,471,21,16,0,93,5.8,14.7,0.393,0.5,3.7,0.143,5.2,11.0,0.476,0.411,2.6,6.3,0.417,1.0,8.9,10.0,1.6,2.1,2.6,3.1,6.8,14.7,79.0,114,,browngr01
2023,Joshua Primo,SG,SAS,472,20,4,0,93,4.6,13.2,0.346,1.5,6.1,0.25,3.0,7.1,0.429,0.404,3.6,4.6,0.778,1.0,5.6,6.6,9.1,0.5,1.0,5.6,4.1,14.2,90.0,122,,primojo01
2023,Buddy Boeheim,SF,DET,473,23,10,0,90,2.7,14.5,0.185,2.2,13.5,0.16,0.5,1.1,0.5,0.259,1.1,1.1,1.0,1.1,2.2,3.2,2.2,1.1,0.0,0.0,3.2,8.6,77.0,123,,boehebu01
2023,Jaden Springer,SG,PHI,474,20,16,2,89,9.5,19.5,0.486,1.1,2.8,0.4,8.4,16.7,0.5,0.514,3.3,4.5,0.75,3.3,4.5,7.8,4.5,3.9,1.7,1.7,8.4,23.4,116.0,108,,sprinja01
2023,Justin Minaya,SF,POR,475,23,4,0,89,3.8,12.6,0.304,1.6,6.6,0.25,2.2,6.0,0.364,0.37,0.0,0.5,0.0,1.6,6.6,8.2,2.2,1.1,2.7,2.2,4.9,9.3,77.0,117,,minayju01
2023,Lindell Wigginton,PG,MIL,476,24,7,1,87,9.9,20.3,0.486,3.3,9.9,0.333,6.6,10.4,0.632,0.568,4.4,4.9,0.889,0.0,3.8,3.8,7.7,0.0,1.1,6.6,3.8,27.4,104.0,117,,wiggili01
2023,Isaiah Mobley,PF,CLE,477,23,12,0,84,7.2,16.7,0.429,1.8,4.8,0.375,5.4,11.9,0.45,0.482,2.4,2.4,1.0,2.4,9.6,11.9,1.8,2.4,1.8,0.6,4.8,18.5,114.0,106,,mobleis01
2023,Jordan Hall,SF,SAS,478,21,9,0,83,5.1,15.9,0.321,1.7,8.5,0.2,3.4,7.4,0.462,0.375,4.0,5.1,0.778,1.7,5.1,6.8,6.3,0.6,0.0,4.0,3.4,15.9,91.0,124,,halljo02
2023,Omer Yurtseven,C,MIA,479,24,9,0,83,9.6,16.2,0.593,1.8,4.2,0.429,7.8,12.0,0.65,0.648,3.0,3.6,0.833,4.8,9.0,13.8,1.2,1.2,1.2,2.4,9.6,24.0,126.0,112,,yurtsom01
2023,PJ Dozier,SF,SAC,480,26,16,0,79,6.1,20.0,0.303,1.2,9.7,0.125,4.8,10.3,0.471,0.333,0.0,0.0,,0.6,7.9,8.5,6.1,3.6,0.6,3.0,4.2,13.3,76.0,111,,doziepj01
2023,Jared Butler,PG,OKC,481,22,6,1,77,9.3,19.7,0.469,4.3,8.6,0.5,4.9,11.1,0.444,0.578,0.0,0.0,,0.6,1.9,2.5,4.9,3.1,0.0,3.1,3.1,22.8,108.0,115,,butleja02
2023,Keon Ellis,SG,SAC,482,23,16,0,71,4.7,10.8,0.438,4.0,8.1,0.5,0.7,2.7,0.25,0.625,2.7,4.7,0.571,2.7,2.7,5.4,4.0,3.4,0.7,0.7,6.7,16.2,138.0,114,,elliske01
2023,Udonis Haslem,C,MIA,483,42,7,1,71,7.0,20.4,0.345,2.1,6.3,0.333,4.9,14.0,0.35,0.397,2.8,3.5,0.8,2.8,4.9,7.7,0.0,0.7,1.4,0.7,7.7,19.0,94.0,115,,hasleud01
2023,Jamaree Bouyea,PG,MIA,484,23,5,0,71,4.2,9.8,0.429,1.4,4.2,0.333,2.8,5.6,0.5,0.5,0.7,1.4,0.5,0.7,3.5,4.2,2.8,2.8,1.4,2.8,4.2,10.5,89.0,112,,bouyeja01
2023,Trevelin Queen,SG,IND,485,25,7,0,70,4.7,19.7,0.241,1.4,10.2,0.133,3.4,9.5,0.357,0.276,3.4,3.4,1.0,5.4,6.1,11.5,4.1,1.4,3.4,4.7,2.7,14.2,78.0,116,,queentr01
2023,Leandro Bolmaro,SF,UTA,486,22,14,0,68,2.1,14.0,0.15,0.0,2.8,0.0,2.1,11.2,0.188,0.15,0.0,0.0,,2.8,2.1,4.9,4.9,2.1,0.7,4.9,7.0,4.2,50.0,118,,bolmale01
2023,Jack White,SF,DEN,487,25,17,0,66,5.9,14.1,0.421,2.2,6.7,0.333,3.7,7.4,0.5,0.5,1.5,2.2,0.667,4.4,8.2,12.6,3.0,2.2,1.5,1.5,6.7,15.6,115.0,111,,whiteja03
2023,Tyrese Martin,SG,ATL,488,23,16,0,66,6.5,16.6,0.391,0.7,5.1,0.143,5.8,11.6,0.5,0.413,1.4,1.4,1.0,3.6,5.1,8.7,1.4,0.7,0.0,1.4,1.4,15.2,98.0,120,,martity01
2023,JD Davison,SG,BOS,489,20,12,0,66,5.9,14.0,0.421,1.5,5.2,0.286,4.4,8.9,0.5,0.474,0.7,1.5,0.5,1.5,5.2,6.6,8.1,1.5,1.5,3.0,3.7,14.0,104.0,112,,davisjd01
2023,Ryan Rollins,PG,GSW,490,20,12,0,62,5.3,15.2,0.35,2.3,6.9,0.333,3.0,8.4,0.364,0.425,4.6,4.6,1.0,2.3,6.9,9.1,4.6,0.8,0.8,12.2,7.6,17.5,70.0,116,,rolliry01
2023,Isaiah Todd,PF,WAS,491,21,6,1,61,2.4,15.2,0.158,0.8,8.0,0.1,1.6,7.2,0.222,0.184,1.6,1.6,1.0,1.6,8.0,9.6,3.2,0.8,0.0,1.6,3.2,7.2,62.0,118,,toddis01
2023,Sam Merrill,SG,CLE,492,26,5,0,59,7.7,18.7,0.409,4.3,15.3,0.278,3.4,3.4,1.0,0.523,1.7,1.7,1.0,0.0,7.7,7.7,4.3,3.4,0.0,0.0,2.6,21.3,121.0,107,,merrisa01
2023,Carlik Jones,PG,CHI,493,25,7,0,56,5.2,13.0,0.4,2.6,5.2,0.5,2.6,7.8,0.333,0.5,4.3,7.0,0.625,0.9,3.5,4.3,5.2,1.7,0.0,1.7,1.7,17.4,112.0,115,,jonesca03
2023,Gabe York,SG,IND,494,29,3,0,56,6.8,17.8,0.381,5.1,15.3,0.333,1.7,2.5,0.667,0.524,1.7,1.7,1.0,0.0,5.1,5.1,4.2,1.7,0.0,0.0,4.2,20.3,122.0,120,,yorkga01
2023,Devon Dotson,PG,WAS,495,23,6,0,53,0.9,9.2,0.1,0.9,3.7,0.25,0.0,5.5,0.0,0.15,0.0,0.0,,5.5,3.7,9.2,7.4,4.6,0.0,2.8,8.3,2.8,81.0,112,,dotsode01
2023,Facundo Campazzo,PG,DAL,496,31,8,0,52,2.9,12.4,0.231,2.9,10.5,0.273,0.0,1.9,0.0,0.346,1.0,1.9,0.5,0.0,1.9,1.9,8.6,5.7,0.0,2.9,2.9,9.6,86.0,111,,campafa01
2023,Micah Potter,PF,UTA,497,24,7,0,52,9.2,13.8,0.667,3.7,6.4,0.571,5.5,7.3,0.75,0.8,0.0,0.0,,2.8,11.9,14.7,3.7,0.9,0.0,1.8,4.6,22.0,145.0,116,,pottemi01
2023,Joe Wieskamp,SF,TOR,498,23,9,0,50,3.0,13.8,0.214,3.0,11.9,0.25,0.0,2.0,0.0,0.321,0.0,0.0,,0.0,4.0,4.0,3.0,0.0,0.0,1.0,3.0,8.9,77.0,121,,wieskjo01
2023,Ron Harper Jr.,PF,TOR,499,22,9,0,48,8.2,16.5,0.5,3.1,9.3,0.333,5.1,7.2,0.714,0.594,1.0,1.0,1.0,3.1,4.1,7.2,4.1,0.0,1.0,0.0,3.1,20.6,140.0,120,,harpero02
2023,Xavier Sneed,SF,CHO,500,25,4,0,48,5.0,9.9,0.5,3.0,5.9,0.5,2.0,4.0,0.5,0.65,4.0,4.0,1.0,0.0,5.0,5.0,5.0,0.0,1.0,3.0,6.9,16.9,124.0,120,,sneedxa01
2023,Michael Carter-Williams,PG,ORL,501,31,4,0,44,6.6,15.4,0.429,1.1,3.3,0.333,5.5,12.1,0.455,0.464,4.4,7.7,0.571,1.1,4.4,5.5,7.7,1.1,1.1,4.4,5.5,18.7,98.0,116,,cartemi01
2023,Cole Swider,SF,LAL,502,23,7,0,41,3.5,10.4,0.333,3.5,9.2,0.375,0.0,1.2,0.0,0.5,0.0,0.0,,1.2,6.9,8.1,4.6,0.0,0.0,0.0,3.5,10.4,124.0,118,,swideco01
2023,Mac McClung,SG,PHI,503,24,2,0,41,10.9,24.2,0.45,4.8,13.3,0.364,6.0,10.9,0.556,0.55,3.6,6.0,0.6,3.6,8.5,12.1,10.9,0.0,0.0,3.6,3.6,30.2,119.0,117,,mccluma01
2023,Jacob Gilyard,PG,MEM,504,24,1,0,41,1.2,3.5,0.333,1.2,3.5,0.333,0.0,0.0,,0.5,0.0,0.0,,0.0,4.6,4.6,8.1,3.5,0.0,2.3,3.5,3.5,108.0,110,,gilyaja01
2023,Kendall Brown,SG,IND,505,19,6,0,40,4.7,8.3,0.571,0.0,1.2,0.0,4.7,7.1,0.667,0.571,1.2,2.4,0.5,2.4,4.7,7.1,3.6,4.7,0.0,2.4,10.7,10.7,109.0,113,,brownke03
2023,Jarrell Brantley,PF,UTA,506,26,4,0,39,9.8,17.1,0.571,4.9,11.0,0.444,4.9,6.1,0.8,0.714,2.4,2.4,1.0,1.2,6.1,7.3,3.7,0.0,2.4,2.4,3.7,26.9,134.0,118,,brantja01
2023,Mfiondu Kabengele,PF,BOS,507,25,4,0,36,2.7,9.5,0.286,0.0,4.1,0.0,2.7,5.4,0.5,0.286,2.7,2.7,1.0,6.8,6.8,13.5,0.0,2.7,0.0,1.4,4.1,8.1,103.0,110,,kabenmf01
2023,RaiQuan Gray,PF,BRK,508,23,1,0,35,8.4,16.7,0.5,2.8,7.0,0.4,5.6,9.8,0.571,0.583,2.8,2.8,1.0,4.2,8.4,12.6,9.8,0.0,1.4,5.6,7.0,22.3,115.0,116,,grayra01
2023,Justin Champagnie,SF,TOR,509,21,5,0,34,7.2,21.6,0.333,1.4,7.2,0.2,5.8,14.4,0.4,0.367,0.0,0.0,,4.3,7.2,11.5,5.8,1.4,0.0,0.0,2.9,15.8,96.0,114,,champju01
2023,Tony Bradley,C,CHI,510,25,12,0,33,8.9,17.7,0.5,4.4,7.4,0.6,4.4,10.3,0.429,0.625,5.9,5.9,1.0,1.5,14.8,16.2,1.5,1.5,1.5,1.5,3.0,28.0,132.0,107,,bradlto01
2023,Scotty Pippen Jr.,PG,LAL,511,22,6,0,32,5.9,17.8,0.333,1.5,4.4,0.333,4.4,13.3,0.333,0.375,7.4,13.3,0.556,3.0,3.0,5.9,3.0,3.0,1.5,3.0,4.4,20.7,93.0,112,,pippesc02
2023,Alize Johnson,PF,SAS,512,26,4,0,30,4.7,9.4,0.5,0.0,3.1,0.0,4.7,6.3,0.75,0.5,1.6,3.1,0.5,3.1,12.6,15.7,1.6,1.6,0.0,6.3,4.7,11.0,74.0,117,,johnsal02
2023,Jay Scrubb,SG,ORL,513,22,2,0,30,8.1,11.3,0.714,3.2,3.2,1.0,4.8,8.1,0.6,0.857,1.6,3.2,0.5,0.0,9.7,9.7,1.6,3.2,0.0,4.8,3.2,20.9,108.0,110,,scrubja01
2023,Neemias Queta,C,SAC,514,23,5,0,29,9.9,14.8,0.667,0.0,0.0,,9.9,14.8,0.667,0.667,0.0,3.3,0.0,8.2,9.9,18.1,1.6,0.0,3.3,1.6,11.5,19.8,127.0,114,,quetane01
2023,Louis King,PF,PHI,515,23,1,0,29,13.7,22.2,0.615,6.8,13.7,0.5,6.8,8.5,0.8,0.769,0.0,1.7,0.0,3.4,3.4,6.8,3.4,1.7,0.0,3.4,6.8,34.2,125.0,116,,kinglo02
2023,Vernon Carey Jr.,C,WAS,516,21,11,0,28,3.5,13.9,0.25,0.0,0.0,,3.5,13.9,0.25,0.25,3.5,3.5,1.0,5.2,13.9,19.1,5.2,3.5,3.5,3.5,8.7,10.4,87.0,104,,careyve01
2023,Trevor Hudgins,PG,HOU,517,23,5,0,28,3.5,15.6,0.222,3.5,13.9,0.25,0.0,1.7,0.0,0.333,5.2,5.2,1.0,0.0,0.0,0.0,5.2,0.0,0.0,1.7,1.7,15.6,103.0,128,,hudgitr01
2023,Kobi Simmons,SG,CHO,518,25,5,0,28,1.7,10.2,0.167,1.7,8.5,0.2,0.0,1.7,0.0,0.25,3.4,3.4,1.0,1.7,5.1,6.8,8.5,0.0,3.4,1.7,0.0,8.5,101.0,117,,simmoko01
2023,Darius Days,SF,HOU,519,23,4,0,25,9.7,23.3,0.417,5.8,19.4,0.3,3.9,3.9,1.0,0.542,3.9,3.9,1.0,1.9,9.7,11.6,1.9,0.0,1.9,0.0,3.9,29.1,132.0,120,,daysda01
2023,Sterling Brown,SF,LAL,520,27,4,0,24,0.0,7.9,0.0,0.0,3.9,0.0,0.0,3.9,0.0,0.0,0.0,0.0,,5.9,9.9,15.8,3.9,5.9,0.0,0.0,7.9,0.0,75.0,103,,brownst02
2023,Chance Comanche,C,POR,521,26,1,0,21,7.0,11.6,0.6,0.0,0.0,,7.0,11.6,0.6,0.6,2.3,9.3,0.25,4.6,2.3,7.0,0.0,0.0,2.3,0.0,0.0,16.2,115.0,123,,comanch01
2023,Marko Simonovic,C,CHI,522,23,7,0,20,4.9,17.0,0.286,2.4,9.7,0.25,2.4,7.3,0.333,0.357,2.4,4.9,0.5,2.4,2.4,4.9,0.0,0.0,0.0,0.0,12.2,14.6,88.0,119,,simonma01
2023,Xavier Moon,SG,LAC,523,28,4,0,20,7.3,22.0,0.333,2.4,7.3,0.333,4.9,14.7,0.333,0.389,0.0,0.0,,0.0,7.3,7.3,12.2,0.0,0.0,2.4,4.9,17.1,96.0,119,,moonxa01
2023,Lester Quiñones,SG,GSW,524,22,4,0,18,5.2,13.1,0.4,5.2,10.5,0.5,0.0,2.6,0.0,0.6,10.5,15.7,0.667,2.6,5.2,7.9,5.2,2.6,0.0,13.1,0.0,26.2,87.0,114,,quinole01
2023,Dereon Seabron,SG,NOP,525,22,5,0,12,8.1,20.2,0.4,0.0,0.0,,8.1,20.2,0.4,0.4,0.0,0.0,,4.0,0.0,4.0,0.0,0.0,0.0,0.0,4.0,16.2,95.0,121,,seabrde01
2023,Dylan Windler,SF,CLE,526,26,3,0,10,10.0,15.0,0.667,5.0,10.0,0.5,5.0,5.0,1.0,0.833,0.0,0.0,,0.0,0.0,0.0,5.0,5.0,0.0,5.0,0.0,25.1,119.0,108,,windldy01
2023,Malcolm Hill,SF,CHI,527,27,5,0,9,10.8,21.6,0.5,5.4,16.2,0.333,5.4,5.4,1.0,0.625,0.0,0.0,,0.0,16.2,16.2,0.0,0.0,0.0,0.0,5.4,27.1,119.0,112,,hillma01
2023,Braxton Key,SF,DET,528,25,3,0,9,5.4,5.4,1.0,0.0,0.0,,5.4,5.4,1.0,1.0,10.8,10.8,1.0,0.0,5.4,5.4,0.0,0.0,0.0,0.0,0.0,21.5,227.0,124,,keybr01
2023,Tyler Dorsey,SF,DAL,529,26,3,0,8,24.9,31.1,0.8,6.2,12.4,0.5,18.6,18.6,1.0,0.9,0.0,0.0,,6.2,6.2,12.4,0.0,0.0,0.0,0.0,0.0,55.9,170.0,121,,dorsety01
2023,Trevor Keels,SG,NYK,530,19,3,0,8,6.2,24.7,0.25,6.2,24.7,0.25,0.0,0.0,,0.375,0.0,0.0,,0.0,12.4,12.4,0.0,0.0,0.0,0.0,0.0,18.5,84.0,116,,keelstr01
2023,Chima Moneke,SF,SAC,531,27,2,0,8,6.0,12.0,0.5,0.0,0.0,,6.0,12.0,0.5,0.5,0.0,12.0,0.0,12.0,0.0,12.0,6.0,0.0,0.0,12.0,12.0,12.0,72.0,124,,monekch01
2023,Deonte Burton,PF,SAC,532,29,2,0,6,0.0,15.9,0.0,0.0,8.0,0.0,0.0,8.0,0.0,0.0,0.0,0.0,,0.0,0.0,0.0,0.0,0.0,0.0,0.0,0.0,0.0,0.0,124,,burtode02
2023,Jordan Schakel,SF,WAS,533,24,2,0,6,8.1,16.2,0.5,8.1,8.1,1.0,0.0,8.1,0.0,0.75,0.0,0.0,,0.0,0.0,0.0,8.1,8.1,0.0,0.0,8.1,24.4,161.0,106,,schakjo01
2023,Frank Jackson,PG,UTA,534,24,1,0,5,0.0,28.7,0.0,0.0,9.6,0.0,0.0,19.1,0.0,0.0,0.0,0.0,,9.6,9.6,19.1,9.6,0.0,0.0,0.0,0.0,0.0,48.0,119,,jacksfr01
2023,Alondes Williams,SG,BRK,535,23,1,0,5,0.0,0.0,,0.0,0.0,,0.0,0.0,,,0.0,0.0,,0.0,9.8,9.8,0.0,0.0,0.0,19.5,9.8,0.0,0.0,117,,willial06
2023,Donovan Williams,SG,ATL,536,21,2,0,4,23.8,59.6,0.4,0.0,23.8,0.0,23.8,35.8,0.667,0.4,0.0,0.0,,0.0,23.8,23.8,0.0,0.0,0.0,0.0,0.0,47.7,81.0,111,,willido02
2023,Chris Silva,PF,DAL,537,26,1,0,3,16.6,16.6,1.0,0.0,0.0,,16.6,16.6,1.0,1.0,0.0,0.0,,0.0,0.0,0.0,0.0,0.0,0.0,16.6,33.1,33.1,66.0,123,,silvach01
2023,Stanley Umude,SG,DET,538,23,1,0,2,0.0,24.2,0.0,0.0,24.2,0.0,0.0,0.0,,0.0,48.5,48.5,1.0,0.0,0.0,0.0,0.0,24.2,24.2,0.0,0.0,48.5,126.0,44,,umudest01
2023,Michael Foster Jr.,PF,PHI,539,20,1,0,1,0.0,0.0,,0.0,0.0,,0.0,0.0,,,0.0,0.0,,0.0,0.0,0.0,0.0,0.0,0.0,0.0,0.0,0.0,,122,,fostemi02
2024,DeMar DeRozan,SF,CHI,1,34,79,79,2989,10.8,22.6,0.48,1.3,3.8,0.333,9.6,18.8,0.509,0.507,8.7,10.2,0.853,0.7,5.0,5.7,7.0,1.5,0.8,2.3,2.7,31.6,122.0,118,CPOY-2,derozde01
2024,Domantas Sabonis,C,SAC,2,27,82,82,2928,10.5,17.7,0.594,0.5,1.4,0.379,10.0,16.3,0.613,0.609,4.8,6.9,0.704,4.9,13.7,18.6,11.2,1.2,0.8,4.5,4.1,26.4,127.0,112,MVP-8DPOY-10NBA3,sabondo01
2024,Coby White,PG,CHI,3,23,79,78,2881,9.4,20.9,0.447,3.6,9.6,0.376,5.7,11.3,0.508,0.534,3.8,4.5,0.838,0.8,5.4,6.2,7.0,0.9,0.3,2.9,3.2,26.1,115.0,120,,whiteco01
2024,Mikal Bridges,SF,BRK,4,27,82,82,2854,9.8,22.5,0.436,3.8,10.3,0.372,6.0,12.2,0.49,0.521,4.5,5.5,0.814,1.2,5.3,6.5,5.2,1.4,0.5,2.8,2.0,27.9,112.0,118,,bridgmi01
2024,Paolo Banchero,PF,ORL,5,21,80,80,2799,11.3,24.9,0.455,2.1,6.2,0.339,9.2,18.7,0.493,0.497,7.2,9.9,0.725,1.5,8.3,9.8,7.6,1.3,0.8,4.4,2.7,31.9,109.0,112,AS,banchpa01
2024,Kevin Durant,PF,PHO,6,35,75,75,2791,13.1,25.1,0.523,2.9,7.1,0.413,10.2,18.0,0.567,0.581,6.3,7.4,0.856,0.7,7.9,8.7,6.6,1.2,1.6,4.3,2.3,35.5,118.0,114,MVP-9ASNBA2,duranke01
2024,Dejounte Murray,SG,ATL,7,27,78,78,2783,11.6,25.2,0.459,3.5,9.5,0.363,8.1,15.7,0.518,0.528,3.6,4.5,0.794,1.1,6.1,7.2,8.7,1.9,0.4,3.5,2.4,30.2,114.0,119,,murrade01
2024,Anthony Edwards,SG,MIN,8,22,79,78,2770,12.8,27.8,0.461,3.4,9.5,0.357,9.4,18.3,0.515,0.522,7.5,9.0,0.836,0.9,6.7,7.7,7.2,1.8,0.7,4.3,2.5,36.6,112.0,110,MVP-7CPOY-8ASNBA2,edwaran01
2024,Nikola Jokić,C,DEN,9,28,79,79,2737,14.9,25.6,0.583,1.5,4.2,0.359,13.4,21.4,0.626,0.612,6.5,7.9,0.817,4.0,13.6,17.7,12.8,2.0,1.2,4.3,3.5,37.8,131.0,108,MVP-1CPOY-4ASNBA1,jokicni01
2024,Jalen Brunson,PG,NYK,10,27,77,77,2726,14.6,30.5,0.479,3.9,9.7,0.401,10.7,20.8,0.516,0.543,7.8,9.2,0.847,0.8,4.3,5.1,9.6,1.3,0.2,3.4,2.7,40.9,124.0,117,MVP-5CPOY-5ASNBA2,brunsja01
2024,Josh Hart,SF,NYK,11,28,81,42,2707,5.5,12.6,0.434,1.5,4.8,0.31,4.0,7.8,0.511,0.493,1.7,2.1,0.791,2.4,10.2,12.6,6.2,1.4,0.4,2.2,3.2,14.2,115.0,113,,hartjo01
2024,Anthony Davis,C,LAL,12,30,76,76,2700,12.6,22.6,0.556,0.5,1.9,0.271,12.0,20.7,0.582,0.567,7.4,9.1,0.816,4.2,12.7,16.9,4.7,1.6,3.1,2.8,3.1,33.0,124.0,109,DPOY-4ASNBA2DEF1,davisan02
2024,Fred VanVleet,PG,HOU,13,29,73,73,2684,7.6,18.4,0.416,4.1,10.6,0.387,3.5,7.8,0.454,0.527,3.6,4.1,0.86,0.6,4.4,5.0,10.6,1.8,1.1,2.3,3.3,22.9,123.0,114,,vanvlfr01
2024,De'Aaron Fox,PG,SAC,14,26,74,74,2659,13.2,28.3,0.465,3.9,10.6,0.369,9.2,17.7,0.522,0.534,5.7,7.7,0.738,1.2,5.0,6.2,7.6,2.7,0.6,3.5,3.5,35.9,113.0,114,CPOY-12,foxde01
2024,Pascal Siakam,PF,TOR,15,29,80,80,2657,12.2,22.8,0.536,1.5,4.4,0.346,10.7,18.4,0.581,0.569,5.2,7.1,0.732,2.5,7.7,10.2,6.1,1.1,0.4,2.5,3.5,31.2,121.0,119,,siakapa01
2024,Jayson Tatum,PF,BOS,16,25,74,74,2645,12.6,26.6,0.471,4.3,11.4,0.376,8.3,15.3,0.542,0.552,7.7,9.3,0.833,1.3,10.0,11.2,6.8,1.4,0.8,3.5,2.7,37.1,121.0,111,MVP-6CPOY-9ASNBA1,tatumja01
2024,Austin Reaves,SG,LAL,17,25,82,57,2629,8.3,17.0,0.486,2.8,7.6,0.367,5.5,9.4,0.583,0.568,4.2,4.9,0.853,1.0,5.3,6.4,8.1,1.2,0.5,3.1,2.8,23.5,119.0,118,,reaveau01
2024,Tyrese Maxey,PG,PHI,18,23,70,70,2626,12.0,26.6,0.45,4.0,10.7,0.373,8.0,15.9,0.501,0.524,6.1,7.1,0.868,0.7,4.2,4.8,8.1,1.3,0.6,2.2,2.8,34.0,121.0,117,MIP-1AS,maxeyty01
2024,Luka Dončić,PG,DAL,19,24,70,70,2624,14.7,30.2,0.487,5.2,13.6,0.382,9.5,16.6,0.573,0.573,8.7,11.1,0.786,1.1,10.8,11.8,12.5,1.8,0.7,5.2,2.7,43.3,122.0,113,MVP-3CPOY-6ASNBA1,doncilu01
2024,Nikola Vučević,C,CHI,20,33,76,74,2610,11.2,23.1,0.484,1.8,6.0,0.294,9.4,17.2,0.55,0.522,2.0,2.5,0.822,4.0,11.3,15.3,4.9,1.0,1.1,2.3,3.6,26.2,114.0,115,,vucevni01
2024,Jalen Green,SG,HOU,21,21,82,82,2601,10.5,24.8,0.423,3.7,11.3,0.332,6.8,13.6,0.498,0.498,5.3,6.6,0.804,0.8,7.1,7.9,5.4,1.2,0.5,3.6,2.1,30.0,107.0,115,,greenja05
2024,Rudy Gobert,C,MIN,22,31,76,76,2593,7.7,11.7,0.661,0.0,0.1,0.0,7.7,11.6,0.664,0.661,4.7,7.4,0.638,5.4,13.3,18.7,1.9,1.0,3.1,2.2,4.5,20.2,131.0,104,DPOY-1DEF1,goberru01
2024,Keegan Murray,SF,SAC,23,23,77,77,2588,8.3,18.3,0.454,3.4,9.6,0.358,4.9,8.7,0.56,0.548,1.9,2.3,0.831,2.0,5.9,7.9,2.4,1.5,1.1,1.2,3.8,22.0,117.0,116,,murrake02
2024,Miles Bridges,SF,CHO,24,25,69,67,2581,10.7,23.1,0.462,3.0,8.6,0.349,7.7,14.5,0.529,0.527,3.3,4.0,0.825,1.4,8.3,9.7,4.4,1.2,0.6,2.6,2.3,27.7,108.0,120,,bridgmi02
2024,Damian Lillard,PG,MIL,25,33,73,73,2579,10.1,23.8,0.424,4.1,11.6,0.354,6.0,12.2,0.49,0.51,8.8,9.6,0.92,0.7,5.3,6.0,9.5,1.3,0.3,3.6,2.5,33.1,120.0,118,CPOY-11AS,lillada01
2024,Giannis Antetokounmpo,PF,MIL,26,29,73,73,2567,15.7,25.6,0.611,0.6,2.3,0.274,15.0,23.3,0.645,0.624,9.6,14.6,0.657,3.7,12.1,15.7,8.9,1.6,1.5,4.7,3.9,41.6,126.0,112,MVP-4DPOY-9CPOY-12ASNBA1,antetgi01
2024,Michael Porter Jr.,SF,DEN,27,25,81,81,2565,10.1,20.9,0.484,4.3,10.7,0.397,5.8,10.1,0.575,0.586,1.8,2.1,0.836,2.0,8.9,10.9,2.4,0.8,1.0,1.8,2.9,26.2,117.0,114,,portemi01
2024,Shai Gilgeous-Alexander,PG,OKC,28,25,75,75,2553,15.0,28.0,0.535,1.8,5.1,0.353,13.2,22.9,0.576,0.567,10.7,12.2,0.874,1.2,6.6,7.8,8.8,2.8,1.3,3.1,3.5,42.4,129.0,110,MVP-2DPOY-7CPOY-3ASNBA1,gilgesh01
2024,Grayson Allen,SG,PHO,29,28,75,74,2513,6.6,13.3,0.499,4.0,8.6,0.461,2.6,4.6,0.57,0.649,2.5,2.9,0.878,0.9,4.8,5.7,4.4,1.3,0.9,1.8,3.1,19.7,130.0,117,,allengr01
2024,LeBron James,PF,LAL,30,39,71,71,2504,13.0,24.1,0.54,2.8,6.9,0.41,10.2,17.2,0.592,0.599,5.8,7.7,0.75,1.2,8.7,9.8,11.2,1.7,0.7,4.7,1.5,34.6,120.0,114,CPOY-10ASNBA3,jamesle01
2024,Paul George,PF,LAC,31,33,74,74,2502,11.5,24.4,0.471,4.8,11.6,0.413,6.7,12.8,0.523,0.569,5.2,5.7,0.907,0.7,6.9,7.7,5.2,2.2,0.7,3.0,4.0,33.0,119.0,114,AS,georgpa01
2024,Dennis Schröder,PG,TOR,32,30,80,58,2486,7.9,18.2,0.435,2.7,7.2,0.375,5.2,11.0,0.474,0.509,3.5,4.2,0.836,0.8,4.0,4.7,9.6,1.2,0.3,3.0,3.2,22.0,114.0,121,,schrode01
2024,D'Angelo Russell,PG,LAL,33,27,76,69,2484,9.4,20.7,0.456,4.3,10.4,0.415,5.1,10.2,0.497,0.56,3.0,3.7,0.828,0.5,4.0,4.5,9.2,1.3,0.7,3.0,3.0,26.2,116.0,118,,russeda01
2024,James Harden,PG,LAC,34,34,72,72,2470,7.0,16.4,0.428,3.7,9.8,0.381,3.3,6.7,0.497,0.541,6.0,6.9,0.878,0.7,6.7,7.4,12.3,1.5,1.1,3.7,2.5,23.8,125.0,116,,hardeja01
2024,Devin Booker,PG,PHO,35,27,68,68,2447,12.8,26.0,0.492,3.0,8.3,0.364,9.8,17.7,0.552,0.55,8.1,9.1,0.886,1.1,5.0,6.1,9.4,1.2,0.6,3.6,4.1,36.7,124.0,117,ASNBA3,bookede01
2024,Jarrett Allen,C,CLE,36,25,77,77,2442,10.5,16.6,0.634,0.0,0.1,0.0,10.5,16.4,0.638,0.634,4.7,6.4,0.742,4.9,11.5,16.4,4.2,1.1,1.6,2.4,3.0,25.7,131.0,110,DPOY-10,allenja01
2024,Jabari Smith Jr.,PF,HOU,37,20,76,76,2424,7.6,16.7,0.454,2.8,7.6,0.363,4.8,9.1,0.53,0.537,3.0,3.7,0.811,2.8,9.5,12.3,2.4,1.0,1.2,1.8,4.0,20.9,116.0,113,,smithja05
2024,Stephen Curry,PG,GSW,38,35,74,74,2421,13.0,28.9,0.45,7.1,17.5,0.408,5.9,11.4,0.515,0.573,6.0,6.5,0.923,0.7,5.9,6.6,7.6,1.1,0.6,4.2,2.3,39.1,119.0,117,CPOY-1ASNBA3,curryst01
2024,Bam Adebayo,C,MIA,39,26,71,71,2416,10.9,21.0,0.521,0.3,0.9,0.357,10.6,20.1,0.528,0.529,6.0,8.0,0.755,3.3,11.9,15.2,5.7,1.7,1.4,3.3,3.3,28.2,115.0,109,DPOY-3ASDEF1,adebaba01
2024,Chet Holmgren,C,OKC,40,21,82,82,2413,10.1,19.0,0.53,2.6,7.0,0.37,7.5,12.0,0.623,0.598,4.3,5.5,0.793,2.6,10.3,12.9,4.0,1.1,3.8,2.6,3.9,27.0,122.0,108,ROY-2,holmgch01
2024,Brook Lopez,C,MIL,41,35,79,79,2411,7.3,15.0,0.485,2.9,8.1,0.366,4.3,7.0,0.621,0.583,2.2,2.7,0.821,2.3,5.8,8.2,2.5,0.9,3.8,1.6,3.8,19.7,121.0,114,,lopezbr01
2024,Kentavious Caldwell-Pope,SG,DEN,42,30,76,76,2402,5.6,12.1,0.46,2.6,6.4,0.406,3.0,5.8,0.52,0.566,2.1,2.3,0.894,0.6,3.1,3.8,3.8,2.0,0.9,1.5,3.1,15.8,119.0,115,,caldwke01
2024,Bogdan Bogdanović,SG,ATL,43,31,79,33,2401,9.4,22.0,0.428,4.8,12.8,0.374,4.6,9.2,0.503,0.537,3.0,3.3,0.921,1.1,4.4,5.4,4.9,1.9,0.5,2.2,3.6,26.6,116.0,120,6MOY-5,bogdabo01
2024,Brandon Miller,SF,CHO,44,21,74,68,2383,9.9,22.4,0.44,3.8,10.2,0.373,6.0,12.2,0.495,0.524,3.0,3.6,0.827,1.2,5.3,6.5,3.6,1.4,0.9,2.7,3.8,26.5,105.0,121,ROY-3,millebr02
2024,Harrison Barnes,PF,SAC,45,31,82,82,2381,7.1,14.9,0.474,3.0,7.9,0.387,4.0,7.1,0.571,0.576,3.2,4.0,0.801,1.4,3.7,5.1,2.0,1.1,0.2,1.2,2.0,20.4,122.0,119,,barneha02
2024,Derrick White,SG,BOS,46,29,73,73,2381,8.0,17.4,0.461,4.1,10.3,0.396,4.0,7.1,0.555,0.578,2.8,3.2,0.901,1.1,5.4,6.4,7.8,1.5,1.8,2.3,3.2,23.0,126.0,112,DPOY-8DEF2,whitede01
2024,Tobias Harris,PF,PHI,47,31,70,70,2368,9.6,19.8,0.487,1.9,5.4,0.353,7.7,14.4,0.537,0.535,3.9,4.4,0.878,1.7,7.8,9.4,4.5,1.5,1.0,1.9,2.4,25.0,118.0,114,,harrito02
2024,Donte DiVincenzo,SG,NYK,48,27,81,63,2360,9.5,21.5,0.443,6.0,15.1,0.401,3.5,6.4,0.542,0.584,1.8,2.4,0.754,1.3,5.0,6.3,4.6,2.3,0.8,2.4,3.5,26.9,120.0,113,,divindo01
2024,Jordan Poole,SG,WAS,49,24,78,66,2346,9.8,23.6,0.413,3.7,11.2,0.326,6.1,12.4,0.492,0.491,3.8,4.4,0.877,0.6,3.6,4.2,6.8,1.7,0.5,3.7,4.9,27.0,102.0,121,,poolejo01
2024,Jaylen Brown,SF,BOS,50,27,70,70,2343,13.2,26.5,0.499,3.1,8.6,0.354,10.2,17.8,0.57,0.557,4.4,6.3,0.703,1.8,6.4,8.2,5.3,1.8,0.8,3.5,3.9,34.0,113.0,112,AS,brownja02
2024,Malik Beasley,SG,MIL,51,27,79,77,2337,6.6,14.8,0.443,4.6,11.1,0.413,2.0,3.7,0.533,0.598,0.5,0.7,0.714,0.8,5.1,6.0,2.2,1.2,0.2,1.1,3.2,18.3,117.0,118,,beaslma01
2024,Franz Wagner,SF,ORL,52,22,72,72,2337,11.2,23.2,0.482,2.0,7.1,0.281,9.2,16.1,0.57,0.525,5.7,6.8,0.85,1.5,6.5,8.1,5.7,1.6,0.6,2.9,3.6,30.1,116.0,112,,wagnefr01
2024,Kawhi Leonard,SF,LAC,53,32,68,68,2330,12.9,24.6,0.525,3.0,7.1,0.417,10.0,17.5,0.569,0.585,5.4,6.1,0.885,1.8,7.0,8.8,5.2,2.4,1.3,2.5,2.1,34.2,124.0,114,ASNBA2,leonaka01
2024,Herbert Jones,SF,NOP,54,25,76,76,2321,6.2,12.4,0.498,2.4,5.8,0.418,3.8,6.7,0.568,0.595,2.9,3.3,0.867,1.6,4.2,5.7,4.2,2.2,1.3,2.0,4.7,17.7,124.0,113,DPOY-5DEF1,joneshe01
2024,Aaron Gordon,PF,DEN,55,28,73,73,2297,8.6,15.5,0.556,0.9,3.0,0.29,7.7,12.5,0.619,0.584,3.8,5.8,0.658,3.8,6.4,10.2,5.6,1.2,1.0,2.3,3.1,21.9,125.0,114,,gordoaa01
2024,Klay Thompson,SF,GSW,56,33,77,63,2284,10.4,24.0,0.432,5.7,14.7,0.387,4.7,9.3,0.503,0.551,2.7,2.9,0.927,0.7,4.6,5.4,3.7,1.1,0.7,2.5,2.7,29.1,113.0,118,,thompkl01
2024,Kyle Kuzma,PF,WAS,57,28,70,70,2281,12.5,26.9,0.463,3.1,9.2,0.336,9.4,17.7,0.53,0.521,3.8,4.9,0.775,1.3,8.2,9.5,6.1,0.8,1.0,3.9,3.1,31.8,103.0,120,,kuzmaky01
2024,Jrue Holiday,PG,BOS,58,33,69,69,2263,7.2,15.0,0.48,3.0,7.0,0.429,4.2,8.0,0.526,0.581,1.3,1.6,0.833,1.8,6.3,8.1,7.3,1.3,1.2,2.7,2.4,18.8,121.0,113,DPOY-6DEF2,holidjr01
2024,Deni Avdija,SF,WAS,59,23,75,75,2257,8.4,16.6,0.506,1.8,4.9,0.374,6.6,11.8,0.56,0.56,4.2,5.7,0.74,1.7,9.4,11.2,5.9,1.2,0.7,3.3,3.8,22.8,112.0,119,,avdijde01
2024,Devin Vassell,SG,SAS,60,23,68,62,2248,10.5,22.3,0.472,3.5,9.4,0.372,7.0,12.9,0.544,0.55,3.4,4.2,0.801,0.6,4.9,5.5,5.8,1.5,0.5,2.3,1.6,27.9,113.0,118,,vassede01
2024,Luguentz Dort,SF,OKC,61,24,79,79,2246,6.2,14.1,0.438,3.3,8.5,0.394,2.8,5.6,0.506,0.557,2.7,3.3,0.826,1.6,4.5,6.1,2.4,1.5,1.0,1.6,4.9,18.4,117.0,114,,dortlu01
2024,Max Strus,SF,CLE,62,27,70,70,2239,6.7,16.1,0.418,3.7,10.6,0.351,3.0,5.5,0.546,0.533,1.7,2.1,0.794,1.5,6.0,7.5,6.2,1.4,0.6,2.5,3.8,18.8,112.0,114,,strusma01
2024,Dillon Brooks,SF,HOU,63,28,72,72,2227,7.2,16.7,0.428,2.9,8.1,0.359,4.3,8.7,0.492,0.515,2.7,3.2,0.844,1.2,4.2,5.4,2.6,1.4,0.2,1.9,5.2,19.9,109.0,116,,brookdi01
2024,Tyrese Haliburton,PG,IND,64,23,69,68,2224,10.6,22.2,0.477,4.1,11.3,0.364,6.5,10.9,0.595,0.57,4.1,4.8,0.855,0.7,5.0,5.7,16.0,1.8,1.0,3.4,1.6,29.5,129.0,119,ASNBA3,halibty01
2024,Jalen Williams,PF,OKC,65,22,71,71,2223,11.6,21.5,0.54,2.2,5.2,0.427,9.4,16.3,0.576,0.592,3.9,4.8,0.814,0.8,5.3,6.1,7.0,1.7,1.0,2.7,3.8,29.3,122.0,114,CPOY-12,willija06
2024,P.J. Washington,PF,CHO,66,25,73,45,2221,7.8,17.8,0.436,2.9,9.1,0.32,4.9,8.7,0.558,0.518,2.2,3.2,0.683,1.9,7.2,9.0,3.1,1.6,1.3,2.1,3.7,20.6,106.0,117,,washipj01
2024,Jaden Ivey,SG,DET,67,21,77,61,2217,9.0,21.1,0.429,2.7,8.0,0.336,6.4,13.1,0.485,0.492,4.9,6.6,0.749,1.9,3.9,5.7,6.4,1.2,0.9,4.1,4.4,25.7,104.0,121,,iveyja01
2024,Ayo Dosunmu,SG,CHI,68,24,76,37,2212,8.1,16.2,0.501,2.7,6.6,0.403,5.4,9.6,0.568,0.583,1.9,2.4,0.81,1.2,3.7,4.9,5.5,1.5,0.8,2.3,3.7,20.8,118.0,119,,dosunay01
2024,Zion Williamson,PF,NOP,69,23,70,70,2207,13.9,24.3,0.57,0.1,0.4,0.333,13.7,23.9,0.574,0.573,7.7,11.0,0.702,2.7,6.3,9.0,7.8,1.7,1.0,4.3,3.5,35.6,119.0,113,,willizi01
2024,Mike Conley,PG,MIN,70,36,76,76,2193,6.6,14.5,0.457,4.0,9.1,0.442,2.6,5.4,0.481,0.595,2.3,2.5,0.911,0.8,4.1,4.9,10.1,2.0,0.4,2.3,2.9,19.6,129.0,111,,conlemi01
2024,Jeremy Sochan,PF,SAS,71,20,74,73,2193,7.4,16.8,0.438,1.5,4.9,0.308,5.8,11.9,0.492,0.483,2.4,3.1,0.771,3.0,7.3,10.3,5.4,1.3,0.9,3.0,3.6,18.6,104.0,117,,sochaje01
2024,Buddy Hield,SF,IND,72,31,84,42,2160,8.2,18.9,0.436,4.9,12.6,0.386,3.4,6.3,0.539,0.565,1.2,1.3,0.881,1.4,4.6,6.0,5.2,1.6,0.9,2.3,3.8,22.5,114.0,118,,hieldbu01
2024,CJ McCollum,PG,NOP,73,32,66,66,2159,11.0,24.0,0.459,5.4,12.6,0.429,5.6,11.3,0.492,0.572,2.6,3.2,0.827,0.9,5.6,6.5,6.9,1.4,0.9,2.5,2.9,30.0,118.0,114,,mccolcj01
2024,Spencer Dinwiddie,PG,BRK,74,30,76,52,2152,5.7,14.5,0.392,2.8,8.4,0.337,2.9,6.2,0.467,0.489,3.8,4.8,0.805,0.7,4.0,4.7,8.1,1.2,0.5,2.1,3.1,18.1,117.0,119,,dinwisp01
2024,Tre Jones,PG,SAS,75,24,77,48,2138,6.7,13.3,0.505,1.4,4.2,0.335,5.3,9.1,0.584,0.558,2.2,2.6,0.856,1.3,5.1,6.4,10.6,1.7,0.2,2.6,2.0,17.1,123.0,118,,jonestr01
2024,Grant Williams,PF,DAL,76,25,76,43,2130,6.3,13.8,0.456,2.9,7.7,0.375,3.4,6.1,0.558,0.56,2.4,3.2,0.757,2.0,5.3,7.2,4.0,1.0,0.9,2.5,5.2,17.9,113.0,119,,willigr01
2024,Jaren Jackson Jr.,C,MEM,77,24,66,66,2124,11.9,26.7,0.444,2.7,8.4,0.32,9.2,18.3,0.501,0.494,7.8,9.6,0.808,2.0,6.4,8.4,3.5,1.8,2.4,3.7,5.4,34.2,107.0,113,,jacksja02
2024,Tim Hardaway Jr.,SF,DAL,78,31,79,12,2120,8.9,22.1,0.402,4.8,13.5,0.353,4.1,8.6,0.478,0.51,3.3,3.8,0.852,0.5,5.3,5.7,3.1,1.0,0.1,1.6,2.4,25.8,109.0,119,6MOY-9,hardati02
2024,Nic Claxton,C,BRK,79,24,71,71,2116,8.6,13.6,0.629,0.0,0.1,0.2,8.5,13.5,0.633,0.63,2.5,4.6,0.551,4.5,12.0,16.5,3.4,1.1,3.4,2.2,4.1,19.7,124.0,111,,claxtni01
2024,Jaime Jaquez Jr.,SF,MIA,80,22,75,20,2113,8.1,16.5,0.489,1.5,4.8,0.322,6.5,11.7,0.558,0.536,3.4,4.1,0.811,1.9,4.8,6.7,4.6,1.8,0.5,2.6,3.9,21.0,112.0,113,ROY-46MOY-9,jaqueja01
2024,Taurean Prince,PF,LAL,81,29,78,49,2108,5.7,12.9,0.442,3.2,8.0,0.396,2.5,4.9,0.519,0.566,1.1,1.5,0.735,0.5,4.7,5.2,2.7,1.3,0.8,1.6,3.3,15.7,108.0,118,,princta02
2024,Victor Wembanyama,C,SAS,82,20,71,71,2106,12.4,26.7,0.465,2.9,8.9,0.325,9.5,17.9,0.534,0.519,6.6,8.3,0.796,3.6,13.4,17.0,6.2,2.0,5.7,5.9,3.4,34.3,104.0,106,ROY-1DPOY-2DEF1,wembavi01
2024,Jaden McDaniels,SF,MIN,83,23,72,71,2105,7.2,14.7,0.489,2.0,6.0,0.337,5.2,8.8,0.592,0.557,1.3,1.9,0.722,1.3,3.9,5.3,2.4,1.5,1.0,2.0,5.1,17.8,108.0,112,DEF2,mcdanja02
2024,Brandon Ingram,SF,NOP,84,26,64,64,2103,11.7,23.7,0.492,2.0,5.6,0.355,9.7,18.1,0.534,0.534,5.7,7.2,0.801,1.0,6.6,7.6,8.5,1.2,0.9,3.8,3.4,31.1,115.0,114,,ingrabr01
2024,Scottie Barnes,SG,TOR,85,22,60,60,2094,10.3,21.7,0.475,2.3,6.8,0.341,8.0,14.9,0.536,0.528,4.5,5.8,0.781,3.3,8.1,11.4,8.4,1.7,2.0,3.8,2.7,27.5,114.0,116,AS,barnesc01
2024,Jusuf Nurkić,C,PHO,86,29,76,76,2078,7.5,14.7,0.51,0.5,2.1,0.244,7.0,12.6,0.555,0.528,3.9,6.1,0.64,5.3,14.4,19.7,7.1,1.9,1.9,4.1,6.0,19.5,114.0,108,,nurkiju01
2024,Myles Turner,C,IND,87,27,77,77,2076,10.8,20.7,0.524,2.6,7.4,0.358,8.2,13.3,0.615,0.587,5.6,7.2,0.773,2.6,9.5,12.1,2.3,0.9,3.3,2.5,5.3,29.8,120.0,115,,turnemy01
2024,Collin Sexton,SG,UTA,88,25,78,51,2075,11.8,24.1,0.487,3.0,7.6,0.394,8.8,16.6,0.53,0.549,7.4,8.6,0.859,1.7,3.1,4.8,8.9,1.4,0.4,3.8,3.6,33.9,122.0,123,,sextoco01
2024,Cam Thomas,SG,BRK,89,22,66,51,2075,12.6,28.4,0.442,3.4,9.5,0.364,9.1,19.0,0.481,0.503,6.8,8.0,0.856,0.7,4.4,5.1,4.6,1.1,0.4,3.0,3.3,35.4,110.0,119,,thomaca02
2024,Cade Cunningham,PG,DET,90,22,62,62,2074,12.2,27.1,0.449,2.8,7.8,0.355,9.4,19.3,0.487,0.5,5.5,6.4,0.869,0.8,5.5,6.2,10.8,1.3,0.5,4.9,3.5,32.6,108.0,120,,cunnica01
2024,Corey Kispert,SF,WAS,91,24,80,22,2067,8.7,18.0,0.486,4.2,10.9,0.383,4.6,7.1,0.643,0.602,2.6,3.6,0.726,0.7,4.4,5.1,3.5,0.9,0.4,2.2,3.2,24.2,114.0,123,,kispeco01
2024,Saddiq Bey,SF,ATL,92,24,63,51,2062,6.7,16.2,0.416,2.6,8.3,0.316,4.1,7.9,0.522,0.497,4.0,4.7,0.837,3.9,5.7,9.6,2.1,1.2,0.3,1.3,2.0,20.1,120.0,121,,beysa01
2024,Kelly Oubre Jr.,SF,PHI,93,28,68,52,2055,9.3,21.0,0.441,2.4,7.8,0.311,6.8,13.2,0.517,0.498,4.2,5.6,0.75,2.3,5.9,8.2,2.4,1.8,1.1,2.1,4.6,25.1,109.0,114,,oubreke01
2024,Alperen Şengün,C,HOU,94,21,63,63,2046,12.5,23.3,0.537,0.8,2.6,0.297,11.7,20.6,0.567,0.553,5.8,8.3,0.693,4.3,9.6,14.0,7.4,1.8,1.1,3.8,5.0,31.6,118.0,111,,sengual01
2024,Jimmy Butler,PF,MIA,95,34,60,60,2042,9.7,19.4,0.499,1.5,3.5,0.414,8.2,15.8,0.519,0.537,9.6,11.2,0.858,2.6,5.2,7.8,7.3,1.9,0.4,2.5,1.7,30.4,129.0,113,,butleji01
2024,Alex Caruso,SG,CHI,96,29,71,57,2040,6.2,13.2,0.468,3.3,8.1,0.408,2.9,5.1,0.563,0.593,1.8,2.3,0.76,1.5,5.2,6.7,6.0,2.9,1.7,2.5,4.4,17.5,119.0,113,DPOY-10DEF2,carusal01
2024,Terry Rozier,SG,CHO,97,29,61,60,2040,10.7,24.3,0.443,3.6,10.0,0.363,7.1,14.3,0.498,0.518,4.2,4.8,0.869,0.9,5.2,6.0,8.3,1.5,0.5,2.6,2.5,29.3,114.0,118,,roziete01
2024,Keldon Johnson,SF,SAS,98,24,69,27,2038,9.1,20.1,0.454,3.0,8.5,0.346,6.1,11.5,0.533,0.527,4.1,5.1,0.792,2.2,6.6,8.8,4.5,1.2,0.5,2.3,3.5,25.2,112.0,118,,johnske04
2024,Kyrie Irving,SG,DAL,99,31,58,58,2030,13.3,26.7,0.497,4.1,9.9,0.411,9.2,16.8,0.548,0.573,4.5,5.0,0.905,1.0,5.8,6.9,7.1,1.7,0.7,2.5,2.6,35.1,122.0,116,CPOY-7,irvinky01
2024,Karl-Anthony Towns,PF,MIN,100,28,62,62,2026,11.7,23.2,0.504,3.3,8.0,0.416,8.4,15.2,0.55,0.575,6.2,7.1,0.873,2.3,10.3,12.6,4.6,1.0,1.0,4.3,5.0,32.9,115.0,109,AS,townska01
2024,Jalen Suggs,SG,ORL,101,22,75,75,2025,8.2,17.5,0.471,3.7,9.4,0.397,4.5,8.0,0.556,0.578,2.9,3.8,0.756,1.2,4.4,5.6,5.0,2.6,1.1,3.2,5.0,23.1,113.0,110,DPOY-10DEF2,suggsja01
2024,Keyonte George,PG,UTA,102,20,75,44,2023,7.6,19.4,0.391,3.5,10.5,0.334,4.1,8.9,0.459,0.482,4.5,5.3,0.848,0.4,4.7,5.0,7.9,0.9,0.2,4.5,2.2,23.2,104.0,124,,georgke01
2024,Josh Giddey,SG,OKC,103,21,80,80,2011,9.6,20.3,0.475,2.0,5.8,0.337,7.7,14.4,0.53,0.523,2.4,3.0,0.806,2.7,9.6,12.3,9.2,1.2,1.1,4.0,2.7,23.6,111.0,112,,giddejo01
2024,Bobby Portis,PF,MIL,104,28,82,4,2008,11.2,22.0,0.508,2.4,5.9,0.407,8.8,16.1,0.545,0.562,2.3,3.0,0.79,3.4,11.1,14.5,2.5,1.6,0.8,2.2,4.5,27.0,115.0,113,6MOY-3,portibo01
2024,Aaron Nesmith,SF,IND,105,24,72,47,1995,7.4,15.0,0.496,3.3,7.9,0.419,4.1,7.1,0.581,0.606,2.5,3.2,0.781,1.5,5.0,6.5,2.6,1.5,1.2,1.5,5.7,20.7,123.0,119,,nesmiaa01
2024,Gary Trent Jr.,SG,TOR,106,25,71,41,1994,8.7,20.5,0.426,4.3,11.0,0.393,4.4,9.5,0.464,0.531,1.8,2.3,0.771,0.6,3.9,4.6,2.9,1.9,0.2,1.1,2.3,23.6,110.0,121,,trentga02
2024,Norman Powell,SG,LAC,107,30,76,3,1990,9.3,19.1,0.486,4.1,9.5,0.435,5.1,9.5,0.536,0.594,3.5,4.3,0.831,0.4,4.4,4.8,2.0,1.1,0.5,1.6,3.4,26.2,120.0,119,6MOY-4,powelno01
2024,Immanuel Quickley,SG,NYK,108,24,68,38,1985,9.6,22.1,0.434,4.2,10.7,0.395,5.4,11.4,0.471,0.53,5.2,6.1,0.853,0.4,6.0,6.4,8.2,1.2,0.2,2.5,2.9,28.6,119.0,119,,quickim01
2024,Brandin Podziemski,SG,GSW,109,20,74,28,1968,6.7,14.7,0.454,2.2,5.8,0.385,4.5,8.9,0.499,0.529,1.2,1.9,0.633,2.9,7.6,10.5,6.7,1.5,0.3,2.2,3.0,16.8,118.0,115,ROY-5,podzibr01
2024,Naz Reid,PF,MIN,110,24,81,14,1964,10.2,21.4,0.477,4.3,10.3,0.414,6.0,11.1,0.535,0.576,2.7,3.7,0.736,1.8,8.8,10.6,2.7,1.6,1.8,2.8,4.3,27.4,111.0,107,6MOY-1,reidna01
2024,Caris LeVert,SG,CLE,111,29,68,10,1958,8.7,20.7,0.421,2.7,8.4,0.325,6.0,12.3,0.486,0.487,3.9,5.1,0.766,1.0,6.1,7.1,8.7,1.9,0.9,3.0,3.1,24.0,110.0,113,,leverca01
2024,Royce O'Neale,SF,BRK,112,30,79,14,1954,5.4,13.6,0.397,3.9,10.6,0.37,1.5,2.9,0.496,0.542,0.6,0.9,0.686,1.5,8.0,9.5,5.5,1.5,1.1,1.8,4.4,15.3,115.0,115,,onealro01
2024,Jonathan Kuminga,PF,GSW,113,21,74,46,1949,11.3,21.4,0.529,1.3,4.1,0.321,10.0,17.3,0.578,0.56,5.5,7.4,0.746,2.3,6.5,8.8,4.0,1.4,0.9,3.0,4.2,29.5,117.0,116,,kuminjo01
2024,Donovan Mitchell,SG,CLE,114,27,55,55,1942,12.8,27.7,0.462,4.6,12.6,0.368,8.2,15.1,0.539,0.545,7.0,8.1,0.865,1.2,6.0,7.1,8.5,2.6,0.8,3.9,3.0,37.2,117.0,111,AS,mitchdo01
2024,Trae Young,PG,ATL,115,25,54,54,1942,10.7,24.9,0.43,4.3,11.6,0.373,6.4,13.3,0.479,0.516,8.6,10.1,0.855,0.6,3.1,3.7,14.4,1.8,0.3,5.8,2.7,34.3,117.0,122,AS,youngtr01
2024,Dorian Finney-Smith,PF,BRK,116,30,68,56,1934,5.5,13.1,0.421,3.0,8.6,0.348,2.5,4.5,0.56,0.535,0.8,1.2,0.717,2.8,5.3,8.1,2.7,1.4,1.0,1.5,3.8,14.9,113.0,117,,finnedo01
2024,Tyus Jones,PG,WAS,117,27,66,66,1933,7.9,16.1,0.489,2.6,6.2,0.414,5.3,9.9,0.537,0.569,0.8,1.0,0.8,0.5,3.8,4.3,11.7,1.7,0.4,1.6,1.2,19.1,126.0,121,,jonesty01
2024,Jonas Valančiūnas,C,NOP,118,31,82,82,1925,10.2,18.3,0.559,0.9,3.1,0.308,9.3,15.3,0.609,0.585,4.1,5.2,0.785,4.7,13.6,18.4,4.4,0.8,1.7,2.8,5.6,25.5,123.0,110,,valanjo01
2024,Nickeil Alexander-Walker,SG,MIN,119,25,82,20,1921,6.1,13.8,0.439,3.4,8.6,0.391,2.7,5.2,0.517,0.56,1.3,1.7,0.8,0.9,3.4,4.3,5.2,1.6,1.1,2.0,3.7,16.9,115.0,111,,alexani01
2024,Andrew Wiggins,SF,GSW,120,28,71,59,1920,8.9,19.7,0.453,2.3,6.4,0.358,6.6,13.3,0.498,0.511,3.6,4.8,0.751,2.7,5.4,8.1,3.0,1.1,1.0,2.2,3.7,23.7,112.0,117,,wiggian01
2024,Duncan Robinson,SF,MIA,121,29,68,36,1905,8.0,17.7,0.45,4.9,12.4,0.395,3.1,5.3,0.579,0.589,2.1,2.4,0.889,0.4,4.1,4.5,5.0,1.2,0.4,2.5,4.3,22.9,114.0,115,,robindu01
2024,John Collins,PF,UTA,122,26,68,66,1901,10.1,18.9,0.532,2.2,5.9,0.371,7.9,13.0,0.605,0.59,3.7,4.7,0.795,4.0,10.6,14.6,2.0,1.0,1.5,2.5,4.8,26.1,121.0,118,,collijo01
2024,Darius Garland,PG,CLE,123,24,57,57,1901,9.7,21.9,0.446,3.4,9.3,0.371,6.3,12.6,0.501,0.524,3.8,4.5,0.834,0.8,3.2,4.0,9.7,1.9,0.2,4.6,2.5,26.7,108.0,115,,garlada01
2024,Isaiah Hartenstein,C,NYK,124,25,75,49,1896,6.2,9.7,0.644,0.0,0.1,0.333,6.2,9.6,0.646,0.645,3.0,4.2,0.707,6.5,10.2,16.6,5.0,2.3,2.3,2.5,5.6,15.5,136.0,108,,harteis01
2024,Eric Gordon,SG,PHO,125,35,68,24,1893,7.1,15.9,0.443,3.9,10.2,0.378,3.2,5.7,0.561,0.565,1.3,1.7,0.797,0.4,2.7,3.1,3.6,1.7,0.8,1.9,2.0,19.3,112.0,117,,gordoer01
2024,Jalen Johnson,SF,ATL,126,22,56,52,1889,9.1,17.8,0.511,1.8,5.1,0.355,7.3,12.7,0.574,0.562,2.7,3.7,0.728,1.9,10.5,12.4,5.2,1.7,1.2,2.6,3.4,22.7,117.0,116,,johnsja05
2024,Isaac Okoro,SF,CLE,127,23,69,42,1887,6.2,12.6,0.49,2.2,5.6,0.391,4.0,6.9,0.57,0.577,2.4,3.6,0.679,1.8,3.6,5.4,3.5,1.5,0.9,1.4,3.7,16.9,121.0,115,,okorois01
2024,Clint Capela,C,ATL,128,29,73,73,1883,9.0,15.7,0.571,0.0,0.0,0.0,9.0,15.7,0.572,0.571,3.3,5.2,0.631,8.5,11.2,19.8,2.3,1.1,2.7,1.9,4.2,21.3,128.0,115,,capelca01
2024,Terance Mann,SG,LAC,129,27,75,71,1873,6.7,13.0,0.515,1.9,5.4,0.348,4.8,7.6,0.633,0.587,2.1,2.5,0.832,2.3,4.4,6.7,3.1,1.1,0.4,1.3,3.8,17.3,127.0,119,,mannte01
2024,Malik Monk,SG,SAC,130,25,72,0,1872,10.3,23.2,0.443,3.8,11.0,0.35,6.4,12.2,0.528,0.526,4.4,5.3,0.829,0.7,4.8,5.5,9.6,1.2,1.0,3.9,4.0,28.8,113.0,117,CPOY-126MOY-2,monkma01
2024,Bruce Brown,SG,IND,131,27,67,44,1866,7.1,14.9,0.478,1.4,4.2,0.323,5.8,10.7,0.538,0.523,3.0,3.6,0.824,1.4,5.9,7.3,4.9,1.5,0.4,2.2,3.8,18.6,113.0,120,,brownbr01
2024,Jamal Murray,PG,DEN,132,26,59,59,1861,12.6,26.3,0.481,3.9,9.1,0.425,8.8,17.2,0.51,0.554,4.2,4.9,0.853,1.1,5.3,6.4,10.2,1.5,1.0,3.3,2.8,33.3,119.0,114,,murraja01
2024,RJ Barrett,SG,NYK,133,23,58,58,1838,11.7,23.5,0.495,2.4,6.7,0.36,9.3,16.8,0.549,0.547,5.6,7.8,0.715,1.4,7.0,8.4,5.2,0.8,0.6,3.4,3.5,31.3,112.0,119,,barrerj01
2024,Georges Niang,PF,CLE,134,30,82,10,1831,7.7,17.1,0.449,4.0,10.7,0.376,3.6,6.4,0.572,0.567,1.4,1.6,0.85,0.6,6.9,7.5,2.6,0.8,0.5,1.9,5.2,20.7,109.0,115,,niangge01
2024,Jerami Grant,PF,POR,135,29,54,54,1830,10.3,22.9,0.451,3.0,7.4,0.402,7.3,15.5,0.474,0.516,6.9,8.4,0.817,1.0,4.2,5.2,4.1,1.2,0.9,3.1,3.2,30.5,113.0,120,,grantje01
2024,Rui Hachimura,PF,LAL,136,25,68,39,1826,9.5,17.6,0.537,2.6,6.0,0.422,6.9,11.6,0.597,0.609,2.6,3.5,0.739,1.5,6.1,7.7,2.1,1.1,0.7,1.2,2.6,24.0,121.0,117,,hachiru01
2024,Payton Pritchard,PG,BOS,137,26,82,5,1825,8.0,17.2,0.468,4.0,10.3,0.385,4.1,6.8,0.593,0.583,1.2,1.5,0.821,1.9,5.3,7.2,7.6,1.1,0.2,1.7,2.9,21.3,129.0,115,,pritcpa01
2024,Lauri Markkanen,PF,UTA,138,26,55,55,1820,11.3,23.6,0.48,4.6,11.6,0.399,6.7,12.0,0.559,0.578,6.6,7.3,0.899,3.2,8.7,11.9,2.9,1.3,0.7,2.0,2.7,33.9,128.0,120,,markkla01
2024,Reggie Jackson,PG,DEN,139,33,82,23,1817,8.9,20.6,0.431,2.8,7.7,0.359,6.1,12.9,0.475,0.499,2.2,2.7,0.806,0.9,3.3,4.2,8.4,1.2,0.4,2.9,4.1,22.7,109.0,117,,jacksre01
2024,Cole Anthony,PG,ORL,140,23,81,0,1817,9.0,20.8,0.435,2.5,7.5,0.338,6.5,13.3,0.49,0.496,4.9,5.9,0.826,1.7,6.7,8.5,6.4,1.7,1.0,3.4,4.8,25.5,110.0,111,,anthoco01
2024,Daniel Gafford,C,WAS,141,25,74,66,1815,9.0,12.5,0.725,0.0,0.0,,9.0,12.5,0.725,0.725,3.1,4.5,0.674,5.1,9.5,14.6,3.0,1.7,4.0,1.9,5.9,21.2,140.0,112,,gaffoda01
2024,Ivica Zubac,C,LAC,142,26,68,68,1794,9.3,14.3,0.649,0.0,0.0,,9.3,14.3,0.649,0.649,3.3,4.6,0.723,5.4,11.8,17.2,2.6,0.6,2.3,2.2,5.0,21.9,132.0,113,,zubaciv01
2024,Deandre Ayton,C,POR,143,25,55,55,1784,11.8,20.7,0.57,0.0,0.3,0.1,11.8,20.5,0.576,0.571,1.8,2.2,0.823,4.9,12.0,16.9,2.5,1.5,1.2,2.7,3.0,25.5,115.0,114,,aytonde01
2024,Derrick Jones Jr.,SF,DAL,144,26,76,66,1783,6.4,13.3,0.483,2.2,6.4,0.343,4.2,6.9,0.613,0.566,2.6,3.7,0.713,2.2,4.5,6.7,2.0,1.4,1.4,1.7,3.3,17.7,116.0,116,,jonesde02
2024,Kyle Anderson,PF,MIN,145,30,79,10,1782,5.5,12.0,0.46,0.3,1.3,0.229,5.2,10.7,0.488,0.472,2.7,3.8,0.708,1.7,5.9,7.6,9.2,2.0,1.3,2.5,3.6,14.0,114.0,109,,anderky01
2024,Jalen Duren,C,DET,146,20,61,60,1777,9.4,15.3,0.619,0.0,0.1,0.0,9.4,15.2,0.623,0.619,3.9,4.9,0.79,5.2,14.0,19.2,4.0,0.9,1.3,3.5,5.2,22.8,122.0,115,,durenja01
2024,Bradley Beal,SG,PHO,147,30,53,53,1767,10.4,20.3,0.513,2.8,6.5,0.43,7.6,13.8,0.552,0.582,3.0,3.7,0.813,1.5,4.9,6.4,7.3,1.4,0.7,3.6,3.5,26.6,117.0,117,,bealbr01
2024,Scoot Henderson,PG,POR,148,19,62,32,1765,8.6,22.3,0.385,2.4,7.5,0.325,6.2,14.8,0.416,0.44,4.7,5.7,0.819,1.5,3.9,5.4,9.4,1.3,0.4,5.9,5.5,24.3,97.0,120,,hendesc01
2024,Nick Richards,C,CHO,149,26,67,51,1759,7.3,10.5,0.691,0.0,0.0,0.0,7.3,10.5,0.693,0.691,3.7,5.0,0.737,4.8,10.3,15.1,1.5,0.7,2.1,2.0,4.9,18.3,134.0,118,,richani01
2024,Kelly Olynyk,C,UTA,150,32,78,27,1759,7.6,13.6,0.555,1.6,4.3,0.387,5.9,9.4,0.632,0.616,4.1,4.9,0.833,3.0,8.3,11.3,9.5,2.0,0.8,4.2,6.3,20.9,124.0,118,,olynyke01
2024,Caleb Martin,SF,MIA,151,28,64,23,1756,6.8,15.9,0.431,2.3,6.6,0.349,4.5,9.3,0.489,0.504,2.2,2.8,0.778,2.1,5.9,8.0,4.1,1.3,0.8,2.2,3.6,18.2,107.0,113,,martica02
2024,Sam Hauser,SF,BOS,152,26,79,13,1741,7.1,15.8,0.446,5.6,13.2,0.424,1.5,2.6,0.559,0.623,0.5,0.5,0.895,1.3,6.6,7.8,2.3,1.1,0.7,0.9,2.8,20.2,126.0,114,,hausesa01
2024,Al Horford,C,BOS,153,37,65,33,1740,6.1,11.9,0.511,3.1,7.3,0.419,3.0,4.6,0.658,0.64,0.7,0.9,0.867,2.3,9.4,11.7,4.8,1.1,1.8,1.4,2.6,16.0,135.0,111,,horfoal01
2024,Toumani Camara,PF,POR,154,23,70,49,1739,5.6,12.4,0.45,1.6,4.9,0.337,3.9,7.6,0.523,0.516,2.1,2.8,0.758,3.9,5.8,9.7,2.5,1.9,0.9,2.4,4.9,15.0,110.0,117,,camarto01
2024,Obi Toppin,PF,IND,155,25,82,28,1730,9.1,15.8,0.573,2.8,6.9,0.403,6.3,8.9,0.706,0.661,2.1,2.7,0.77,2.3,6.4,8.7,3.5,1.3,1.2,1.9,3.9,23.0,129.0,119,,toppiob01
2024,Bilal Coulibaly,SF,WAS,156,19,63,15,1715,5.1,11.8,0.435,1.7,5.0,0.346,3.4,6.7,0.502,0.509,2.5,3.6,0.702,1.5,5.5,7.0,3.0,1.6,1.3,2.4,3.7,14.5,103.0,120,,coulibi01
2024,OG Anunoby,SF,TOR,157,26,50,50,1702,8.2,16.7,0.489,3.0,7.7,0.382,5.2,9.0,0.581,0.577,1.9,2.6,0.753,1.4,4.7,6.0,3.1,2.0,1.0,2.3,3.4,21.2,113.0,117,,anunoog01
2024,Jabari Walker,PF,POR,158,21,72,23,1700,6.8,14.8,0.46,1.2,4.0,0.295,5.6,10.7,0.522,0.5,3.7,5.0,0.754,4.4,10.4,14.8,2.1,1.2,0.6,1.9,5.0,18.5,115.0,116,,walkeja01
2024,Andrew Nembhard,PG,IND,159,24,68,47,1697,7.2,14.5,0.498,1.7,4.8,0.357,5.5,9.8,0.567,0.557,1.3,1.6,0.804,1.0,2.9,3.9,7.8,1.8,0.2,2.8,4.0,17.4,114.0,121,,nembhan01
2024,Cason Wallace,SG,OKC,160,20,82,13,1692,6.2,12.6,0.491,2.8,6.6,0.419,3.4,5.9,0.572,0.602,0.8,1.1,0.784,1.5,3.8,5.3,3.4,2.2,1.1,1.3,3.7,15.9,122.0,113,,wallaca01
2024,Trey Murphy III,SF,NOP,161,23,57,23,1690,8.0,18.0,0.443,4.9,12.9,0.38,3.1,5.1,0.602,0.579,3.6,4.4,0.815,1.2,6.9,8.1,3.6,1.5,0.8,1.0,2.0,24.4,127.0,114,,murphtr02
2024,Kristaps Porziņģis,C,BOS,162,28,57,57,1690,11.3,22.0,0.516,3.2,8.6,0.375,8.1,13.4,0.606,0.589,7.6,8.8,0.858,2.8,9.1,12.0,3.4,1.2,3.2,2.6,4.6,33.5,128.0,109,,porzikr01
2024,Kyle Lowry,PG,MIA,163,37,60,55,1690,4.8,11.1,0.432,2.9,7.3,0.392,1.9,3.7,0.512,0.562,1.8,2.2,0.84,1.0,4.7,5.7,7.4,1.7,0.6,2.5,4.3,14.3,118.0,114,,lowryky01
2024,Jordan Clarkson,SG,UTA,164,31,55,19,1682,9.7,23.4,0.413,2.6,8.9,0.294,7.1,14.5,0.485,0.469,5.1,5.8,0.881,1.4,4.0,5.4,7.9,1.0,0.2,4.2,2.3,27.0,107.0,124,,clarkjo01
2024,De'Andre Hunter,SF,ATL,165,26,57,37,1681,8.7,18.9,0.459,3.3,8.7,0.385,5.3,10.2,0.521,0.547,4.7,5.6,0.847,0.9,5.4,6.3,2.5,1.1,0.5,2.4,4.2,25.4,115.0,121,,huntede01
2024,Pat Connaughton,SF,MIL,166,31,76,3,1676,4.3,9.9,0.435,2.4,6.8,0.345,2.0,3.1,0.633,0.553,1.3,1.7,0.759,1.5,5.4,6.9,4.6,1.1,0.5,1.4,2.8,12.3,120.0,118,,connapa01
2024,Christian Braun,SG,DEN,167,22,82,4,1655,6.6,14.5,0.46,1.9,4.9,0.384,4.8,9.6,0.498,0.525,2.8,4.0,0.694,2.4,6.8,9.2,4.0,1.3,1.0,1.6,4.1,18.0,116.0,114,,braunch01
2024,Simone Fontecchio,SF,UTA,168,28,66,43,1644,7.4,16.1,0.46,3.9,9.8,0.401,3.5,6.3,0.551,0.582,1.6,1.9,0.818,1.9,5.3,7.2,3.0,1.3,0.7,2.0,3.2,20.3,117.0,121,,fontesi01
2024,Ochai Agbaji,SG,UTA,169,23,78,28,1641,5.2,12.7,0.411,1.8,6.2,0.294,3.4,6.5,0.523,0.483,1.1,1.6,0.661,2.2,4.2,6.4,2.4,1.4,1.3,1.9,3.4,13.4,102.0,121,,agbajoc01
2024,Julius Randle,PF,NYK,170,29,46,46,1630,12.2,25.9,0.472,2.4,7.5,0.311,9.9,18.3,0.539,0.518,7.3,9.3,0.781,3.1,10.0,13.1,7.1,0.8,0.4,4.9,3.9,34.1,113.0,114,AS,randlju01
2024,Precious Achiuwa,C,TOR,171,24,74,18,1624,7.2,14.4,0.501,0.8,3.0,0.268,6.4,11.4,0.562,0.529,2.1,3.4,0.616,5.9,9.1,14.9,3.0,1.4,2.1,2.5,4.4,17.3,114.0,112,,achiupr01
2024,Santi Aldama,PF,MEM,172,23,61,35,1618,7.5,17.2,0.435,3.2,9.2,0.349,4.3,8.0,0.534,0.528,1.6,2.6,0.621,2.2,8.5,10.6,4.2,1.3,1.6,2.1,2.7,19.8,109.0,114,,aldamsa01
2024,Cameron Johnson,PF,BRK,173,27,58,47,1599,8.5,19.2,0.446,4.3,10.9,0.391,4.3,8.2,0.519,0.557,2.7,3.4,0.789,1.7,6.1,7.8,4.3,1.5,0.5,1.8,3.3,24.0,118.0,117,,johnsca02
2024,Malaki Branham,PG,SAS,174,20,75,29,1594,8.1,18.7,0.432,2.8,8.0,0.347,5.3,10.7,0.494,0.506,1.6,1.9,0.873,0.8,3.6,4.4,4.6,0.8,0.2,2.7,2.8,20.5,101.0,121,,branhma01
2024,Paul Reed,C,PHI,175,24,82,24,1590,8.0,14.9,0.54,0.6,1.8,0.368,7.4,13.1,0.563,0.561,1.9,2.6,0.718,6.0,9.1,15.1,3.4,2.1,2.6,2.1,6.1,18.6,123.0,110,,reedpa01
2024,Ausar Thompson,SF,DET,176,21,63,38,1583,7.1,14.6,0.483,0.6,3.4,0.186,6.4,11.2,0.575,0.505,2.2,3.6,0.597,3.9,8.3,12.2,3.6,2.1,1.8,2.6,5.3,16.9,107.0,115,,thompau01
2024,Anfernee Simons,SG,POR,177,24,46,46,1582,11.2,26.1,0.43,4.9,12.6,0.385,6.4,13.5,0.472,0.523,5.1,5.6,0.916,0.7,4.5,5.2,8.0,0.7,0.2,3.9,3.1,32.4,113.0,121,,simonan01
2024,Kevin Huerter,SG,SAC,178,25,64,59,1562,7.7,17.4,0.443,3.8,10.6,0.361,3.9,6.8,0.571,0.553,1.1,1.5,0.766,1.2,5.8,7.0,5.2,1.4,0.7,1.6,4.2,20.4,116.0,116,,huertke01
2024,Bennedict Mathurin,SF,IND,179,21,59,19,1538,9.1,20.3,0.446,2.5,6.6,0.374,6.6,13.8,0.481,0.507,5.6,6.9,0.821,1.8,5.3,7.2,3.7,1.1,0.4,3.0,3.6,26.3,110.0,121,,mathube01
2024,Evan Mobley,PF,CLE,180,22,50,50,1532,10.3,17.8,0.58,0.7,1.9,0.373,9.6,15.9,0.604,0.6,4.0,5.5,0.719,3.6,11.5,15.1,5.2,1.5,2.3,2.9,4.3,25.3,122.0,109,,mobleev01
2024,Chris Paul,PG,GSW,181,38,58,18,1531,6.5,14.8,0.441,2.5,6.6,0.371,4.0,8.1,0.498,0.525,1.4,1.6,0.827,0.6,6.5,7.1,12.4,2.2,0.2,2.4,3.4,16.8,124.0,115,,paulch01
2024,Russell Westbrook,PG,LAC,182,35,68,11,1529,9.7,21.4,0.454,1.4,5.0,0.273,8.4,16.4,0.509,0.486,3.6,5.2,0.688,3.0,8.1,11.1,9.9,2.4,0.7,4.6,3.9,24.3,107.0,113,6MOY-7,westbru01
2024,Nicolas Batum,PF,LAC,183,35,60,38,1529,3.7,8.2,0.453,2.3,6.0,0.395,1.4,2.3,0.606,0.596,0.5,0.7,0.714,2.3,5.7,8.0,4.1,1.5,1.2,1.3,3.5,10.3,126.0,115,,batumni01
2024,Zach Collins,C,SAS,184,26,69,29,1526,9.3,19.2,0.484,1.8,5.6,0.32,7.5,13.5,0.552,0.531,3.8,5.0,0.753,3.7,7.8,11.5,6.0,1.1,1.6,4.1,6.4,24.1,108.0,116,,colliza01
2024,Josh Green,SG,DAL,185,23,57,33,1505,5.7,11.9,0.479,2.3,6.0,0.385,3.4,6.0,0.572,0.575,1.2,1.8,0.684,1.3,4.6,5.9,4.1,1.5,0.3,1.9,3.4,15.0,115.0,117,,greenjo02
2024,Walker Kessler,C,UTA,186,22,64,22,1493,7.4,11.3,0.654,0.1,0.6,0.211,7.3,10.7,0.68,0.66,1.8,3.0,0.602,5.3,10.2,15.5,1.9,1.0,5.0,2.1,4.3,16.7,128.0,114,,kesslwa01
2024,Draymond Green,PF,GSW,187,33,55,52,1490,6.0,12.1,0.497,1.7,4.2,0.395,4.4,7.9,0.551,0.566,1.8,2.4,0.73,2.5,10.5,12.9,10.8,1.8,1.5,4.4,5.4,15.4,116.0,112,,greendr01
2024,Peyton Watson,SF,DEN,188,21,80,4,1488,6.9,14.9,0.465,1.5,5.1,0.296,5.4,9.8,0.553,0.516,2.4,3.5,0.67,1.9,6.7,8.6,2.9,1.4,2.9,1.9,4.8,17.7,108.0,111,,watsope01
2024,Matisse Thybulle,SF,POR,189,26,65,19,1487,4.2,10.5,0.397,2.7,7.7,0.346,1.5,2.9,0.535,0.524,0.7,1.0,0.759,1.0,3.5,4.5,3.0,3.8,1.6,1.3,3.1,11.8,111.0,114,,thybuma01
2024,Khris Middleton,SF,MIL,190,32,55,55,1487,10.2,20.8,0.493,3.0,8.0,0.381,7.2,12.8,0.563,0.566,3.2,3.9,0.833,1.3,7.0,8.3,9.4,1.6,0.5,4.1,4.6,26.8,115.0,116,,middlkh01
2024,Bojan Bogdanović,PF,DET,191,34,57,27,1478,10.2,22.6,0.454,4.4,11.1,0.398,5.8,11.5,0.507,0.551,3.9,4.9,0.785,0.7,4.3,5.0,3.2,1.0,0.2,3.3,3.1,28.8,108.0,120,6MOY-9,bogdabo02
2024,Julian Champagnie,SF,SAS,192,22,74,59,1468,5.3,13.0,0.408,3.3,9.0,0.365,2.0,4.0,0.504,0.534,2.4,3.0,0.815,1.4,5.3,6.7,3.3,1.6,1.4,1.8,2.5,16.3,111.0,117,,champju02
2024,Patrick Beverley,PG,PHI,193,35,73,13,1462,5.3,12.6,0.417,2.0,6.0,0.337,3.2,6.6,0.49,0.497,2.5,3.0,0.822,1.6,6.3,8.0,7.1,1.4,1.0,2.2,4.3,15.0,116.0,115,,beverpa01
2024,Amir Coffey,SF,LAC,194,26,70,13,1460,5.6,11.9,0.472,2.4,6.2,0.38,3.2,5.7,0.571,0.571,2.1,2.4,0.859,1.0,4.0,5.0,2.6,1.4,0.5,1.1,3.4,15.7,122.0,118,,coffeam01
2024,Isaiah Joe,SG,OKC,195,24,78,1,1445,7.4,16.1,0.458,4.9,11.7,0.416,2.5,4.4,0.568,0.609,1.5,1.7,0.865,1.1,4.9,6.0,3.3,1.5,0.7,1.6,2.9,21.2,121.0,115,,joeis01
2024,Desmond Bane,SG,MEM,196,25,42,42,1443,12.2,26.3,0.464,4.6,12.2,0.381,7.6,14.1,0.536,0.552,4.7,5.5,0.87,1.2,5.0,6.3,7.8,1.5,0.7,3.8,4.1,33.8,114.0,116,,banede01
2024,Vince Williams Jr.,SG,MEM,197,23,52,33,1436,5.8,12.9,0.446,2.7,7.1,0.378,3.1,5.8,0.529,0.55,3.5,4.4,0.8,2.0,7.9,9.9,6.0,1.6,1.2,3.1,4.6,17.7,114.0,114,,willivi01
2024,Isaiah Stewart,PF,DET,198,22,46,45,1423,6.3,12.9,0.487,2.3,5.9,0.383,4.0,7.0,0.575,0.575,2.2,2.9,0.753,2.5,7.8,10.3,2.5,0.6,1.3,2.2,3.3,17.0,114.0,119,,stewais01
2024,Moritz Wagner,C,ORL,199,26,80,1,1415,11.6,19.3,0.601,1.3,4.0,0.33,10.3,15.3,0.673,0.636,5.8,7.1,0.814,4.1,8.0,12.1,3.4,1.4,0.7,3.4,5.6,30.4,126.0,112,,wagnemo01
2024,Tyler Herro,SG,MIA,200,24,42,40,1407,11.5,26.1,0.441,4.7,11.8,0.396,6.8,14.3,0.478,0.531,3.4,3.9,0.856,0.7,7.2,7.9,6.7,1.1,0.1,3.3,2.2,31.0,108.0,114,,herroty01
2024,Wendell Carter Jr.,C,ORL,201,24,55,48,1406,7.9,15.0,0.525,2.3,6.0,0.374,5.6,8.9,0.626,0.6,3.3,4.7,0.694,3.9,9.5,13.4,3.3,1.2,1.0,2.4,4.3,21.2,122.0,111,,cartewe01
2024,Onyeka Okongwu,C,ATL,202,23,55,8,1405,7.6,12.5,0.611,0.8,2.4,0.333,6.8,10.1,0.676,0.642,3.1,4.0,0.793,4.9,7.9,12.8,2.5,0.9,2.0,1.5,5.5,19.2,138.0,118,,okongon01
2024,Amen Thompson,SF,HOU,203,21,62,23,1388,8.4,15.6,0.536,0.3,2.0,0.138,8.1,13.6,0.595,0.545,3.7,5.4,0.684,5.2,9.1,14.3,5.7,2.7,1.3,3.1,4.9,20.7,118.0,109,,thompam01
2024,Haywood Highsmith,PF,MIA,204,27,66,26,1366,5.6,12.0,0.465,2.8,7.0,0.396,2.8,5.0,0.562,0.581,0.8,1.3,0.639,2.4,5.3,7.7,2.6,1.9,1.1,1.2,4.3,14.8,118.0,112,,highsha01
2024,Dyson Daniels,PG,NOP,205,20,61,16,1358,5.0,11.2,0.447,1.5,4.9,0.311,3.5,6.4,0.551,0.514,1.2,1.9,0.642,2.2,6.3,8.5,5.9,3.1,0.9,2.1,3.6,12.8,113.0,110,,daniedy01
2024,Andre Drummond,C,CHI,206,30,79,10,1351,9.9,17.7,0.556,0.0,0.1,0.0,9.9,17.6,0.56,0.556,4.8,8.0,0.592,9.8,16.3,26.1,1.4,2.7,1.8,3.0,5.2,24.5,119.0,107,,drumman01
2024,Marcus Sasser,PG,DET,207,23,71,11,1351,7.8,18.2,0.428,3.2,8.5,0.375,4.6,9.7,0.474,0.516,2.1,2.4,0.879,0.4,4.1,4.5,8.4,1.6,0.4,3.2,3.7,20.9,108.0,120,,sassema01
2024,Kris Murray,SF,POR,208,23,62,29,1348,5.3,13.4,0.396,1.8,6.7,0.268,3.5,6.7,0.525,0.463,1.4,2.1,0.661,3.1,5.1,8.2,2.9,1.9,0.8,2.0,3.4,13.8,103.0,118,,murrakr01
2024,Miles McBride,PG,NYK,209,23,68,14,1328,7.8,17.2,0.452,4.1,10.1,0.41,3.6,7.1,0.511,0.572,1.6,1.9,0.86,1.2,2.6,3.8,4.3,1.9,0.3,1.1,4.1,21.3,126.0,116,,mcbrimi01
2024,Jakob Poeltl,C,TOR,210,28,50,50,1319,9.1,13.8,0.656,0.0,0.0,,9.1,13.8,0.656,0.656,2.2,3.9,0.551,5.3,10.4,15.7,4.6,1.3,2.8,2.8,5.5,20.3,125.0,115,,poeltja01
2024,Joel Embiid,C,PHI,211,29,39,39,1309,16.9,32.0,0.529,2.0,5.2,0.388,14.9,26.8,0.556,0.561,15.0,17.0,0.883,3.6,12.6,16.2,8.2,1.7,2.5,5.6,4.2,50.9,124.0,109,AS,embiijo01
2024,Jeff Green,PF,HOU,212,37,78,6,1307,6.2,13.6,0.456,2.0,5.9,0.331,4.2,7.6,0.553,0.529,4.5,5.5,0.819,1.7,4.9,6.6,2.6,0.6,1.2,1.7,3.7,18.9,119.0,117,,greenje02
2024,Cameron Payne,PG,MIL,213,29,78,10,1304,7.7,17.9,0.432,3.9,9.9,0.39,3.9,8.0,0.486,0.541,2.2,2.5,0.866,0.8,3.6,4.4,7.6,1.6,0.4,2.5,4.7,21.5,116.0,118,,payneca01
2024,Gary Harris,SG,ORL,214,29,54,27,1297,5.0,11.3,0.441,2.9,7.8,0.371,2.1,3.5,0.598,0.569,1.3,1.7,0.756,0.9,2.6,3.5,3.3,1.9,0.5,1.2,3.5,14.2,120.0,114,,harriga01
2024,Dereck Lively II,C,DAL,215,19,55,42,1294,8.2,11.0,0.747,0.0,0.1,0.0,8.2,10.9,0.752,0.747,1.5,3.0,0.506,5.0,9.0,14.0,2.2,1.3,2.9,1.9,5.3,17.9,139.0,112,ROY-6,livelde01
2024,T.J. McConnell,PG,IND,216,31,71,4,1291,12.1,21.7,0.556,0.7,1.6,0.409,11.4,20.1,0.568,0.572,1.8,2.3,0.79,1.3,5.7,7.0,14.3,2.6,0.3,3.9,2.9,26.6,121.0,117,6MOY-7,mccontj01
2024,Aaron Holiday,PG,HOU,217,27,78,1,1269,7.1,15.9,0.446,3.2,8.3,0.387,3.9,7.6,0.51,0.547,2.2,2.4,0.921,0.9,3.8,4.7,5.4,1.6,0.2,2.0,4.8,19.6,117.0,116,,holidaa01
2024,Cedi Osman,SF,SAS,218,28,72,3,1269,6.9,14.4,0.479,3.2,8.3,0.389,3.7,6.1,0.601,0.591,1.3,1.9,0.673,0.9,5.8,6.7,4.5,1.3,0.4,1.8,4.0,18.3,115.0,118,,osmande01
2024,Gradey Dick,SG,TOR,219,20,60,17,1268,7.2,16.9,0.425,3.4,9.2,0.365,3.8,7.8,0.495,0.524,1.7,1.9,0.863,1.0,4.0,5.0,2.6,1.3,0.1,1.9,3.3,19.4,105.0,122,,dickgr01
2024,Naji Marshall,SF,NOP,220,26,66,1,1257,6.6,14.3,0.463,2.3,5.9,0.387,4.4,8.5,0.516,0.542,2.7,3.4,0.791,2.1,7.3,9.4,5.0,1.9,0.5,2.5,3.5,18.2,115.0,113,,marshna01
2024,Kris Dunn,PG,UTA,221,29,66,32,1249,5.7,12.1,0.47,1.6,4.3,0.369,4.1,7.8,0.525,0.535,0.8,1.2,0.688,1.9,5.4,7.3,9.8,2.6,1.1,3.1,5.2,13.8,116.0,118,,dunnkr01
2024,Gordon Hayward,SF,CHO,222,33,51,28,1245,7.3,15.8,0.464,1.5,3.5,0.411,5.9,12.3,0.479,0.51,3.5,4.7,0.742,1.5,5.6,7.1,6.2,1.6,0.5,2.6,2.6,19.6,111.0,118,,haywago01
2024,GG Jackson II,PF,MEM,223,19,48,18,1233,9.6,22.3,0.428,4.0,11.3,0.357,5.5,11.0,0.502,0.519,4.6,6.1,0.752,2.1,5.7,7.8,2.3,1.1,1.0,2.6,2.5,27.7,107.0,117,,jacksgg01
2024,Aaron Wiggins,SG,OKC,224,25,78,4,1228,8.3,14.8,0.562,2.4,4.9,0.492,5.9,9.8,0.598,0.645,2.2,2.8,0.789,2.3,4.9,7.3,3.4,2.2,0.7,2.2,3.6,21.2,125.0,113,,wiggiaa01
2024,Larry Nance Jr.,C,NOP,225,31,61,0,1216,5.6,9.7,0.573,1.1,2.6,0.415,4.5,7.1,0.631,0.629,1.9,2.5,0.77,3.8,8.6,12.4,4.6,2.5,0.8,2.0,4.0,14.1,131.0,111,,nancela02
2024,Duop Reath,C,POR,226,27,68,20,1214,9.4,20.3,0.461,3.6,10.0,0.359,5.8,10.3,0.559,0.549,2.8,3.8,0.742,3.8,6.4,10.2,2.7,1.3,1.5,2.1,6.5,25.1,116.0,117,,reathdu01
2024,Alec Burks,SG,DET,227,32,66,1,1212,8.4,22.9,0.369,5.0,13.3,0.376,3.5,9.6,0.36,0.478,5.8,6.7,0.868,1.0,5.1,6.0,3.5,1.1,0.5,1.9,3.0,27.7,111.0,120,,burksal01
2024,Kevon Looney,C,GSW,228,27,74,36,1195,5.6,9.4,0.597,0.0,0.0,0.0,5.6,9.4,0.599,0.597,2.3,3.4,0.675,5.8,11.2,17.0,5.4,1.1,1.2,2.0,6.3,13.5,134.0,113,,looneke01
2024,David Roddy,PF,MEM,229,22,65,13,1177,6.9,17.0,0.403,2.0,6.8,0.293,4.9,10.2,0.478,0.462,2.0,2.8,0.691,2.2,6.6,8.8,3.3,1.1,0.5,2.4,3.0,17.6,98.0,117,,roddyda01
2024,Vasilije Micić,PG,OKC,230,30,60,21,1176,6.6,15.4,0.43,1.8,6.4,0.279,4.8,9.0,0.537,0.488,2.5,3.1,0.813,0.6,3.1,3.7,10.9,1.3,0.3,4.1,2.8,17.6,105.0,121,,micicva01
2024,Patrick Williams,PF,CHI,231,22,43,30,1174,6.8,15.2,0.443,2.5,6.3,0.399,4.2,9.0,0.474,0.525,2.2,2.8,0.788,2.0,5.1,7.0,2.8,1.7,1.4,2.4,3.7,18.2,107.0,117,,willipa01
2024,John Konchar,SF,MEM,232,27,55,23,1173,3.7,8.7,0.423,1.6,5.0,0.317,2.1,3.7,0.568,0.514,0.9,1.0,0.84,3.0,7.7,10.7,4.6,2.1,2.1,1.9,3.2,9.8,114.0,112,,konchjo01
2024,Drew Eubanks,C,PHO,233,26,75,6,1169,6.3,10.6,0.601,0.1,0.1,1.0,6.2,10.4,0.596,0.607,3.0,3.9,0.774,4.3,9.1,13.4,2.6,1.1,2.5,2.5,4.8,15.8,123.0,113,,eubandr01
2024,Joe Ingles,SF,ORL,234,36,68,0,1169,4.2,9.6,0.436,3.0,6.8,0.435,1.2,2.8,0.439,0.59,1.2,1.4,0.824,0.8,5.3,6.0,8.6,1.8,0.2,2.8,3.7,12.5,119.0,113,,inglejo01
2024,Anthony Black,PG,ORL,235,20,69,33,1164,4.9,10.5,0.466,1.6,4.0,0.394,3.3,6.5,0.51,0.54,2.1,3.4,0.613,1.4,4.5,5.9,3.9,1.5,0.9,2.4,4.7,13.4,108.0,113,,blackan01
2024,Jordan Hawkins,SG,NOP,236,21,67,10,1160,7.4,19.3,0.382,4.6,12.6,0.366,2.7,6.7,0.411,0.501,2.8,3.4,0.838,1.2,5.0,6.3,3.0,0.8,0.3,1.7,3.0,22.1,109.0,117,,hawkijo01
2024,Trey Lyles,PF,SAC,237,28,58,0,1158,6.0,13.5,0.445,3.5,9.2,0.384,2.5,4.3,0.578,0.576,2.1,2.9,0.7,2.6,8.2,10.8,3.0,0.7,0.8,1.6,3.6,17.6,120.0,116,,lylestr01
2024,Moses Moody,SG,GSW,238,21,66,9,1156,8.1,17.6,0.462,3.0,8.4,0.36,5.1,9.2,0.555,0.548,3.1,3.9,0.785,2.7,5.5,8.2,2.4,1.8,1.0,1.8,3.8,22.3,117.0,115,,moodymo01
2024,Jae Crowder,PF,MIL,239,33,50,25,1156,4.7,11.2,0.422,2.4,6.9,0.349,2.3,4.3,0.538,0.53,1.1,1.5,0.722,1.3,5.4,6.7,2.7,1.6,0.4,1.0,3.1,13.0,114.0,117,,crowdja01
2024,Trayce Jackson-Davis,PF,GSW,240,23,68,16,1130,10.0,14.2,0.702,0.0,0.0,0.0,10.0,14.2,0.704,0.702,3.2,5.7,0.561,5.8,8.8,14.6,3.5,1.2,3.3,2.1,4.6,23.1,136.0,112,,jackstr02
2024,Malcolm Brogdon,PG,POR,241,31,39,25,1121,9.6,21.8,0.44,3.6,8.8,0.412,6.0,13.1,0.458,0.522,4.2,5.1,0.819,1.2,5.3,6.5,9.4,1.2,0.4,2.6,2.6,27.0,120.0,120,,brogdma01
2024,Dean Wade,PF,CLE,242,27,54,32,1108,4.3,10.3,0.414,3.5,9.0,0.391,0.8,1.3,0.567,0.584,0.9,1.2,0.769,1.6,8.1,9.7,1.9,1.8,1.1,0.9,4.1,13.0,121.0,111,,wadede01
2024,Josh Richardson,SG,MIA,243,30,43,6,1103,7.0,15.7,0.444,3.0,8.6,0.347,4.0,7.1,0.561,0.539,2.3,2.4,0.944,0.8,4.7,5.5,4.7,1.1,0.6,1.6,3.4,19.2,115.0,115,,richajo01
2024,Davion Mitchell,PG,SAC,244,25,72,4,1101,6.4,14.2,0.452,2.5,7.0,0.361,3.9,7.3,0.539,0.54,1.3,1.9,0.714,0.8,3.4,4.2,5.9,0.7,0.1,1.9,3.7,16.7,114.0,120,,mitchda01
2024,Dario Šarić,C,GSW,245,29,64,9,1098,8.0,17.1,0.466,3.3,8.7,0.376,4.7,8.4,0.56,0.562,3.5,4.1,0.849,3.2,9.3,12.5,6.3,1.4,0.4,3.4,4.9,22.7,119.0,115,,saricda01
2024,James Wiseman,C,DET,246,22,63,6,1091,8.2,13.4,0.613,0.0,0.1,0.0,8.2,13.4,0.617,0.613,3.2,4.5,0.706,4.9,10.0,14.8,2.4,0.5,1.7,2.9,6.2,19.7,119.0,118,,wisemja01
2024,Dante Exum,PG,DAL,247,28,55,17,1088,7.1,13.3,0.533,2.3,4.8,0.491,4.8,8.6,0.557,0.621,2.3,3.0,0.779,1.1,5.5,6.6,6.9,1.0,0.2,2.2,3.7,18.9,128.0,118,,exumda01
2024,Sam Merrill,SG,CLE,248,27,61,1,1069,7.3,18.2,0.402,6.6,16.4,0.404,0.7,1.8,0.385,0.584,1.2,1.3,0.929,1.0,4.5,5.5,5.0,0.9,0.2,0.9,3.3,22.4,125.0,117,,merrisa01
2024,Dennis Smith Jr.,PG,BRK,249,26,56,2,1059,6.9,15.8,0.435,1.5,5.1,0.294,5.4,10.7,0.502,0.482,2.0,2.7,0.741,2.3,5.3,7.7,9.5,3.2,0.6,3.2,5.7,17.3,110.0,114,,smithde03
2024,Shaedon Sharpe,SG,POR,250,20,32,25,1059,8.2,20.2,0.406,2.8,8.4,0.333,5.4,11.8,0.457,0.475,4.6,5.5,0.824,2.0,5.5,7.5,4.4,1.3,0.6,3.4,4.1,23.8,105.0,119,,sharpsh01
2024,Jordan Goodwin,PG,PHO,251,25,57,12,1055,6.5,17.7,0.369,1.9,6.5,0.298,4.6,11.2,0.411,0.424,2.0,2.7,0.746,4.1,7.6,11.7,7.2,2.2,0.8,2.6,3.5,17.0,105.0,113,,goodwjo01
2024,Marvin Bagley III,C,DET,252,24,50,25,1053,10.8,18.4,0.586,0.4,1.0,0.391,10.3,17.3,0.597,0.597,4.3,5.7,0.762,5.8,8.2,14.0,2.5,0.9,1.5,2.7,3.6,26.2,122.0,119,,baglema01
2024,Torrey Craig,SF,CHI,253,33,53,14,1049,5.1,11.9,0.43,2.9,7.3,0.392,2.3,4.7,0.49,0.55,1.3,1.7,0.75,3.3,7.0,10.3,2.8,1.4,1.0,1.5,5.2,14.4,119.0,117,,craigto01
2024,Jalen Smith,C,IND,254,23,61,14,1047,10.5,17.8,0.592,2.7,6.5,0.424,7.8,11.3,0.689,0.67,3.2,4.7,0.692,5.0,10.1,15.2,2.8,0.8,1.7,2.0,5.6,27.1,133.0,117,,smithja04
2024,Dalano Banton,PG,BOS,255,24,54,9,1047,9.5,23.6,0.404,2.8,9.4,0.296,6.7,14.2,0.475,0.463,4.4,5.7,0.783,1.9,6.5,8.4,6.0,1.6,0.9,3.6,3.0,26.3,103.0,117,,bantoda01
2024,Ziaire Williams,SF,MEM,256,22,51,15,1038,7.1,17.8,0.397,2.7,8.9,0.307,4.3,8.9,0.487,0.474,2.9,3.5,0.827,1.6,6.8,8.5,3.5,1.7,0.4,3.1,4.0,19.8,98.0,115,,willizi02
2024,Jae'Sean Tate,SF,HOU,257,28,65,9,1031,5.1,10.8,0.472,1.1,3.6,0.299,4.0,7.2,0.559,0.522,1.2,1.8,0.667,2.9,6.4,9.3,3.0,2.0,0.7,1.7,6.4,12.5,112.0,113,,tateja01
2024,Kenrich Williams,PF,OKC,258,29,69,1,1029,6.1,13.1,0.468,2.6,6.6,0.397,3.5,6.5,0.54,0.568,0.3,0.7,0.5,2.9,6.9,9.8,4.3,1.8,0.4,1.5,4.7,15.2,120.0,113,,willike04
2024,Jose Alvarado,PG,NOP,259,25,56,0,1028,6.8,16.5,0.412,3.7,9.9,0.377,3.1,6.6,0.464,0.525,1.7,2.5,0.673,1.2,4.9,6.1,5.6,2.8,0.7,1.9,4.2,18.9,112.0,112,6MOY-6,alvarjo01
2024,Quentin Grimes,SG,NYK,260,23,51,18,1025,6.0,16.0,0.372,4.0,11.7,0.338,2.0,4.3,0.466,0.495,1.7,2.2,0.756,0.7,4.2,4.9,3.2,1.7,0.3,1.4,3.7,17.6,109.0,116,,grimequ01
2024,De'Anthony Melton,SG,PHI,261,25,38,33,1023,6.7,17.3,0.386,3.7,10.3,0.36,3.0,7.0,0.425,0.493,3.2,3.8,0.835,1.3,5.4,6.8,5.5,2.9,0.8,1.9,4.0,20.3,113.0,113,,meltode01
2024,Daniel Theis,C,IND,262,31,60,3,1015,7.6,14.2,0.532,1.3,3.5,0.366,6.3,10.8,0.586,0.577,1.8,2.4,0.76,4.1,7.7,11.9,3.0,1.0,2.5,2.0,6.2,18.3,121.0,114,,theisda01
2024,Lonnie Walker IV,SG,BRK,263,25,58,0,1011,10.2,24.1,0.423,5.1,13.3,0.384,5.1,10.8,0.471,0.528,2.2,2.9,0.763,0.6,5.6,6.2,3.6,1.6,1.0,2.5,3.5,27.7,105.0,117,,walkelo01
2024,Talen Horton-Tucker,PG,UTA,264,23,51,11,1009,8.8,22.2,0.396,2.9,8.7,0.33,5.9,13.5,0.438,0.46,4.2,5.2,0.807,1.0,4.8,5.8,8.5,2.2,0.9,3.1,4.5,24.7,108.0,120,,hortota01
2024,Killian Hayes,PG,DET,265,22,42,31,1008,5.6,13.5,0.413,1.1,3.5,0.297,4.5,10.0,0.455,0.452,1.6,2.4,0.66,0.5,5.2,5.7,9.8,1.7,1.0,2.4,3.6,13.8,106.0,119,,hayeski01
2024,Jevon Carter,PG,CHI,266,28,72,0,1004,6.9,18.1,0.378,3.8,11.6,0.329,3.0,6.5,0.466,0.484,0.2,0.3,0.571,0.5,2.4,3.0,4.7,1.8,0.8,1.8,3.5,17.7,101.0,119,,carteje01
2024,Luke Kennard,SG,MEM,267,27,39,22,999,6.9,15.4,0.448,5.2,11.6,0.45,1.7,3.8,0.442,0.617,2.0,2.2,0.889,0.5,5.0,5.5,6.7,1.0,0.1,2.6,1.9,21.0,121.0,119,,kennalu01
2024,Garrison Mathews,SG,ATL,268,27,66,5,992,5.0,10.9,0.456,4.1,9.3,0.44,0.9,1.6,0.545,0.644,1.6,2.0,0.81,0.8,3.6,4.4,1.8,1.0,0.4,0.9,5.6,15.7,131.0,123,,mathega01
2024,Jaden Hardy,SG,DAL,269,21,73,7,989,9.5,23.2,0.407,3.9,10.9,0.362,5.5,12.4,0.447,0.492,2.9,3.7,0.776,1.0,5.4,6.4,5.3,1.1,0.2,3.0,3.9,25.7,103.0,118,,hardyja02
2024,Tre Mann,PG,OKC,270,22,41,28,987,7.2,15.7,0.459,2.3,6.3,0.373,4.9,9.5,0.516,0.533,2.2,2.9,0.763,1.0,6.4,7.4,8.2,2.5,0.1,3.2,2.4,19.0,110.0,118,,manntr01
2024,Cam Reddish,SF,LAL,271,24,48,26,984,4.4,11.3,0.389,1.8,5.3,0.336,2.6,6.0,0.435,0.468,2.0,2.6,0.759,1.3,3.5,4.8,2.3,2.3,0.7,1.5,3.1,12.6,102.0,116,,reddica01
2024,Luke Kornet,C,BOS,272,28,63,7,983,7.1,10.2,0.7,0.1,0.1,1.0,7.1,10.2,0.698,0.702,2.5,2.7,0.907,5.9,7.2,13.1,3.4,1.2,3.1,1.1,3.9,16.8,157.0,110,,kornelu01
2024,Keon Ellis,SG,SAC,273,24,57,21,978,5.3,11.5,0.461,3.5,8.3,0.417,1.8,3.2,0.578,0.612,1.3,1.7,0.743,1.6,4.6,6.2,4.2,2.5,1.4,1.8,5.6,15.4,122.0,113,,elliske01
2024,Xavier Tillman Sr.,C,MEM,274,25,54,15,974,6.1,14.0,0.434,1.0,4.1,0.247,5.1,10.0,0.51,0.47,1.1,2.5,0.44,3.5,7.1,10.6,3.9,2.6,2.2,1.7,3.8,14.3,105.0,110,,tillmxa01
2024,Josh Okogie,SG,PHO,275,25,60,11,960,4.4,10.5,0.417,1.5,4.8,0.309,2.9,5.7,0.509,0.488,3.9,5.2,0.745,3.8,4.1,7.8,3.3,2.4,1.2,1.8,3.5,14.1,119.0,114,,okogijo01
2024,Goga Bitadze,C,ORL,276,24,62,33,957,6.5,10.8,0.603,0.1,0.7,0.143,6.4,10.1,0.636,0.608,2.9,4.5,0.655,5.6,9.2,14.8,4.1,1.7,3.7,2.3,5.5,16.1,128.0,107,,bitadgo01
2024,Max Christie,SG,LAL,277,20,67,7,944,5.2,12.1,0.427,2.1,5.9,0.356,3.1,6.2,0.496,0.515,1.8,2.3,0.783,0.8,6.4,7.2,3.0,1.0,0.9,1.8,2.9,14.3,105.0,117,,chrisma02
2024,Kevin Love,PF,MIA,278,35,55,5,924,8.5,19.4,0.44,4.5,13.2,0.344,4.0,6.2,0.643,0.557,4.6,5.8,0.787,3.2,15.1,18.2,6.2,1.0,0.5,2.6,5.2,26.2,121.0,109,,loveke01
2024,Day'Ron Sharpe,C,BRK,279,22,61,1,921,9.0,15.8,0.571,0.2,0.8,0.267,8.8,15.0,0.588,0.578,4.0,6.6,0.61,8.7,12.3,20.9,4.6,1.3,2.4,3.8,7.0,22.3,120.0,112,,sharpda01
2024,Jonathan Isaac,PF,ORL,280,26,58,2,914,7.9,15.5,0.51,2.3,6.1,0.375,5.6,9.4,0.598,0.584,3.2,4.4,0.72,4.0,10.1,14.1,1.6,2.3,3.8,1.5,3.5,21.3,124.0,105,6MOY-9,isaacjo01
2024,Markelle Fultz,PG,ORL,281,25,43,18,910,8.4,17.7,0.472,0.2,1.0,0.222,8.2,16.8,0.487,0.479,1.3,1.8,0.697,3.0,4.5,7.5,6.5,2.3,0.8,2.7,3.5,18.2,106.0,112,,fultzma01
2024,Doug McDermott,SF,SAS,282,32,64,0,904,6.4,14.9,0.433,4.9,12.0,0.41,1.5,2.9,0.527,0.599,0.6,1.0,0.579,0.5,2.6,3.1,3.7,0.8,0.1,1.5,3.4,18.4,114.0,122,,mcderdo01
2024,Jaylin Williams,C,OKC,283,21,69,1,897,5.1,12.2,0.417,2.8,7.7,0.368,2.3,4.5,0.5,0.533,1.8,2.2,0.805,1.9,10.6,12.5,5.9,1.5,1.4,1.8,5.3,14.8,119.0,110,,willija07
2024,Nikola Jović,PF,MIA,284,20,46,38,896,7.1,15.6,0.452,3.6,9.1,0.399,3.5,6.6,0.525,0.568,1.8,2.6,0.702,1.4,9.3,10.7,5.0,1.4,0.8,2.3,4.6,19.6,113.0,111,,jovicni01
2024,Bryce McGowens,SG,CHO,285,21,59,14,882,5.7,12.9,0.439,1.9,5.7,0.333,3.7,7.2,0.523,0.513,3.7,4.8,0.776,1.0,4.8,5.7,2.9,1.2,0.6,1.7,4.1,16.9,111.0,122,,mcgowbr01
2024,Cam Whitmore,SF,HOU,286,19,47,2,880,11.7,25.7,0.454,4.4,12.1,0.359,7.3,13.6,0.538,0.539,4.2,6.2,0.679,2.4,7.5,9.9,1.8,1.7,0.9,2.5,3.5,31.9,109.0,113,,whitmca01
2024,Jaxson Hayes,C,LAL,287,23,70,5,877,6.8,9.5,0.72,0.0,0.4,0.0,6.8,9.1,0.754,0.72,2.8,4.4,0.622,3.7,7.7,11.4,1.8,1.8,1.6,2.3,6.7,16.4,128.0,113,,hayesja02
2024,Blake Wesley,SG,SAS,288,20,61,3,876,5.5,11.7,0.474,0.7,3.0,0.218,4.9,8.7,0.563,0.502,2.8,4.2,0.667,1.0,4.1,5.1,9.0,1.6,0.5,3.0,4.8,14.5,110.0,118,,weslebl01
2024,Malachi Flynn,PG,TOR,289,25,69,0,876,7.5,17.9,0.418,3.1,9.3,0.331,4.4,8.6,0.513,0.505,2.9,3.9,0.732,1.2,5.1,6.3,7.2,2.1,0.4,3.5,3.6,21.0,105.0,119,,flynnma01
2024,Christian Wood,PF,LAL,290,28,50,1,872,6.7,14.4,0.466,1.9,6.2,0.307,4.8,8.2,0.587,0.532,3.6,5.1,0.702,2.1,11.7,13.9,2.7,0.9,1.8,2.7,3.9,18.9,107.0,113,,woodch01
2024,Zach LaVine,SG,CHI,291,28,25,23,872,9.7,21.5,0.452,3.4,9.7,0.349,6.3,11.8,0.536,0.531,5.0,5.9,0.854,0.5,6.9,7.4,5.6,1.2,0.5,3.0,3.3,27.8,113.0,118,,lavinza01
2024,Maxi Kleber,C,DAL,292,32,43,7,871,3.5,8.0,0.432,1.8,5.1,0.348,1.7,3.0,0.574,0.541,1.8,2.6,0.702,1.7,6.2,7.9,3.7,0.9,1.7,1.5,4.4,10.5,118.0,116,,klebima01
2024,Justin Holiday,SG,DEN,293,34,58,9,862,5.1,11.2,0.454,3.2,7.8,0.404,1.9,3.3,0.569,0.595,0.2,0.2,0.75,0.5,3.6,4.1,3.9,2.1,0.5,0.8,4.0,13.5,124.0,115,,holidju01
2024,Chimezie Metu,C,PHO,294,26,51,12,859,6.9,13.8,0.504,1.6,5.3,0.298,5.4,8.5,0.633,0.561,3.3,3.6,0.906,2.3,8.6,10.9,2.6,2.4,0.9,2.9,4.0,18.7,112.0,114,,metuch01
2024,Trendon Watford,PF,BRK,295,23,63,2,856,9.5,18.0,0.527,1.6,3.9,0.397,7.9,14.1,0.564,0.571,4.5,5.6,0.794,3.0,8.2,11.2,4.7,1.3,1.1,3.6,6.1,25.0,115.0,115,,watfotr01
2024,Taylor Hendricks,PF,UTA,296,20,40,23,856,6.1,13.5,0.45,3.0,7.9,0.379,3.1,5.6,0.55,0.56,1.3,1.6,0.793,2.6,7.8,10.4,1.8,1.6,1.7,1.5,4.3,16.5,117.0,119,,hendrta01
2024,Dwight Powell,C,DAL,297,32,63,9,836,4.1,6.1,0.679,0.1,0.2,0.333,4.1,5.9,0.689,0.684,3.6,5.1,0.708,5.6,6.7,12.3,4.8,1.5,1.1,1.8,6.5,11.9,147.0,115,,poweldw01
2024,Troy Brown Jr.,SF,MIN,298,24,59,15,827,5.0,13.3,0.372,2.8,8.3,0.333,2.2,5.0,0.435,0.476,1.9,2.2,0.865,1.5,7.0,8.5,3.5,1.4,0.2,1.8,2.5,14.6,105.0,115,,browntr01
2024,Marcus Morris,PF,PHI,299,34,49,7,817,7.0,15.9,0.439,2.9,7.2,0.403,4.1,8.7,0.469,0.53,2.2,2.7,0.818,1.4,6.7,8.1,2.2,0.9,0.8,1.8,4.5,19.1,109.0,116,,morrima03
2024,Caleb Houstan,SF,ORL,300,21,59,13,815,4.9,12.5,0.388,4.4,11.7,0.373,0.5,0.8,0.615,0.563,1.3,1.6,0.808,1.7,3.4,5.1,1.8,0.9,0.2,1.0,3.7,15.4,119.0,116,,houstca01
2024,Ben Sheppard,SG,IND,301,22,57,1,814,5.2,13.3,0.393,2.8,9.0,0.314,2.4,4.2,0.562,0.5,1.3,1.5,0.885,0.9,4.3,5.2,3.1,1.9,0.1,0.9,5.1,14.6,112.0,120,,sheppbe01
2024,Jake LaRavia,PF,MEM,302,22,35,6,806,7.2,18.4,0.389,3.2,9.5,0.34,3.9,8.9,0.442,0.477,5.5,6.6,0.826,3.1,4.7,7.8,3.5,1.8,0.7,2.7,4.2,23.0,109.0,116,,laravja01
2024,Bismack Biyombo,C,MEM,303,31,40,27,791,4.6,8.1,0.565,0.0,0.0,,4.6,8.1,0.565,0.565,1.6,3.3,0.481,3.8,9.1,12.9,3.3,0.7,2.3,2.6,5.5,10.7,108.0,114,,biyombi01
2024,JT Thor,PF,CHO,304,21,63,3,781,5.1,11.6,0.437,1.8,5.1,0.346,3.3,6.4,0.51,0.514,0.7,1.3,0.55,2.7,6.5,9.2,1.8,0.7,1.7,0.9,3.8,12.6,110.0,121,,thorjt01
2024,Isaiah Jackson,C,IND,305,22,59,3,771,9.5,14.3,0.665,0.0,0.2,0.0,9.5,14.0,0.677,0.665,4.5,6.2,0.716,5.8,8.8,14.6,3.1,2.1,3.7,2.4,8.4,23.4,135.0,112,,jacksis01
2024,Mitchell Robinson,C,NYK,306,25,31,21,768,4.8,8.3,0.575,0.0,0.0,,4.8,8.3,0.575,0.575,1.8,4.3,0.409,9.3,7.9,17.3,1.2,2.4,2.3,1.6,3.6,11.4,128.0,109,,robinmi01
2024,Jock Landale,C,HOU,307,28,56,3,763,6.7,13.1,0.515,0.6,2.5,0.25,6.1,10.6,0.578,0.539,3.3,4.1,0.8,5.6,5.3,10.9,4.1,1.3,2.1,2.0,4.7,17.4,126.0,114,,landajo01
2024,Cody Martin,SF,CHO,308,28,28,22,753,5.4,14.1,0.381,1.8,5.6,0.314,3.6,8.5,0.426,0.444,1.3,2.2,0.606,1.2,5.9,7.1,6.8,2.1,1.2,2.9,3.1,13.8,96.0,118,,martico01
2024,KJ Martin,SF,LAC,309,23,60,2,746,6.4,11.9,0.536,0.5,1.8,0.286,5.9,10.1,0.582,0.558,1.5,2.7,0.537,2.7,5.9,8.6,3.4,1.5,0.8,2.1,6.6,14.8,112.0,115,,martike04
2024,Delon Wright,PG,WAS,310,31,47,1,742,4.8,12.1,0.394,1.6,4.4,0.368,3.2,7.7,0.408,0.46,2.4,2.9,0.822,1.2,4.3,5.6,7.7,3.5,0.7,0.9,2.1,13.6,120.0,114,,wrighde01
2024,Ish Smith,PG,CHO,311,35,43,5,741,4.4,10.5,0.418,0.3,0.5,0.5,4.1,10.0,0.413,0.43,0.2,0.3,0.75,0.7,4.3,5.1,9.7,1.1,0.3,3.1,3.3,9.3,97.0,123,,smithis01
2024,Mo Bamba,C,PHI,312,25,57,17,740,6.5,13.2,0.49,1.7,4.3,0.391,4.8,8.9,0.537,0.553,2.3,3.3,0.68,5.1,10.7,15.8,2.7,1.5,4.0,2.6,6.7,16.8,116.0,109,,bambamo01
2024,Nick Smith Jr.,SG,CHO,313,19,51,0,729,7.6,19.6,0.391,4.3,9.9,0.432,3.4,9.7,0.35,0.5,0.9,1.0,0.867,1.2,3.7,4.9,4.0,0.7,0.5,2.6,3.7,20.4,98.0,124,,smithni01
2024,Landry Shamet,SG,WAS,314,26,46,5,726,7.6,17.6,0.431,3.4,10.1,0.338,4.2,7.5,0.556,0.527,2.4,3.0,0.826,1.0,3.0,4.0,3.5,1.6,0.6,1.9,4.9,21.1,107.0,122,,shamela01
2024,Chris Duarte,SF,SAC,315,26,59,11,719,5.4,14.2,0.381,3.0,8.6,0.346,2.4,5.6,0.434,0.486,1.8,2.2,0.788,1.8,5.4,7.2,3.0,1.9,0.5,1.8,5.4,15.5,106.0,116,,duartch01
2024,Jordan Nwora,SF,IND,316,25,52,1,712,9.3,20.2,0.462,3.0,8.8,0.336,6.3,11.3,0.56,0.535,3.0,3.6,0.83,1.9,8.2,10.0,4.2,1.8,0.9,3.6,3.2,24.5,105.0,117,,nworajo01
2024,LaMelo Ball,PG,CHO,317,22,22,22,711,12.7,29.4,0.433,4.9,13.7,0.355,7.8,15.7,0.5,0.515,6.2,7.2,0.865,2.0,5.8,7.8,12.2,2.8,0.3,5.8,5.5,36.5,110.0,118,,ballla01
2024,Chris Boucher,PF,TOR,318,31,50,0,705,7.5,14.9,0.507,2.1,6.4,0.33,5.4,8.4,0.642,0.578,4.9,6.3,0.772,4.2,9.9,14.2,1.6,1.0,1.6,1.9,4.7,22.1,124.0,117,,bouchch01
2024,Jacob Gilyard,PG,MEM,319,25,41,14,699,4.2,10.5,0.4,3.6,8.8,0.405,0.6,1.7,0.375,0.57,0.1,0.1,1.0,0.6,2.6,3.2,9.6,2.3,0.3,2.1,2.7,12.1,122.0,117,,gilyaja01
2024,Bruno Fernando,C,ATL,320,25,45,2,682,7.7,13.2,0.583,0.0,0.3,0.0,7.7,12.9,0.596,0.583,4.5,6.8,0.667,4.1,9.4,13.6,3.2,1.8,2.0,3.1,7.5,19.8,118.0,116,,fernabr01
2024,Dalen Terry,SG,CHI,321,21,59,2,681,5.1,11.5,0.439,1.2,5.4,0.23,3.8,6.1,0.627,0.494,1.8,3.1,0.581,2.1,6.1,8.3,5.9,2.0,1.3,2.3,5.9,13.2,109.0,115,,terryda01
2024,Gary Payton II,SG,GSW,322,31,44,0,680,7.3,13.0,0.563,1.4,3.9,0.364,5.9,9.1,0.648,0.617,1.0,1.6,0.609,3.3,4.8,8.0,3.4,2.8,1.3,1.9,5.5,17.1,123.0,113,,paytoga02
2024,Mason Plumlee,C,LAC,323,33,46,11,674,6.4,11.2,0.569,0.0,0.4,0.0,6.4,10.8,0.592,0.569,5.1,7.3,0.707,4.4,12.7,17.1,4.0,1.0,1.2,2.6,5.0,17.9,125.0,113,,plumlma01
2024,Dāvis Bertāns,PF,OKC,324,31,43,1,674,6.7,17.1,0.393,5.5,14.6,0.38,1.2,2.5,0.471,0.556,2.2,2.4,0.909,0.7,3.8,4.5,2.6,1.9,0.9,1.3,4.1,21.2,114.0,120,,bertada01
2024,Keita Bates-Diop,SF,PHO,325,28,53,8,665,5.3,12.2,0.434,1.5,5.1,0.304,3.8,7.1,0.526,0.497,2.4,3.1,0.762,2.3,5.8,8.1,2.8,1.8,1.6,1.1,2.6,14.5,116.0,114,,bateske01
2024,Jalen Wilson,PF,BRK,326,23,43,3,664,5.7,13.4,0.425,1.8,5.5,0.324,3.9,7.8,0.495,0.492,2.8,3.4,0.826,3.5,6.3,9.8,3.4,0.8,0.3,1.4,3.6,16.0,118.0,119,,wilsoja03
2024,Craig Porter Jr.,PG,CLE,327,23,51,6,649,8.8,17.4,0.509,0.9,2.6,0.353,7.9,14.8,0.536,0.535,3.1,4.3,0.732,1.6,6.7,8.3,9.0,1.6,1.1,3.4,3.0,21.7,114.0,113,,portecr01
2024,Rayan Rupert,SG,POR,328,19,39,12,633,4.2,12.6,0.335,2.2,6.1,0.359,2.0,6.5,0.313,0.422,1.5,2.0,0.76,1.9,5.3,7.2,4.8,0.9,0.2,2.4,4.4,12.1,98.0,120,,ruperra01
2024,Oshae Brissett,SF,BOS,329,25,55,1,630,5.3,12.0,0.444,1.2,4.3,0.273,4.2,7.7,0.541,0.493,3.9,6.5,0.602,4.8,7.8,12.5,3.5,1.5,0.6,1.6,4.2,15.8,121.0,112,,brissos01
2024,Danilo Gallinari,PF,WAS,330,35,49,0,630,6.2,14.3,0.437,2.3,7.0,0.323,4.0,7.3,0.546,0.516,6.3,7.4,0.857,1.5,6.6,8.1,4.1,1.1,0.5,1.7,3.8,21.0,122.0,120,,gallida01
2024,Jordan McLaughlin,PG,MIN,331,27,56,0,626,5.5,11.4,0.483,3.3,7.0,0.472,2.2,4.4,0.5,0.628,1.0,1.4,0.722,1.4,4.3,5.7,8.7,2.8,0.6,1.5,2.4,15.4,136.0,109,,mclaujo01
2024,Seth Curry,SG,DAL,332,33,44,4,616,6.3,16.0,0.392,3.0,8.5,0.352,3.3,7.5,0.438,0.485,2.2,2.4,0.903,1.4,3.9,5.3,3.5,1.7,0.5,1.6,3.1,17.7,107.0,118,,curryse01
2024,A.J. Green,SG,MIL,333,24,56,0,614,6.5,15.3,0.423,5.4,13.2,0.408,1.1,2.1,0.519,0.599,1.3,1.5,0.895,0.7,4.3,5.0,2.3,0.7,0.3,0.9,3.8,19.7,122.0,120,,greenaj01
2024,Johnny Davis,SG,WAS,334,21,50,6,613,4.7,11.7,0.403,1.1,3.1,0.35,3.7,8.7,0.421,0.448,1.1,1.8,0.583,1.4,4.1,5.5,2.4,1.4,0.8,1.0,4.3,11.6,98.0,121,,davisjo06
2024,MarJon Beauchamp,SF,MIL,335,23,48,1,608,6.4,13.1,0.488,2.4,5.9,0.4,4.0,7.2,0.56,0.578,1.5,2.2,0.679,1.7,6.1,7.8,2.5,1.0,0.6,2.1,4.3,16.7,111.0,118,,beaucma01
2024,Marcus Smart,PG,MEM,336,29,20,20,605,8.2,19.1,0.43,3.4,10.8,0.313,4.8,8.3,0.583,0.519,3.5,4.5,0.768,0.5,3.8,4.3,6.9,3.3,0.4,5.0,4.3,23.4,100.0,113,,smartma01
2024,Mike Muscala,C,WAS,337,32,53,6,600,4.4,12.3,0.359,2.2,7.6,0.292,2.2,4.7,0.467,0.449,1.3,2.0,0.68,3.1,6.8,9.9,2.8,0.7,1.0,1.7,4.1,12.4,102.0,120,,muscami01
2024,Jericho Sims,C,NYK,338,25,45,11,585,3.3,4.7,0.691,0.0,0.0,,3.3,4.7,0.691,0.691,1.4,2.1,0.667,4.8,7.8,12.7,2.2,0.7,1.6,1.4,3.9,7.9,141.0,114,,simsje01
2024,Brice Sensabaugh,SF,UTA,339,20,32,11,584,7.0,18.0,0.39,2.8,9.5,0.296,4.2,8.5,0.495,0.468,3.1,3.4,0.902,1.3,7.1,8.4,4.5,1.1,0.5,3.9,3.6,19.9,99.0,122,,sensabr01
2024,Jarred Vanderbilt,PF,LAL,340,24,29,6,581,4.8,9.3,0.518,0.7,2.2,0.296,4.2,7.1,0.586,0.553,2.0,2.9,0.667,3.4,7.9,11.3,2.9,2.9,0.4,2.3,3.5,12.3,113.0,112,,vandeja01
2024,Shake Milton,SG,MIN,341,27,48,0,581,6.7,16.6,0.405,1.5,5.4,0.281,5.2,11.1,0.466,0.451,3.4,4.2,0.816,1.2,5.2,6.4,5.1,1.6,0.5,2.6,4.6,18.3,102.0,112,,miltosh01
2024,Evan Fournier,SG,NYK,342,31,32,0,580,6.6,18.4,0.357,2.7,10.8,0.254,3.8,7.6,0.505,0.432,2.4,3.0,0.806,0.4,4.4,4.8,4.0,2.4,0.6,1.7,4.0,18.3,98.0,118,,fournev01
2024,Zeke Nnaji,PF,DEN,343,23,58,0,576,5.9,12.8,0.463,0.5,2.0,0.261,5.4,10.8,0.5,0.483,3.6,5.3,0.677,5.2,5.6,10.8,2.8,1.3,3.3,2.3,7.0,16.0,113.0,112,,nnajize01
2024,Trey Jemison,C,WAS,344,24,25,14,573,6.4,11.6,0.551,0.0,0.0,,6.4,11.6,0.551,0.551,1.8,2.1,0.84,5.5,6.0,11.4,2.3,1.0,2.4,2.9,5.9,14.6,111.0,115,,jemistr01
2024,Andre Jackson Jr.,SG,MIL,345,22,57,8,572,4.2,8.4,0.5,1.4,3.9,0.37,2.8,4.5,0.611,0.585,0.7,0.9,0.727,3.6,5.9,9.5,4.2,1.3,0.5,2.4,7.7,10.5,119.0,117,,jacksan01
2024,Jared Butler,SG,WAS,346,23,40,0,566,8.1,16.6,0.488,2.0,6.4,0.308,6.1,10.2,0.602,0.547,2.6,3.0,0.861,0.7,4.0,4.8,10.4,2.4,0.7,4.1,4.8,20.7,111.0,119,,butleja02
2024,Kevin Knox,SF,DET,347,24,31,11,560,7.4,16.0,0.462,2.7,8.1,0.33,4.7,7.9,0.598,0.546,1.7,1.9,0.909,1.5,4.9,6.4,2.0,1.1,0.6,1.9,4.3,19.2,109.0,121,,knoxke01
2024,Lamar Stevens,PF,BOS,348,26,38,3,559,9.5,21.0,0.45,1.2,4.0,0.304,8.2,17.0,0.485,0.479,3.7,4.7,0.778,3.2,8.0,11.1,2.5,2.0,1.9,2.1,3.9,23.8,106.0,111,,stevela01
2024,Richaun Holmes,C,DAL,349,30,40,10,555,7.0,12.5,0.558,0.1,0.3,0.333,6.9,12.3,0.563,0.561,2.9,4.0,0.723,6.0,9.5,15.5,2.1,0.9,1.6,2.0,6.3,16.9,123.0,116,,holmeri01
2024,Tristan Thompson,C,CLE,350,32,49,0,549,6.6,10.8,0.608,0.0,0.1,0.0,6.6,10.7,0.613,0.608,1.3,4.7,0.288,6.6,9.1,15.7,4.6,1.1,1.3,2.6,5.3,14.5,118.0,112,,thomptr01
2024,Julian Strawther,SF,DEN,351,21,50,0,545,7.5,20.2,0.369,3.7,12.6,0.297,3.7,7.6,0.488,0.462,2.0,2.8,0.71,0.5,5.1,5.5,4.3,1.5,0.6,2.1,4.9,20.6,99.0,115,,strawju01
2024,Omer Yurtseven,C,UTA,352,25,48,12,545,8.8,16.3,0.538,0.4,2.1,0.208,8.3,14.2,0.588,0.552,1.7,2.5,0.679,6.4,12.0,18.4,2.6,0.7,1.6,3.3,4.6,19.7,112.0,118,,yurtsom01
2024,Vit Krejci,PG,ATL,353,23,22,14,541,4.5,9.2,0.49,2.5,6.0,0.412,2.0,3.2,0.639,0.625,0.4,0.5,0.833,1.0,3.6,4.6,4.4,1.2,0.5,1.8,4.3,12.0,122.0,122,,krejcvi01
2024,Bones Hyland,PG,LAC,354,23,37,5,540,8.9,22.9,0.386,4.0,12.3,0.326,4.8,10.6,0.457,0.474,1.6,2.1,0.783,0.5,4.6,5.0,8.5,2.4,0.4,4.0,4.7,23.4,100.0,116,,hylanbo01
2024,Jalen McDaniels,SF,TOR,355,26,50,1,538,5.8,17.0,0.344,1.1,6.4,0.169,4.8,10.6,0.449,0.376,2.4,3.3,0.73,1.6,5.5,7.1,3.3,1.7,0.5,2.7,4.7,15.2,86.0,120,,mcdanja01
2024,Scotty Pippen Jr.,PG,MEM,356,23,21,16,527,9.3,18.8,0.493,2.8,6.7,0.417,6.5,12.2,0.534,0.567,3.8,5.1,0.745,2.0,4.2,6.2,9.1,3.3,0.9,5.2,5.6,25.1,110.0,112,,pippesc02
2024,Sasha Vezenkov,PF,SAC,357,28,42,0,511,8.0,18.2,0.44,4.3,11.4,0.375,3.7,6.7,0.549,0.558,1.1,1.4,0.8,2.9,6.3,9.1,1.8,1.9,0.7,1.1,4.0,21.4,117.0,115,,vezenal01
2024,Danuel House Jr.,SF,PHI,358,30,34,4,509,4.5,10.2,0.448,1.5,4.8,0.3,3.1,5.3,0.582,0.519,3.4,4.4,0.761,1.5,4.1,5.6,2.7,1.5,0.5,1.8,4.4,13.9,114.0,117,,houseda01
2024,Mark Williams,C,CHO,359,22,19,19,508,9.5,14.7,0.649,0.0,0.0,,9.5,14.7,0.649,0.649,4.5,6.2,0.719,7.4,10.5,17.9,2.1,1.6,1.9,1.7,4.9,23.5,138.0,116,,willima07
2024,Jaden Springer,SG,PHI,360,21,49,2,507,5.7,14.4,0.399,1.0,4.7,0.208,4.8,9.7,0.49,0.432,3.4,4.1,0.833,3.2,4.4,7.6,4.3,3.5,1.5,3.3,6.4,15.8,101.0,110,,sprinja01
2024,Patrick Baldwin Jr.,SF,WAS,361,21,38,7,493,5.6,14.7,0.381,2.9,9.2,0.32,2.7,5.5,0.483,0.481,1.8,2.7,0.679,1.6,10.1,11.7,2.8,1.7,1.4,1.8,5.3,15.9,100.0,116,,baldwpa01
2024,Robert Covington,PF,LAC,362,33,29,6,488,4.3,9.9,0.439,1.9,5.6,0.339,2.4,4.2,0.571,0.536,2.2,2.6,0.846,3.1,6.7,9.8,2.4,3.9,1.8,1.1,5.6,12.8,125.0,108,,covinro01
2024,P.J. Tucker,PF,PHI,363,38,31,10,486,1.8,5.1,0.36,1.3,3.6,0.371,0.5,1.5,0.333,0.49,0.3,0.3,1.0,2.8,5.8,8.6,1.6,1.6,0.7,0.8,5.5,5.3,120.0,116,,tuckepj01
2024,Tari Eason,PF,HOU,364,22,22,0,480,8.9,19.1,0.466,1.8,5.1,0.36,7.1,14.0,0.504,0.513,2.1,3.3,0.636,4.6,10.8,15.5,2.7,3.1,1.9,2.0,5.2,21.7,111.0,106,,easonta01
2024,Monte Morris,PG,DET,365,28,33,0,476,6.4,15.8,0.405,2.8,7.2,0.386,3.6,8.6,0.422,0.493,1.3,2.0,0.684,0.7,5.2,5.9,7.1,2.0,0.9,0.7,1.4,17.0,118.0,111,,morrimo01
2024,Bol Bol,PF,PHO,366,24,43,0,469,9.7,15.7,0.616,2.3,5.4,0.423,7.4,10.3,0.717,0.689,1.6,2.0,0.789,3.3,10.9,14.3,1.8,1.0,2.6,2.0,4.4,23.2,130.0,112,,bolbo01
2024,Isaiah Livers,PF,DET,367,25,23,6,469,4.1,11.9,0.345,2.3,7.9,0.286,1.8,4.0,0.462,0.44,1.2,1.8,0.667,1.5,3.4,4.9,2.6,1.3,0.5,1.6,4.4,11.7,96.0,121,,liveris01
2024,Anthony Gill,PF,WAS,368,31,50,3,466,7.5,16.1,0.469,1.0,4.1,0.244,6.5,11.9,0.546,0.5,2.9,3.6,0.806,3.7,5.7,9.4,3.4,1.3,1.1,2.3,4.8,19.0,109.0,120,,gillan01
2024,Yuta Watanabe,SF,PHO,369,29,34,0,464,4.3,12.2,0.353,2.6,8.9,0.294,1.7,3.3,0.516,0.461,1.1,1.8,0.588,1.2,4.5,5.7,1.6,1.3,0.7,2.0,4.1,12.3,92.0,117,,watanyu01
2024,Nassir Little,SF,PHO,370,23,45,2,458,6.1,13.2,0.46,2.2,7.5,0.3,3.8,5.8,0.667,0.544,1.8,2.1,0.85,1.5,6.5,8.0,2.2,1.1,1.1,1.5,4.2,16.2,114.0,116,,littlna01
2024,Sandro Mamukelashvili,C,SAS,371,24,46,5,451,7.7,16.3,0.471,2.0,6.7,0.297,5.7,9.6,0.593,0.532,2.6,3.6,0.735,4.7,10.7,15.5,5.2,0.7,1.3,2.0,3.7,20.0,119.0,116,,mamuksa01
2024,Alex Len,C,SAC,372,30,48,0,444,5.5,8.9,0.617,0.0,0.3,0.0,5.5,8.5,0.641,0.617,2.2,3.7,0.588,5.0,9.0,14.0,5.5,1.2,3.6,3.0,7.2,13.1,123.0,111,,lenal01
2024,Thomas Bryant,C,MIA,373,26,38,4,441,9.7,16.9,0.577,0.5,2.5,0.182,9.3,14.4,0.646,0.591,4.6,5.3,0.872,4.5,11.4,16.0,2.6,1.1,1.8,2.4,5.2,24.5,125.0,109,,bryanth01
2024,Thaddeus Young,PF,TOR,374,35,33,6,439,7.2,11.9,0.602,0.1,0.8,0.143,7.1,11.1,0.634,0.606,0.7,1.7,0.4,5.1,6.3,11.4,6.3,2.5,0.6,1.7,5.4,15.1,130.0,116,,youngth01
2024,Skylar Mays,PG,POR,375,26,38,5,433,7.1,18.0,0.396,1.8,6.1,0.296,5.3,11.9,0.448,0.447,1.5,1.9,0.765,1.1,3.7,4.9,9.6,2.4,0.5,2.3,2.9,17.6,107.0,118,,mayssk01
2024,Chuma Okeke,SF,ORL,376,25,47,8,432,4.6,12.8,0.357,2.6,9.4,0.28,1.9,3.4,0.567,0.46,0.5,0.8,0.571,2.1,7.1,9.2,2.3,1.0,0.8,1.8,2.2,12.3,97.0,113,,okekech01
2024,Dominick Barlow,PF,SAS,377,20,33,1,420,6.3,12.8,0.496,0.3,1.0,0.333,6.0,11.8,0.51,0.509,3.3,4.7,0.69,5.1,7.7,12.8,4.1,1.4,1.6,1.0,5.3,16.3,125.0,116,,barlodo01
2024,Reggie Bullock,SF,HOU,378,32,44,0,417,4.0,9.5,0.415,3.1,7.8,0.403,0.8,1.7,0.467,0.579,0.1,0.1,1.0,0.7,7.8,8.5,1.7,1.4,0.6,1.2,3.4,11.2,112.0,114,,bullore01
2024,Patty Mills,PG,ATL,379,35,32,5,415,5.4,15.4,0.351,2.8,10.3,0.276,2.6,5.2,0.5,0.443,1.3,1.3,1.0,1.1,3.1,4.1,4.0,2.4,0.1,1.9,3.8,15.0,98.0,117,,millspa02
2024,Trent Forrest,SG,ATL,380,25,38,0,414,3.9,10.4,0.378,0.2,1.2,0.2,3.7,9.3,0.4,0.389,1.5,2.0,0.765,1.3,4.6,5.9,10.7,1.3,0.3,2.3,2.9,9.6,109.0,122,,forretr01
2024,Svi Mykhailiuk,SF,BOS,381,26,41,2,413,6.8,16.4,0.416,5.0,12.9,0.389,1.8,3.5,0.517,0.569,0.7,1.1,0.667,1.3,4.8,6.1,4.2,1.3,0.1,1.4,2.3,19.4,119.0,115,,mykhasv01
2024,Wesley Matthews,SG,ATL,382,37,36,3,413,3.9,11.3,0.351,2.8,8.0,0.348,1.2,3.3,0.357,0.474,2.1,2.8,0.75,1.0,5.1,6.2,2.7,1.9,1.3,0.9,5.0,12.8,112.0,119,,matthwe02
2024,Aleksej Pokusevski,PF,OKC,383,22,28,0,405,5.9,14.7,0.405,2.2,6.7,0.327,3.8,8.0,0.47,0.479,3.6,5.0,0.732,2.1,8.7,10.8,4.2,1.8,1.6,2.3,2.7,17.7,107.0,116,,pokusal01
2024,Luka Šamanić,PF,UTA,384,24,43,7,404,7.2,18.9,0.38,1.6,7.6,0.203,5.6,11.2,0.5,0.421,5.3,6.7,0.786,2.6,9.6,12.2,2.3,0.6,0.8,3.3,3.8,21.1,97.0,121,,samanlu01
2024,Javon Freeman-Liberty,PG,TOR,385,24,22,6,403,6.6,14.9,0.444,1.2,5.0,0.238,5.4,9.8,0.549,0.484,4.0,4.3,0.917,1.9,6.5,8.4,4.8,1.2,0.5,3.0,3.4,18.3,107.0,120,,freemja01
2024,Derrick Rose,PG,MEM,386,35,24,7,399,9.3,20.2,0.461,1.8,5.0,0.366,7.5,15.2,0.492,0.506,2.9,3.3,0.889,0.9,4.7,5.5,9.6,1.0,0.2,3.8,2.6,23.4,108.0,119,,rosede01
2024,DeAndre Jordan,C,DEN,387,35,36,2,396,7.3,11.6,0.624,0.0,0.0,,7.3,11.6,0.624,0.624,3.3,6.6,0.491,6.8,12.9,19.7,3.3,0.8,2.0,2.9,7.0,17.8,121.0,110,,jordade01
2024,Kobe Brown,PF,LAC,388,24,44,0,394,4.6,11.3,0.411,1.8,6.0,0.292,2.9,5.3,0.548,0.489,0.1,0.3,0.5,2.5,5.3,7.8,3.1,1.5,0.8,1.1,6.1,11.2,111.0,117,,brownko01
2024,Lester Quiñones,SG,GSW,389,23,37,0,394,6.9,17.3,0.397,3.9,10.8,0.364,2.9,6.5,0.453,0.511,2.5,3.6,0.69,2.6,6.3,8.8,4.4,0.7,0.2,2.1,5.4,20.1,113.0,118,,quinole01
2024,Eugene Omoruyi,SF,WAS,390,26,43,0,393,9.6,19.9,0.485,1.5,5.5,0.283,8.1,14.4,0.562,0.524,3.8,5.8,0.653,4.2,5.9,10.1,4.2,3.2,0.6,2.5,7.4,24.6,111.0,116,,omorueu01
2024,Matt Ryan,SF,NOP,391,26,28,1,390,6.2,14.2,0.434,5.2,11.4,0.451,1.0,2.8,0.364,0.615,1.6,1.8,0.929,0.8,4.3,5.0,2.3,0.8,0.1,2.4,4.0,19.1,113.0,118,,ryanma01
2024,Justin Minaya,SF,POR,392,24,34,1,381,2.9,9.6,0.297,1.6,6.4,0.245,1.3,3.2,0.4,0.378,0.6,1.2,0.556,3.9,3.4,7.3,2.7,1.2,1.3,1.2,4.5,7.9,100.0,120,,minayju01
2024,Johnny Juzang,SG,UTA,393,22,20,5,372,6.6,14.3,0.464,4.2,10.0,0.416,2.5,4.3,0.576,0.609,1.3,1.8,0.714,0.9,3.8,4.7,3.0,0.5,0.3,1.7,3.8,18.7,120.0,125,,juzanjo01
2024,Noah Clowney,PF,BRK,394,19,23,4,370,6.7,12.4,0.538,1.6,4.4,0.364,5.1,8.0,0.633,0.602,2.8,4.0,0.7,3.5,7.4,10.8,2.4,1.1,2.1,2.0,3.3,17.8,122.0,115,,clownno01
2024,Tosan Evbuomwan,SF,MEM,395,22,17,8,367,4.7,9.3,0.507,1.6,4.2,0.375,3.2,5.1,0.615,0.592,2.2,3.3,0.68,2.4,5.5,7.9,2.1,0.8,0.7,1.2,3.0,13.3,123.0,120,,evbuoto01
2024,Ousmane Dieng,PF,OKC,396,20,33,0,365,6.5,15.3,0.422,2.8,9.2,0.3,3.7,6.1,0.609,0.513,1.8,2.1,0.875,1.3,5.4,6.7,4.9,1.1,0.7,2.5,2.9,17.5,107.0,115,,diengou01
2024,Jontay Porter,PF,TOR,397,24,26,5,360,5.4,14.0,0.385,2.7,8.0,0.333,2.7,5.9,0.455,0.481,2.0,2.4,0.833,3.5,7.5,11.0,8.0,2.7,2.7,2.8,4.7,15.4,112.0,114,,portejo01
2024,Ben Simmons,PG,BRK,398,27,15,12,359,5.9,10.2,0.581,0.0,0.0,,5.9,10.2,0.581,0.581,0.8,2.1,0.4,4.3,12.1,16.4,11.9,1.7,1.2,3.7,5.0,12.7,121.0,112,,simmobe01
2024,Brandon Boston Jr.,SF,LAC,399,22,32,0,345,9.3,23.0,0.404,2.0,7.4,0.269,7.3,15.6,0.468,0.447,3.3,4.7,0.697,2.7,4.7,7.4,1.9,1.6,1.1,3.4,5.7,23.9,93.0,117,,bostobr01
2024,Jarace Walker,PF,IND,400,20,33,0,340,6.2,15.3,0.409,3.1,7.6,0.4,3.2,7.6,0.418,0.509,1.1,1.2,0.889,1.7,7.1,8.7,5.6,2.1,1.5,2.4,4.0,16.7,109.0,116,,walkeja02
2024,JaVale McGee,C,SAC,401,36,46,0,339,11.3,18.9,0.598,0.1,1.0,0.143,11.2,17.9,0.624,0.602,3.7,6.4,0.578,6.0,12.0,18.1,2.4,2.0,2.9,4.9,6.6,26.5,109.0,109,,mcgeeja01
2024,Olivier-Maxence Prosper,PF,DAL,402,21,40,1,336,5.7,14.8,0.385,1.9,6.4,0.289,3.9,8.4,0.458,0.447,4.0,5.9,0.683,3.6,7.7,11.3,3.1,1.0,0.6,1.1,2.9,17.3,113.0,116,,prospol01
2024,Jeremiah Robinson-Earl,PF,NOP,403,23,39,1,334,6.6,13.9,0.474,1.9,5.7,0.333,4.7,8.2,0.571,0.542,1.8,2.3,0.75,3.4,7.8,11.2,3.1,1.5,0.6,2.3,3.5,16.9,112.0,113,,robinje02
2024,Neemias Queta,C,BOS,404,24,28,0,333,9.9,15.4,0.644,0.0,0.0,,9.9,15.4,0.644,0.644,3.0,4.2,0.714,7.9,10.2,18.1,3.0,1.9,3.1,1.9,7.4,22.8,139.0,106,,quetane01
2024,Julian Phillips,SF,CHI,405,20,40,0,323,4.9,11.9,0.416,1.9,5.9,0.316,3.1,6.0,0.513,0.494,2.0,2.9,0.684,1.9,3.7,5.6,2.0,1.1,1.1,1.5,6.2,13.7,107.0,119,,phillju01
2024,Cody Zeller,C,NOP,406,31,43,0,320,4.0,9.5,0.419,0.2,0.5,0.333,3.8,9.0,0.424,0.427,3.5,5.8,0.605,7.4,9.8,17.2,6.0,1.4,0.8,2.5,6.9,11.6,119.0,112,,zelleco01
2024,Ja Morant,PG,MEM,407,24,9,9,318,12.3,26.1,0.471,2.2,7.8,0.275,10.1,18.3,0.555,0.512,8.0,9.8,0.813,0.9,6.8,7.7,11.2,1.1,0.8,4.2,2.9,34.7,116.0,116,,moranja01
2024,Ashton Hagans,PG,POR,408,24,19,1,316,4.5,11.1,0.408,1.3,3.9,0.32,3.3,7.2,0.457,0.465,2.2,2.7,0.824,2.2,4.8,7.0,8.4,1.7,1.4,4.7,6.3,12.5,99.0,117,,haganas01
2024,Devonte' Graham,PG,SAS,409,28,23,0,313,5.8,16.4,0.352,3.8,12.6,0.301,2.0,3.8,0.52,0.468,2.0,2.4,0.813,0.8,4.7,5.5,7.4,1.4,0.3,2.6,2.1,17.3,104.0,119,,grahade01
2024,A.J. Lawson,SG,DAL,410,23,42,0,311,8.3,18.7,0.446,2.0,7.7,0.26,6.3,11.0,0.577,0.5,2.3,3.5,0.652,2.2,5.6,7.7,3.1,1.5,0.5,2.2,3.4,21.0,105.0,117,,lawsoaj01
2024,Nathan Mensah,C,CHO,411,25,25,0,307,1.9,4.5,0.429,0.0,0.0,,1.9,4.5,0.429,0.429,1.4,1.9,0.75,4.7,5.8,10.4,1.4,1.0,2.3,2.3,10.3,5.3,104.0,119,,mensana01
2024,Stanley Umude,SG,DET,412,24,24,2,307,5.8,13.2,0.44,3.8,8.3,0.453,2.0,4.9,0.419,0.583,4.5,5.0,0.906,1.3,6.7,8.0,1.7,1.3,1.1,2.2,6.3,19.9,119.0,119,,umudest01
2024,Orlando Robinson,C,MIA,413,23,36,7,304,5.9,11.8,0.5,1.3,2.5,0.533,4.6,9.4,0.491,0.556,3.1,4.1,0.76,4.6,9.2,13.8,5.6,1.1,1.3,3.0,5.7,16.2,120.0,111,,robinor01
2024,Furkan Korkmaz,SG,PHI,414,26,35,0,300,4.9,12.5,0.395,2.3,6.6,0.35,2.6,5.9,0.444,0.487,2.3,3.3,0.7,0.7,4.3,4.9,4.1,2.3,0.5,1.6,2.8,14.4,108.0,115,,korkmfu01
2024,Cory Joseph,PG,GSW,415,32,26,0,296,3.8,10.5,0.359,2.1,6.9,0.31,1.6,3.6,0.455,0.461,0.7,1.1,0.571,1.0,3.9,4.9,6.9,0.7,0.5,2.0,4.1,10.3,108.0,119,,josepco01
2024,Ricky Council IV,SG,PHI,416,22,32,0,289,9.2,19.1,0.482,2.0,5.4,0.375,7.2,13.6,0.525,0.536,9.0,12.1,0.746,2.4,5.4,7.8,2.7,1.4,0.2,0.9,2.9,29.5,129.0,117,,councri01
2024,Garrett Temple,SG,TOR,417,37,27,2,289,4.8,13.0,0.372,2.0,6.7,0.3,2.8,6.3,0.447,0.449,3.0,3.7,0.818,3.0,4.5,7.5,4.7,2.0,0.5,2.3,4.7,14.7,107.0,120,,templga01
2024,Leaky Black,SF,CHO,418,24,26,3,284,4.3,9.0,0.481,1.6,3.5,0.45,2.8,5.6,0.5,0.567,1.7,2.6,0.667,1.6,6.8,8.3,4.2,1.4,1.9,1.0,3.3,12.0,124.0,119,,blackle01
2024,Lindy Waters III,SG,OKC,419,26,38,0,280,8.4,17.9,0.471,6.4,14.6,0.435,2.1,3.3,0.632,0.649,0.3,0.3,1.0,1.2,5.7,6.9,4.1,0.9,1.2,1.2,3.9,23.5,128.0,115,,waterli01
2024,Kessler Edwards,SF,SAC,420,23,54,0,275,6.0,14.5,0.415,3.5,9.2,0.385,2.5,5.3,0.467,0.537,0.9,1.6,0.556,1.6,5.8,7.4,2.6,1.8,0.7,0.7,4.6,16.4,115.0,115,,edwarke02
2024,Damian Jones,C,CLE,421,28,39,0,270,7.9,13.2,0.597,0.5,2.6,0.214,7.3,10.6,0.69,0.618,3.3,3.8,0.857,3.7,7.7,11.3,2.7,1.3,2.4,2.4,4.9,19.6,125.0,111,,jonesda03
2024,Onuralp Bitim,SG,CHI,422,24,23,1,268,6.0,15.6,0.381,2.2,8.2,0.273,3.7,7.4,0.5,0.452,0.7,0.9,0.8,1.1,4.8,6.0,2.4,0.6,0.4,1.9,4.5,14.9,94.0,121,,bitimon01
2024,Kira Lewis Jr.,PG,NOP,423,22,28,0,265,6.2,16.9,0.37,0.7,6.1,0.121,5.5,10.8,0.508,0.391,3.1,3.7,0.85,1.7,3.1,4.8,6.8,1.7,0.4,2.6,2.4,16.3,100.0,119,,lewiski01
2024,Jamal Cain,PF,MIA,424,24,26,1,259,6.5,15.2,0.43,2.1,6.0,0.355,4.4,9.2,0.479,0.5,3.5,4.4,0.783,2.9,4.2,7.1,1.9,1.9,1.0,1.5,4.2,18.7,112.0,113,,cainja01
2024,Jared Rhoden,SG,DET,425,24,17,0,245,6.5,13.0,0.5,2.4,6.1,0.387,4.1,6.9,0.6,0.591,1.0,1.6,0.625,0.6,5.9,6.5,2.7,0.6,2.6,1.4,5.5,16.3,115.0,119,,rhodeja01
2024,Justin Champagnie,SF,WAS,426,22,15,1,235,6.4,15.5,0.41,2.6,9.0,0.289,3.8,6.6,0.576,0.494,2.4,3.0,0.8,3.8,6.8,10.5,3.8,2.0,1.8,2.0,2.8,17.7,110.0,117,,champju01
2024,Javonte Green,SF,CHI,427,30,9,5,230,9.8,16.3,0.6,2.2,5.9,0.37,7.6,10.4,0.729,0.667,2.2,2.8,0.769,4.3,10.2,14.5,1.1,2.2,1.7,1.5,4.1,23.8,132.0,112,,greenja02
2024,Ibou Badji,C,POR,428,21,22,1,226,3.1,4.8,0.636,0.0,0.0,,3.1,4.8,0.636,0.636,1.3,2.6,0.5,4.4,6.8,11.1,2.8,0.7,4.4,3.3,10.0,7.4,104.0,115,,badjiib01
2024,Collin Gillespie,PG,DEN,429,24,24,0,225,7.0,15.2,0.464,3.3,8.4,0.395,3.7,6.8,0.548,0.572,1.8,2.6,0.667,0.2,4.4,4.6,5.9,2.9,0.0,3.1,5.3,19.2,109.0,113,,gilleco01
2024,Gabe Vincent,PG,LAL,430,27,11,0,218,3.3,10.7,0.306,0.7,6.1,0.107,2.6,4.6,0.571,0.337,0.2,0.4,0.5,0.9,1.1,2.0,4.6,2.0,0.0,1.1,4.1,7.4,86.0,119,,vincega01
2024,Markieff Morris,PF,DAL,431,34,26,1,216,5.1,15.1,0.338,3.3,9.3,0.357,1.8,5.8,0.308,0.449,1.1,1.3,0.833,0.9,7.8,8.7,3.6,1.1,0.7,2.7,2.7,14.7,92.0,116,,morrima02
2024,Jaylen Nowell,SG,MEM,432,24,13,1,214,7.7,17.7,0.436,1.4,6.6,0.207,6.4,11.1,0.571,0.474,1.6,2.0,0.778,1.4,4.1,5.5,4.3,0.9,0.5,1.6,3.4,18.4,104.0,120,,nowelja01
2024,Théo Maledon,PG,CHO,433,22,17,1,213,4.6,16.2,0.286,1.2,6.9,0.167,3.5,9.3,0.375,0.321,3.2,3.5,0.933,0.9,4.6,5.6,6.5,1.6,0.0,4.2,4.9,13.7,81.0,121,,maledth01
2024,Charles Bassey,C,SAS,434,23,19,0,205,6.7,9.3,0.725,0.0,0.2,0.0,6.7,9.0,0.744,0.725,1.2,1.4,0.833,5.3,12.3,17.6,4.9,1.9,3.9,3.5,7.2,14.6,126.0,109,,bassech01
2024,Taj Gibson,PF,NYK,435,38,20,1,204,3.7,9.1,0.405,0.5,2.4,0.2,3.2,6.6,0.481,0.432,0.5,0.5,1.0,2.9,6.1,9.1,2.7,0.7,1.7,1.2,7.6,8.3,105.0,116,,gibsota01
2024,Moses Brown,C,POR,436,24,22,5,200,8.1,16.0,0.508,0.0,0.0,,8.1,16.0,0.508,0.508,2.2,7.7,0.29,9.1,12.1,21.2,1.7,1.2,1.7,2.7,6.7,18.5,103.0,114,,brownmo01
2024,Kenneth Lofton Jr.,PF,MEM,437,21,21,0,199,8.8,19.1,0.462,1.7,5.9,0.292,7.1,13.2,0.537,0.506,4.2,6.4,0.654,2.9,6.4,9.3,8.1,1.5,1.2,3.4,5.9,23.4,111.0,117,,loftoke01
2024,Kobe Bufkin,SG,ATL,438,20,17,0,196,8.3,22.5,0.37,2.2,9.8,0.225,6.1,12.7,0.481,0.418,1.0,2.0,0.5,1.5,6.6,8.1,6.6,1.7,1.2,2.4,4.9,19.8,95.0,118,,bufkiko01
2024,Colby Jones,SG,SAC,439,21,30,0,192,7.1,18.0,0.394,0.5,5.6,0.091,6.6,12.4,0.531,0.408,1.5,2.8,0.545,4.3,5.8,10.1,5.1,1.8,1.3,2.5,7.3,16.2,97.0,115,,jonesco02
2024,Gui Santos,PF,GSW,440,21,23,0,192,7.1,13.9,0.509,2.5,6.8,0.37,4.5,7.1,0.643,0.6,4.0,4.3,0.941,4.3,8.1,12.3,3.5,1.0,0.5,1.8,5.8,20.7,135.0,116,,santogu01
2024,Terry Taylor,PF,CHI,441,24,31,0,188,5.3,10.3,0.513,0.5,2.4,0.222,4.8,8.0,0.6,0.538,1.1,1.3,0.8,4.5,5.3,9.8,2.7,1.3,0.5,1.9,4.5,12.2,117.0,118,,taylote01
2024,Micah Potter,PF,UTA,442,25,16,0,186,4.9,10.4,0.475,2.3,5.4,0.429,2.6,4.9,0.526,0.588,1.6,2.1,0.75,2.6,8.6,11.2,1.6,1.0,1.6,1.3,3.6,13.7,123.0,120,,pottemi01
2024,Saben Lee,PG,PHO,443,24,24,0,185,5.3,14.5,0.364,0.5,4.2,0.125,4.8,10.3,0.462,0.382,7.7,10.3,0.744,2.4,5.8,8.2,7.9,1.8,0.8,2.1,3.4,18.7,115.0,115,,leesa01
2024,Otto Porter Jr.,SF,TOR,444,30,15,1,174,3.9,9.2,0.424,2.2,6.4,0.348,1.7,2.8,0.6,0.545,0.8,0.8,1.0,1.7,6.4,8.0,2.2,1.4,1.4,0.6,5.3,10.8,123.0,119,,porteot01
2024,AJ Griffin,SF,ATL,445,20,20,0,171,5.0,17.4,0.29,2.8,10.9,0.256,2.2,6.5,0.348,0.371,0.6,0.6,1.0,0.6,4.5,5.0,1.4,0.3,0.6,2.2,1.7,13.5,77.0,124,,griffaj01
2024,Joe Harris,SG,DET,446,32,16,0,170,4.0,11.0,0.359,2.8,8.5,0.333,1.1,2.5,0.444,0.487,0.3,0.6,0.5,0.8,2.8,3.7,2.8,0.8,0.6,1.1,5.4,11.0,102.0,122,,harrijo01
2024,Trevelin Queen,SG,ORL,447,26,14,0,165,4.2,11.4,0.368,0.9,5.1,0.176,3.3,6.3,0.524,0.408,2.7,3.6,0.75,0.9,5.1,6.0,5.4,2.1,1.5,2.1,4.5,12.0,101.0,111,,queentr01
2024,Zavier Simpson,PG,MEM,448,26,7,0,161,5.2,16.4,0.315,1.5,5.2,0.294,3.6,11.2,0.324,0.361,0.9,1.2,0.75,1.2,4.9,6.1,7.6,2.1,0.9,3.0,3.3,12.8,86.0,115,,simpsza01
2024,Thanasis Antetokounmpo,PF,MIL,449,31,34,0,155,5.0,9.3,0.533,0.0,0.3,0.0,5.0,9.0,0.552,0.533,0.0,0.6,0.0,2.2,1.9,4.0,5.3,2.2,1.2,4.3,7.4,9.9,92.0,117,,antetth01
2024,Tristan Vukcevic,C,WAS,450,20,10,4,153,8.9,20.5,0.433,3.1,11.0,0.278,5.8,9.5,0.613,0.507,5.2,6.7,0.773,1.8,9.2,11.0,4.0,1.5,2.1,3.1,8.6,26.0,106.0,116,,vukcetr01
2024,Darius Bazley,PF,PHI,451,23,9,0,152,5.7,9.5,0.6,0.6,2.5,0.25,5.1,7.0,0.727,0.633,3.2,3.8,0.833,2.5,6.4,8.9,2.2,1.9,2.2,2.5,1.0,15.3,121.0,118,,bazleda01
2024,DeJon Jarreau,SG,MEM,452,26,9,0,150,5.5,16.3,0.34,1.3,4.2,0.308,4.2,12.1,0.351,0.38,1.6,3.6,0.455,2.6,11.7,14.3,8.5,2.0,0.7,2.9,4.6,14.0,93.0,111,,jarrede01
2024,Jules Bernard,SG,WAS,453,24,19,0,149,9.1,20.1,0.453,3.5,9.1,0.379,5.6,11.0,0.514,0.539,1.6,2.8,0.556,3.1,5.0,8.2,5.0,0.9,0.3,2.5,4.4,23.2,109.0,122,,bernaju01
2024,Jeff Dowtin Jr.,PG,PHI,454,26,12,0,142,6.9,12.5,0.556,3.1,6.6,0.474,3.8,5.9,0.647,0.681,1.0,1.4,0.75,1.0,5.9,6.9,9.4,2.4,0.3,1.7,0.3,18.0,141.0,114,,dowtije01
2024,Sidy Cissoko,SF,SAS,455,19,12,0,141,5.4,11.1,0.485,0.3,4.0,0.083,5.1,7.1,0.714,0.5,4.0,5.1,0.8,2.7,4.7,7.4,3.4,2.4,1.0,1.0,6.1,15.2,124.0,116,,cissosi01
2024,Brandon Clarke,PF,MEM,456,27,6,1,134,12.0,21.5,0.559,0.4,2.2,0.167,11.7,19.3,0.604,0.568,0.4,2.6,0.143,4.7,6.9,11.7,3.3,1.8,2.2,1.1,2.9,24.8,114.0,113,,clarkbr01
2024,Emoni Bates,SF,CLE,457,20,15,0,133,5.6,18.2,0.306,3.7,12.3,0.303,1.9,5.9,0.313,0.408,0.4,1.5,0.25,0.4,4.8,5.2,3.7,0.4,0.7,3.0,1.9,15.2,80.0,117,,batesem01
2024,Dru Smith,SG,MIA,458,26,9,0,131,5.7,12.6,0.455,2.7,6.5,0.412,3.0,6.1,0.5,0.561,0.8,0.8,1.0,2.3,3.0,5.3,5.3,3.4,1.1,1.9,4.6,14.9,118.0,110,,smithdr01
2024,Jeenathan Williams,SG,HOU,459,24,22,0,129,10.2,18.8,0.54,0.8,1.9,0.4,9.4,16.9,0.556,0.56,2.6,4.9,0.538,4.5,4.1,8.6,2.6,1.5,0.4,1.5,3.8,23.7,118.0,116,,willije02
2024,T.J. Warren,SF,MIN,460,30,11,0,125,7.1,16.2,0.439,0.8,5.1,0.154,6.3,11.1,0.571,0.463,1.2,1.6,0.75,2.0,6.7,8.7,3.6,1.6,0.4,1.6,4.3,16.2,102.0,110,,warretj01
2024,Timmy Allen,SF,MEM,461,24,5,0,125,2.3,9.0,0.261,0.0,2.7,0.0,2.3,6.3,0.375,0.261,0.4,0.8,0.5,1.6,5.1,6.6,2.0,1.6,0.0,0.8,7.0,5.1,73.0,117,,allenti01
2024,Jalen Pickett,SG,DEN,462,24,27,0,122,6.1,14.2,0.429,3.7,10.2,0.36,2.4,4.1,0.6,0.557,1.2,1.6,0.75,0.4,5.3,5.7,8.5,1.6,0.0,3.7,5.3,17.1,109.0,115,,pickeja02
2024,Luka Garza,C,MIN,463,25,25,0,122,14.6,30.4,0.48,3.6,13.0,0.281,10.9,17.4,0.628,0.54,7.3,10.1,0.72,7.7,4.9,12.6,1.6,1.6,0.4,2.4,9.7,40.1,117.0,111,,garzalu01
2024,Mãozinha Pereira,SF,MEM,464,23,7,1,122,7.2,14.0,0.514,2.0,5.2,0.385,5.2,8.8,0.591,0.586,2.8,4.0,0.7,4.4,10.4,14.8,0.8,2.4,1.6,2.0,4.0,19.2,117.0,110,,pereima01
2024,Jahmi'us Ramsey,SG,TOR,465,22,7,1,121,7.2,16.4,0.439,2.4,8.8,0.273,4.8,7.6,0.632,0.512,2.0,2.4,0.833,1.6,7.2,8.8,3.2,2.8,0.0,2.8,4.0,18.8,102.0,117,,ramseja01
2024,Marques Bolden,C,MIL,466,25,11,2,121,6.9,10.2,0.68,0.0,0.4,0.0,6.9,9.8,0.708,0.68,1.2,1.6,0.75,4.1,9.8,13.9,1.6,1.2,2.9,1.2,4.1,15.1,136.0,116,,boldema01
2024,Mouhamadou Gueye,PF,TOR,467,25,11,0,120,4.4,15.3,0.289,0.0,1.2,0.0,4.4,14.1,0.314,0.289,1.6,3.6,0.444,4.8,4.4,9.3,2.0,1.2,7.2,4.8,6.0,10.5,67.0,113,,gueyemo01
2024,Xavier Moon,SG,LAC,468,29,14,1,119,6.2,19.1,0.326,0.8,7.1,0.118,5.4,12.0,0.448,0.348,0.4,0.8,0.5,3.3,4.1,7.5,8.7,1.2,1.2,2.1,3.3,13.7,95.0,118,,moonxa01
2024,Robert Williams,C,POR,469,26,6,0,119,7.1,10.8,0.654,0.0,0.0,,7.1,10.8,0.654,0.654,2.9,3.7,0.778,4.6,11.2,15.8,2.1,2.9,2.9,2.9,7.1,17.0,122.0,109,,williro04
2024,Brandon Williams,PG,DAL,470,24,17,0,113,8.5,22.9,0.37,1.3,6.4,0.2,7.2,16.6,0.436,0.398,4.7,7.2,0.647,1.7,3.8,5.5,7.2,0.4,0.4,3.0,1.7,22.9,97.0,120,,willibr03
2024,Udoka Azubuike,C,PHO,471,24,16,0,113,6.9,9.9,0.696,0.0,0.0,,6.9,9.9,0.696,0.696,1.3,5.6,0.231,4.8,9.1,13.8,1.3,0.4,2.6,1.7,7.3,15.1,118.0,114,,azubuud01
2024,Matthew Hurt,PF,MEM,472,23,8,0,113,5.2,14.7,0.353,2.2,8.7,0.25,3.0,6.1,0.5,0.426,1.3,1.3,1.0,3.9,3.0,6.9,1.7,1.3,1.3,0.9,3.5,13.8,104.0,117,,hurtma01
2024,Jalen Hood-Schifino,SG,LAL,473,20,21,0,109,4.4,19.6,0.222,0.9,6.5,0.133,3.5,13.1,0.267,0.244,5.2,8.7,0.6,0.9,4.8,5.7,3.5,1.3,0.9,3.9,5.7,14.8,66.0,117,,hoodsja01
2024,Dylan Windler,SF,NYK,474,27,17,0,108,6.7,13.3,0.5,5.8,12.0,0.481,0.9,1.3,0.667,0.717,0.0,0.0,,1.3,5.8,7.1,4.4,0.9,0.0,0.9,2.7,19.1,143.0,121,,windldy01
2024,Malik Williams,C,TOR,475,25,7,2,107,4.1,15.3,0.265,0.5,2.3,0.2,3.6,13.1,0.276,0.279,0.0,0.9,0.0,6.8,10.4,17.1,0.9,1.4,1.8,1.4,6.8,8.6,79.0,116,,willima11
2024,Armoni Brooks,PG,BRK,476,25,10,0,104,7.1,21.9,0.326,5.2,15.2,0.344,1.9,6.7,0.286,0.446,0.5,1.0,0.5,3.3,5.2,8.6,2.4,0.5,0.5,1.4,1.4,20.0,98.0,120,,brookar01
2024,Maxwell Lewis,SF,LAL,477,21,34,0,103,1.8,9.7,0.19,0.5,4.2,0.111,1.4,5.5,0.25,0.214,0.9,1.4,0.667,0.9,0.9,1.8,2.8,0.9,0.5,4.6,2.3,5.1,50.0,121,,lewisma05
2024,Harry Giles,C,BRK,478,25,23,0,100,11.3,24.6,0.46,1.5,6.9,0.214,9.8,17.7,0.556,0.49,3.4,6.4,0.538,5.9,8.8,14.7,2.9,1.0,1.5,2.9,7.4,27.5,103.0,115,,gilesha01
2024,Olivier Sarr,C,OKC,479,24,15,0,98,5.4,9.3,0.579,1.0,2.9,0.333,4.4,6.4,0.692,0.632,4.9,7.4,0.667,4.9,12.8,17.7,1.0,0.0,3.4,1.5,8.8,16.7,135.0,109,,sarrol01
2024,Jamaree Bouyea,PG,POR,480,24,9,0,95,5.1,14.3,0.357,0.5,4.6,0.111,4.6,9.7,0.474,0.375,0.0,0.0,,1.5,8.2,9.7,5.6,0.5,0.0,4.6,5.1,10.7,73.0,120,,bouyeja01
2024,Josh Minott,SF,MIN,481,21,32,0,91,9.2,19.6,0.472,2.2,5.4,0.4,7.1,14.1,0.5,0.528,6.5,7.6,0.857,2.2,7.1,9.2,4.3,2.7,2.7,1.1,5.4,27.2,127.0,105,,minotjo01
2024,Chris Livingston,SF,MIL,482,20,21,0,90,5.9,11.7,0.5,0.5,2.7,0.2,5.3,9.1,0.588,0.523,1.6,2.1,0.75,1.6,9.6,11.2,2.7,1.1,0.0,2.7,8.0,13.9,101.0,116,,livinch01
2024,Cole Swider,SF,MIA,483,24,18,0,87,8.6,21.8,0.395,5.7,17.2,0.333,2.9,4.6,0.625,0.526,1.1,1.1,1.0,0.6,3.4,4.0,2.9,0.6,0.6,4.6,2.3,24.1,91.0,117,,swideco01
2024,Admiral Schofield,PF,ORL,484,26,23,0,84,5.9,15.3,0.385,3.5,9.4,0.375,2.4,5.9,0.4,0.5,0.0,1.2,0.0,1.8,8.3,10.0,4.1,0.6,0.0,2.9,5.3,15.3,95.0,114,,schofad01
2024,Terquavion Smith,PG,PHI,485,21,16,0,84,10.5,26.9,0.391,7.6,20.5,0.371,2.9,6.4,0.455,0.533,1.8,2.9,0.6,0.0,2.3,2.3,7.0,4.7,0.0,4.1,4.7,30.5,103.0,111,,smithte01
2024,Buddy Boeheim,SF,DET,486,24,10,0,84,5.2,16.6,0.31,4.6,14.3,0.32,0.6,2.3,0.25,0.448,4.6,5.7,0.8,1.7,4.0,5.7,1.7,0.0,0.6,0.0,2.9,19.5,116.0,124,,boehebu01
2024,Jordan Walsh,SF,BOS,487,19,9,1,83,3.6,8.9,0.4,1.2,5.4,0.222,2.4,3.6,0.667,0.467,0.6,1.2,0.5,3.0,8.9,11.9,3.0,3.0,0.6,1.8,6.5,8.9,106.0,108,,walshjo01
2024,Jerome Robinson,SG,GSW,488,26,22,0,81,6.6,19.7,0.333,1.2,10.2,0.118,5.4,9.6,0.563,0.364,4.2,6.6,0.636,0.6,3.0,3.6,3.0,0.6,1.8,1.2,3.0,18.5,92.0,118,,robinje01
2024,James Bouknight,SG,CHO,489,23,14,0,81,11.0,25.0,0.439,7.9,18.3,0.433,3.0,6.7,0.455,0.598,0.6,1.2,0.5,0.6,4.9,5.5,3.7,0.6,0.6,1.2,1.8,30.5,115.0,123,,bouknja01
2024,Wenyen Gabriel,PF,MEM,490,26,5,0,81,4.8,13.3,0.364,0.6,3.6,0.167,4.2,9.7,0.438,0.386,0.0,3.0,0.0,4.2,10.9,15.1,1.8,1.2,1.2,4.8,6.0,10.3,68.0,113,,gabriwe01
2024,Ryan Rollins,PG,WAS,491,21,13,0,78,8.4,16.3,0.519,1.8,2.4,0.75,6.6,13.8,0.478,0.574,7.8,10.2,0.765,1.2,6.6,7.8,8.4,6.0,1.8,4.8,4.8,26.5,116.0,108,,rolliry01
2024,R.J. Hampton,PG,MIA,492,22,8,2,76,2.6,9.2,0.286,0.7,5.3,0.125,2.0,3.9,0.5,0.321,0.7,1.3,0.5,1.3,2.6,3.9,5.3,0.0,0.0,2.0,5.3,6.6,84.0,119,,hamptrj01
2024,Wendell Moore Jr.,SG,MIN,493,22,25,0,75,5.9,11.9,0.5,0.0,4.0,0.0,5.9,7.9,0.75,0.5,0.0,0.0,,0.0,7.9,7.9,4.0,3.3,0.7,2.6,3.3,11.9,92.0,106,,moorewe01
2024,Nate Hinton,SG,HOU,494,24,15,0,75,7.1,16.8,0.423,4.5,9.1,0.5,2.6,7.8,0.333,0.558,2.6,3.2,0.8,4.5,9.7,14.2,6.5,1.9,1.3,1.9,7.1,21.3,128.0,110,,hintona01
2024,Mouhamed Gueye,PF,ATL,495,21,6,0,73,5.3,15.1,0.348,2.0,5.9,0.333,3.3,9.2,0.357,0.413,3.3,3.9,0.833,6.6,7.9,14.5,2.6,3.3,2.6,0.7,8.5,15.8,120.0,112,,gueyemo02
2024,Isaiah Mobley,PF,CLE,496,24,10,0,72,6.9,16.5,0.417,2.1,6.9,0.3,4.8,9.6,0.5,0.479,0.0,0.7,0.0,2.1,4.8,6.9,4.1,1.4,0.0,1.4,4.1,15.8,102.0,116,,mobleis01
2024,Boban Marjanović,C,HOU,497,35,14,0,71,12.3,23.2,0.529,0.0,1.4,0.0,12.3,21.9,0.563,0.529,6.1,9.6,0.643,4.8,17.1,21.9,4.1,0.7,1.4,3.4,3.4,30.7,112.0,109,,marjabo01
2024,Jason Preston,PG,UTA,498,24,7,0,71,4.1,12.9,0.316,0.0,2.0,0.0,4.1,10.9,0.375,0.316,0.0,0.0,,4.1,7.5,11.6,10.9,1.4,0.7,1.4,2.0,8.2,107.0,121,,prestja01
2024,Jett Howard,SF,ORL,499,20,18,0,67,7.4,22.2,0.333,5.2,18.5,0.28,2.2,3.7,0.6,0.45,1.5,3.0,0.5,0.7,4.4,5.2,4.4,1.5,1.5,2.2,3.0,21.4,96.0,113,,howarje01
2024,Kobi Simmons,PG,TOR,500,26,4,0,67,6.5,15.1,0.429,1.4,5.8,0.25,5.0,9.4,0.538,0.476,0.0,0.0,,0.7,4.3,5.0,8.6,4.3,1.4,0.7,3.6,14.4,116.0,113,,simmoko01
2024,Keyontae Johnson,SF,OKC,501,23,9,0,66,3.6,11.7,0.313,0.7,2.2,0.333,2.9,9.5,0.308,0.344,0.0,0.0,,2.9,4.4,7.3,2.9,0.7,0.0,2.9,3.6,8.0,78.0,118,,johnske08
2024,Adama Sanogo,PF,CHI,502,21,9,0,66,10.6,20.4,0.519,0.0,0.0,,10.6,20.4,0.519,0.519,6.0,9.1,0.667,14.4,12.8,27.2,0.0,0.8,0.0,3.8,3.8,27.2,118.0,116,,sanogad01
2024,Robin Lopez,C,MIL,503,35,16,2,65,5.2,14.0,0.368,1.5,5.9,0.25,3.7,8.1,0.455,0.421,1.5,1.5,1.0,2.2,1.5,3.7,3.0,0.7,2.2,1.5,5.2,13.3,100.0,119,,lopezro01
2024,Amari Bailey,PG,CHO,504,19,10,0,65,6.1,18.2,0.333,0.8,6.1,0.125,5.3,12.1,0.438,0.354,4.6,5.3,0.857,4.6,2.3,6.8,5.3,2.3,0.0,3.0,1.5,17.5,96.0,122,,baileam01
2024,Moussa Diabaté,C,LAC,505,22,11,0,64,7.7,14.7,0.526,0.0,0.0,,7.7,14.7,0.526,0.526,6.9,10.8,0.643,11.6,6.9,18.5,3.1,3.9,0.8,1.5,3.1,22.4,136.0,111,,diabamo01
2024,Jack White,SF,MEM,506,26,4,0,64,1.5,12.2,0.125,1.5,7.6,0.2,0.0,4.6,0.0,0.188,0.0,0.0,,3.1,6.1,9.2,0.8,3.1,0.8,1.5,2.3,4.6,54.0,112,,whiteja03
2024,Kendall Brown,SG,IND,507,20,15,0,63,6.0,11.2,0.533,0.0,1.5,0.0,6.0,9.7,0.615,0.533,3.7,6.0,0.625,2.2,1.5,3.7,3.7,0.0,0.0,1.5,6.7,15.7,119.0,126,,brownke03
2024,Ish Wainright,SF,POR,508,29,11,0,62,5.6,19.1,0.292,5.6,15.9,0.35,0.0,3.2,0.0,0.438,1.6,1.6,1.0,2.4,8.7,11.1,0.8,3.2,0.8,1.6,6.4,18.3,98.0,112,,wainris01
2024,Keon Johnson,SG,BRK,509,21,5,0,61,6.5,17.0,0.381,3.2,8.1,0.4,3.2,8.9,0.364,0.476,8.9,9.7,0.917,2.4,3.2,5.7,2.4,2.4,0.8,4.1,4.1,25.2,110.0,116,,johnske07
2024,Braxton Key,SF,DEN,510,26,20,0,60,5.8,14.0,0.412,1.7,4.1,0.4,4.1,9.9,0.417,0.471,5.0,6.6,0.75,2.5,12.4,14.9,7.4,1.7,0.8,0.8,4.1,18.2,128.0,110,,keybr01
2024,Jermaine Samuels,SF,HOU,511,25,14,0,60,7.3,11.3,0.643,0.0,1.6,0.0,7.3,9.7,0.75,0.643,1.6,1.6,1.0,2.4,8.1,10.5,2.4,0.8,1.6,0.0,4.0,16.2,149.0,114,,samueje01
2024,Colin Castleton,C,LAL,512,23,16,0,59,7.3,12.9,0.563,0.0,0.0,,7.3,12.9,0.563,0.563,4.8,4.8,1.0,4.8,4.8,9.7,2.4,1.6,0.0,2.4,8.9,19.3,126.0,118,,castlco01
2024,TyTy Washington Jr.,PG,MIL,513,22,11,0,56,5.1,17.2,0.3,1.7,5.1,0.333,3.4,12.0,0.286,0.35,0.0,0.0,,0.9,3.4,4.3,4.3,2.6,0.0,1.7,0.9,12.0,81.0,117,,washity02
2024,Dereon Seabron,SG,NOP,514,23,6,0,55,3.6,11.6,0.308,0.9,1.8,0.5,2.7,9.8,0.273,0.346,4.5,5.3,0.833,0.9,5.3,6.2,4.5,1.8,0.9,0.0,3.6,12.5,115.0,114,,seabrde01
2024,Juan Toscano-Anderson,SF,SAC,515,30,11,0,53,2.7,11.0,0.25,0.9,3.7,0.25,1.8,7.3,0.25,0.292,0.0,0.0,,3.7,9.2,12.8,3.7,0.9,0.9,1.8,10.1,6.4,84.0,115,,toscaju01
2024,Leonard Miller,SF,MIN,516,20,17,0,52,12.4,19.0,0.65,1.9,4.8,0.4,10.5,14.3,0.733,0.7,1.0,1.9,0.5,4.8,14.3,19.0,7.6,1.9,1.0,1.0,4.8,27.6,148.0,104,,millele01
2024,Seth Lundy,SF,ATL,517,23,9,0,52,3.7,15.7,0.235,2.8,12.0,0.231,0.9,3.7,0.25,0.324,2.8,3.7,0.75,0.9,5.5,6.5,0.0,0.0,0.0,0.9,5.5,12.9,82.0,124,,lundyse01
2024,David Duke Jr.,SG,SAS,518,24,4,0,51,9.3,16.8,0.556,2.8,5.6,0.5,6.5,11.2,0.583,0.639,2.8,2.8,1.0,1.9,7.4,9.3,4.7,1.9,0.0,2.8,3.7,24.2,122.0,117,,dukeda01
2024,Daishen Nix,PG,MIN,519,21,15,0,50,8.9,23.7,0.375,5.9,16.8,0.353,3.0,6.9,0.429,0.5,3.0,5.9,0.5,1.0,2.0,3.0,5.9,4.9,0.0,4.9,2.0,26.7,95.0,106,,nixda01
2024,Jay Huff,C,DEN,520,25,20,0,49,9.1,15.2,0.6,3.0,9.1,0.333,6.1,6.1,1.0,0.7,2.0,2.0,1.0,2.0,9.1,11.1,2.0,2.0,3.0,1.0,9.1,23.3,140.0,108,,huffja01
2024,Hunter Tyson,PF,DEN,521,23,18,0,48,8.3,20.7,0.4,4.1,14.5,0.286,4.1,6.2,0.667,0.5,0.0,0.0,,1.0,8.3,9.3,2.1,1.0,0.0,2.1,10.3,20.7,96.0,114,,tysonhu01
2024,James Johnson,PF,IND,522,36,9,0,47,3.0,10.0,0.3,0.0,2.0,0.0,3.0,8.0,0.375,0.3,2.0,2.0,1.0,1.0,3.0,4.0,8.0,5.0,1.0,5.0,9.0,8.0,79.0,112,,johnsja01
2024,DaQuan Jeffries,SG,NYK,523,26,17,0,46,6.6,18.6,0.353,2.2,11.0,0.2,4.4,7.7,0.571,0.412,0.0,2.2,0.0,0.0,5.5,5.5,5.5,0.0,1.1,3.3,2.2,15.3,82.0,118,,jeffrda01
2024,Ryan Arcidiacono,PG,NYK,524,29,20,0,45,0.0,6.7,0.0,0.0,6.7,0.0,0.0,0.0,,0.0,0.0,0.0,,0.0,9.0,9.0,4.5,2.2,0.0,2.2,5.6,0.0,33.0,112,,arcidry01
2024,Frank Ntilikina,PG,CHO,525,25,5,0,43,1.1,10.3,0.111,1.1,9.2,0.125,0.0,1.1,0.0,0.167,2.3,2.3,1.0,1.1,5.7,6.9,4.6,0.0,0.0,1.1,4.6,5.7,75.0,125,,ntilila01
2024,Oscar Tshiebwe,PF,IND,526,24,8,0,42,11.2,22.5,0.5,0.0,0.0,,11.2,22.5,0.5,0.5,6.7,9.0,0.75,9.0,9.0,18.0,2.2,2.2,1.1,0.0,3.4,29.2,132.0,115,,tshieos01
2024,D'Moi Hodge,SG,LAL,527,25,7,0,41,5.8,17.4,0.333,3.5,13.9,0.25,2.3,3.5,0.667,0.433,1.2,2.3,0.5,0.0,0.0,0.0,5.8,1.2,1.2,1.2,4.6,16.2,97.0,120,,hodgedm01
2024,Greg Brown III,PF,DAL,528,22,6,0,40,6.0,13.2,0.455,1.2,3.6,0.333,4.8,9.6,0.5,0.5,4.8,10.8,0.444,3.6,7.2,10.8,4.8,0.0,4.8,4.8,6.0,18.0,96.0,114,,browngr01
2024,Taze Moore,SG,POR,529,25,4,0,40,9.9,23.5,0.421,1.2,8.6,0.143,8.6,14.8,0.583,0.447,1.2,2.5,0.5,4.9,4.9,9.9,6.2,2.5,0.0,3.7,4.9,22.2,98.0,117,,mooreta02
2024,Alex Fudge,SF,LAL,530,20,6,0,40,7.2,17.9,0.4,1.2,6.0,0.2,6.0,12.0,0.5,0.433,2.4,2.4,1.0,4.8,1.2,6.0,0.0,3.6,0.0,2.4,2.4,17.9,95.0,115,,fudgeal01
2024,JD Davison,SG,BOS,531,21,8,0,39,6.3,15.2,0.417,3.8,8.9,0.429,2.5,6.3,0.4,0.542,3.8,5.1,0.75,2.5,10.1,12.7,12.7,1.3,1.3,2.5,5.1,20.3,134.0,110,,davisjd01
2024,RaiQuan Gray,PF,SAS,532,24,3,0,39,12.2,20.7,0.588,3.7,8.5,0.429,8.5,12.2,0.7,0.676,0.0,0.0,,2.4,6.1,8.5,7.3,1.2,1.2,1.2,0.0,28.0,136.0,117,,grayra01
2024,Jacob Toppin,SF,NYK,533,23,9,0,38,6.6,11.9,0.556,1.3,5.3,0.25,5.3,6.6,0.8,0.611,2.7,2.7,1.0,4.0,5.3,9.3,4.0,0.0,1.3,1.3,4.0,17.3,141.0,117,,toppija01
2024,Jalen Slawson,SF,SAC,534,24,12,0,37,5.3,7.9,0.667,0.0,2.6,0.0,5.3,5.3,1.0,0.667,0.0,0.0,,1.3,7.9,9.2,2.6,1.3,1.3,2.6,10.5,10.5,107.0,114,,slawsja01
2024,Charlie Brown Jr.,SG,NYK,535,26,8,0,37,2.7,13.6,0.2,2.7,9.5,0.286,0.0,4.1,0.0,0.3,0.0,0.0,,1.4,1.4,2.7,0.0,0.0,2.7,2.7,6.8,8.2,60.0,118,,brownch02
2024,D.J. Carton,SG,TOR,536,23,4,0,36,4.0,10.7,0.375,1.3,5.4,0.25,2.7,5.4,0.5,0.438,5.4,6.7,0.8,2.7,2.7,5.4,4.0,1.3,0.0,1.3,4.0,14.8,120.0,123,,cartodj01
2024,Dexter Dennis,SG,DAL,537,24,4,0,30,16.0,30.4,0.526,1.6,12.8,0.125,14.4,17.6,0.818,0.553,1.6,4.8,0.333,1.6,12.8,14.4,6.4,0.0,1.6,4.8,1.6,35.2,100.0,114,,dennide01
2024,Henri Drell,SF,CHI,538,23,4,0,30,6.6,16.6,0.4,3.3,10.0,0.333,3.3,6.6,0.5,0.5,1.7,3.3,0.5,1.7,5.0,6.6,6.6,3.3,1.7,3.3,10.0,18.3,102.0,112,,drellhe01
2024,Jordan Miller,SF,LAC,539,24,8,0,28,8.8,15.9,0.556,1.8,3.5,0.5,7.1,12.3,0.571,0.611,3.5,3.5,1.0,5.3,3.5,8.8,0.0,0.0,0.0,1.8,3.5,22.9,130.0,122,,millejo02
2024,Mason Jones,SG,SAC,540,25,5,0,28,3.5,13.9,0.25,3.5,12.1,0.286,0.0,1.7,0.0,0.375,1.7,3.5,0.5,1.7,6.9,8.7,8.7,1.7,0.0,3.5,5.2,12.1,93.0,116,,jonesma05
2024,Pete Nance,PF,CLE,541,23,8,0,27,1.8,11.0,0.167,1.8,1.8,1.0,0.0,9.1,0.0,0.25,0.0,3.7,0.0,0.0,5.5,5.5,0.0,1.8,0.0,1.8,3.7,5.5,40.0,114,,nancepe01
2024,Pat Spencer,PG,GSW,542,27,6,0,26,3.7,7.4,0.5,0.0,3.7,0.0,3.7,3.7,1.0,0.5,0.0,0.0,,3.7,3.7,7.4,9.3,0.0,0.0,1.9,1.9,7.4,129.0,122,,spencpa01
2024,Dariq Whitehead,SF,BRK,543,19,2,0,24,2.1,10.3,0.2,0.0,6.2,0.0,2.1,4.1,0.5,0.2,2.1,4.1,0.5,0.0,8.3,8.3,6.2,0.0,2.1,0.0,0.0,6.2,83.0,118,,whiteda01
2024,Mamadi Diakite,PF,SAS,544,27,6,0,24,8.1,12.1,0.667,0.0,2.0,0.0,8.1,10.1,0.8,0.667,8.1,12.1,0.667,2.0,6.1,8.1,4.0,2.0,2.0,2.0,4.0,24.2,133.0,114,,diakima01
2024,E.J. Liddell,PF,NOP,545,23,8,0,23,2.1,12.8,0.167,0.0,10.7,0.0,2.1,2.1,1.0,0.167,4.3,4.3,1.0,0.0,10.7,10.7,2.1,4.3,4.3,4.3,4.3,8.5,56.0,101,,liddeej01
2024,Drew Peterson,PF,BOS,546,24,3,0,23,8.6,12.9,0.667,6.4,10.7,0.6,2.1,2.1,1.0,0.917,0.0,0.0,,0.0,2.1,2.1,2.1,4.3,0.0,2.1,2.1,23.6,144.0,110,,peterdr01
2024,Jordan Ford,PG,SAC,547,25,6,0,22,8.8,15.5,0.571,4.4,6.6,0.667,4.4,8.8,0.5,0.714,4.4,4.4,1.0,0.0,4.4,4.4,4.4,0.0,0.0,2.2,0.0,26.5,138.0,121,,fordjo01
2024,Isaiah Thomas,PG,PHO,548,34,6,0,19,7.7,25.7,0.3,5.1,10.3,0.5,2.6,15.4,0.167,0.4,0.0,0.0,,0.0,0.0,0.0,7.7,0.0,0.0,0.0,0.0,20.6,101.0,124,,thomais02
2024,Usman Garuba,PF,GSW,549,21,6,0,18,2.7,16.1,0.167,0.0,2.7,0.0,2.7,13.4,0.2,0.167,2.7,5.4,0.5,8.1,10.8,18.8,2.7,2.7,8.1,5.4,5.4,8.1,65.0,101,,garubus01
2024,Danny Green,SG,PHI,550,36,2,0,18,0.0,5.5,0.0,0.0,2.7,0.0,0.0,2.7,0.0,0.0,0.0,0.0,,0.0,5.5,5.5,2.7,2.7,0.0,0.0,2.7,0.0,33.0,114,,greenda02
2024,Alondes Williams,SG,MIA,551,24,7,0,16,6.2,24.9,0.25,0.0,12.5,0.0,6.2,12.5,0.5,0.25,3.1,3.1,1.0,0.0,3.1,3.1,0.0,0.0,3.1,6.2,6.2,15.6,50.0,115,,willial06
2024,Ty Jerome,SG,CLE,552,26,2,0,15,6.6,13.2,0.5,0.0,3.3,0.0,6.6,9.9,0.667,0.5,0.0,0.0,,3.3,0.0,3.3,9.9,0.0,0.0,3.3,6.6,13.2,111.0,121,,jeromty01
2024,D.J. Wilson,PF,PHI,553,27,2,0,15,13.1,19.7,0.667,6.6,6.6,1.0,6.6,13.1,0.5,0.833,0.0,0.0,,3.3,3.3,6.6,6.6,0.0,6.6,0.0,3.3,32.8,173.0,114,,wilsodj01
2024,Adam Flagler,SG,OKC,554,24,2,0,14,3.4,24.0,0.143,3.4,20.6,0.167,0.0,3.4,0.0,0.214,0.0,0.0,,0.0,0.0,0.0,13.7,0.0,0.0,0.0,0.0,10.3,78.0,122,,flaglad01
2024,Andrew Funk,SG,CHI,555,24,5,0,13,0.0,15.3,0.0,0.0,11.5,0.0,0.0,3.8,0.0,0.0,0.0,0.0,,0.0,0.0,0.0,0.0,3.8,3.8,0.0,0.0,0.0,0.0,112,,funkan01
2024,Quenton Jackson,PG,IND,556,25,3,0,11,0.0,4.3,0.0,0.0,0.0,,0.0,4.3,0.0,0.0,8.6,8.6,1.0,0.0,17.2,17.2,8.6,4.3,0.0,0.0,4.3,8.6,152.0,107,,jacksqu01
2024,Joshua Primo,SG,LAC,557,21,2,0,10,4.9,14.8,0.333,0.0,4.9,0.0,4.9,9.9,0.5,0.333,0.0,0.0,,4.9,0.0,4.9,0.0,0.0,4.9,19.7,0.0,9.9,37.0,119,,primojo01
2024,Filip Petrušev,C,PHI,558,23,3,0,10,4.9,9.8,0.5,0.0,0.0,,4.9,9.8,0.5,0.5,4.9,9.8,0.5,0.0,4.9,4.9,0.0,0.0,0.0,0.0,4.9,14.6,108.0,120,,petrufi01
2024,Lindell Wigginton,PG,MIL,559,25,3,0,8,12.0,30.0,0.4,0.0,12.0,0.0,12.0,18.0,0.667,0.4,12.0,12.0,1.0,0.0,0.0,0.0,0.0,0.0,0.0,6.0,6.0,36.0,89.0,124,,wiggili01
2024,Kaiser Gates,SF,NOP,560,27,1,0,7,0.0,28.0,0.0,0.0,14.0,0.0,0.0,14.0,0.0,0.0,0.0,0.0,,0.0,7.0,7.0,0.0,0.0,0.0,0.0,0.0,0.0,0.0,118,,gateska01
2024,Shaquille Harrison,SG,MEM,561,30,3,0,6,8.1,16.3,0.5,0.0,0.0,,8.1,16.3,0.5,0.5,0.0,0.0,,0.0,16.3,16.3,0.0,0.0,8.1,0.0,0.0,16.3,100.0,104,,harrish01
2024,Kevon Harris,SG,ORL,562,26,2,0,6,16.5,24.8,0.667,0.0,0.0,,16.5,24.8,0.667,0.667,0.0,0.0,,0.0,16.5,16.5,8.3,0.0,0.0,8.3,24.8,33.0,101.0,110,,harrike01
2024,Hamidou Diallo,SG,WAS,563,25,2,0,5,9.4,18.7,0.5,0.0,0.0,,9.4,18.7,0.5,0.5,0.0,0.0,,18.7,0.0,18.7,9.4,18.7,0.0,9.4,9.4,18.7,106.0,86,,diallha01
2024,Ron Harper Jr.,PF,TOR,564,23,1,0,4,0.0,0.0,,0.0,0.0,,0.0,0.0,,,0.0,0.0,,0.0,0.0,0.0,12.1,0.0,0.0,0.0,24.1,0.0,227.0,127,,harpero02
2024,Markquis Nowell,SG,TOR,565,24,1,0,4,0.0,12.1,0.0,0.0,0.0,,0.0,12.1,0.0,0.0,24.1,24.1,1.0,24.1,0.0,24.1,24.1,12.1,0.0,0.0,0.0,24.1,169.0,100,,nowelma01
2024,Isaiah Wong,SG,IND,566,23,1,0,4,11.8,35.4,0.333,0.0,11.8,0.0,11.8,23.6,0.5,0.333,0.0,0.0,,0.0,0.0,0.0,0.0,0.0,0.0,0.0,0.0,23.6,70.0,127,,wongis01
2024,Izaiah Brockington,PG,NOP,567,24,1,0,3,32.7,81.7,0.4,0.0,16.3,0.0,32.7,65.4,0.5,0.4,0.0,0.0,,16.3,16.3,32.7,0.0,0.0,0.0,0.0,0.0,65.4,93.0,113,,brockiz01
2024,Malcolm Cazalon,SG,DET,568,22,1,0,3,0.0,0.0,,0.0,0.0,,0.0,0.0,,,0.0,0.0,,0.0,0.0,0.0,0.0,0.0,0.0,0.0,0.0,0.0,,127,,cazalma01
2024,Jalen Crutcher,PG,NOP,569,24,1,0,3,0.0,16.3,0.0,0.0,0.0,,0.0,16.3,0.0,0.0,0.0,0.0,,0.0,0.0,0.0,0.0,0.0,0.0,0.0,0.0,0.0,0.0,122,,crutcja01
2024,Dmytro Skapintsev,C,NYK,570,25,2,0,2,0.0,25.2,0.0,0.0,0.0,,0.0,25.2,0.0,0.0,0.0,0.0,,0.0,0.0,0.0,0.0,0.0,0.0,0.0,0.0,0.0,0.0,122,,skapidm01
2024,Justin Jackson,SF,MIN,571,28,2,0,1,0.0,0.0,,0.0,0.0,,0.0,0.0,,,0.0,0.0,,0.0,0.0,0.0,0.0,0.0,0.0,0.0,0.0,0.0,,119,,jacksju01
2024,Javonte Smart,PG,PHI,572,24,1,0,1,0.0,0.0,,0.0,0.0,,0.0,0.0,,,0.0,0.0,,0.0,0.0,0.0,0.0,0.0,0.0,0.0,0.0,0.0,,124,,smartja01
