player_name,primary_position,positions_all,last_team,last_season,seasons_count,Rk,Age,G,GS,MP,FG,FGA,FG%,3P,3PA,3P%,2P,2PA,2P%,eFG%,FT,FTA,FT%,ORB,DRB,TRB,AST,STL,PTS
A.J. Green,SG,SG,MIL,2024,2,362.7778,23.5556,46.6667,0.4444,494.4444,6.8556,16.1889,0.4234,5.7111,13.7778,0.4129,1.1444,2.4111,0.4883,0.5994,0.9889,1.1,0.9417,0.7444,4.7889,5.5333,2.6111,0.7444,20.4111
A.J. Lawson,SG,SG,DAL,2024,2,434.8889,22.5556,30.0,0.0,220.7778,9.1,19.3667,0.47,3.1556,9.3889,0.3222,5.9444,9.9778,0.6014,0.5507,1.6778,3.5889,0.4733,2.4667,6.1778,8.5889,2.1222,1.2333,23.1333
AJ Griffin,SF,SF,ATL,2024,2,336.1111,19.5556,43.1111,5.3333,717.6667,6.5111,17.7111,0.3678,3.0667,9.9667,0.3156,3.4444,7.7444,0.4316,0.455,0.9556,1.0444,0.9529,0.9111,4.2333,5.0889,1.8889,0.7889,17.1444
Aaron Gordon,PF,PF,DEN,2024,5,75.0,26.6667,68.2667,68.2667,2107.8667,9.02,17.0267,0.5306,1.4333,4.38,0.3214,7.5867,12.6533,0.5988,0.5719,3.86,5.94,0.6618,3.36,6.7867,10.16,5.0533,1.1667,23.34
Aaron Holiday,PG,PG,HOU,2024,5,241.4,25.6667,68.6,8.2,1117.1333,6.5667,15.3067,0.4291,2.5133,6.4933,0.3892,4.0733,8.8133,0.4611,0.5115,2.2,2.5533,0.8716,1.04,3.62,4.66,5.7,1.8467,17.88
Aaron Nesmith,SF,SF,IND,2024,4,202.8571,22.8571,64.2857,34.7143,1449.9286,6.6714,15.0,0.4466,3.0286,8.4357,0.3649,3.6429,6.5643,0.5579,0.5482,2.3929,2.9786,0.8038,1.5571,5.7857,7.3571,2.3214,1.4571,18.8214
Aaron Wiggins,SG,SG,OKC,2024,3,221.8333,24.1667,68.3333,15.0833,1246.25,7.3,14.0,0.5206,2.025,4.9417,0.412,5.3083,9.0167,0.5834,0.593,2.275,2.8833,0.788,2.3167,5.05,7.4083,3.0583,1.6833,18.8667
Adam Flagler,SG,SG,OKC,2024,1,554.0,24.0,2.0,0.0,14.0,3.4,24.0,0.143,3.4,20.6,0.167,0.0,3.4,0.0,0.214,0.0,0.0,0.0,0.0,0.0,0.0,13.7,0.0,10.3
Adama Sanogo,PF,PF,CHI,2024,1,502.0,21.0,9.0,0.0,66.0,10.6,20.4,0.519,0.0,0.0,0.0,10.6,20.4,0.519,0.519,6.0,9.1,0.667,14.4,12.8,27.2,0.0,0.8,27.2
Admiral Schofield,PF,PF/SF,ORL,2024,4,418.6154,24.9231,31.5385,0.3846,307.6154,5.7154,13.8846,0.4128,2.9538,8.5077,0.3438,2.7615,5.3385,0.5215,0.5182,1.0846,1.7231,0.5168,1.9462,6.5846,8.4615,3.3385,0.6769,15.4462
Al Horford,C,C,BOS,2024,5,145.3333,35.6667,60.4667,49.4,1732.8,6.7133,14.0667,0.4807,3.0733,7.62,0.3982,3.6467,6.4333,0.5819,0.5948,0.9867,1.2133,0.8077,2.22,9.22,11.4067,5.2133,1.1,17.4733
Alec Burks,SG,SF/SG,DET,2024,5,182.6667,30.6667,62.7333,13.2,1451.0667,8.04,20.1067,0.4013,4.2533,10.7133,0.3975,3.8467,9.3933,0.4039,0.5067,5.5933,6.64,0.8441,0.94,6.34,7.2467,4.4333,1.4267,25.9533
Aleksej Pokusevski,PF,PF,OKC,2024,4,312.0714,20.8571,39.2143,13.7143,764.8571,6.6286,16.4786,0.4048,2.3786,7.35,0.323,4.2929,9.1,0.4701,0.4764,2.2143,3.1571,0.6966,2.4143,8.5143,10.9571,4.4429,1.4929,17.8714
Alex Caruso,SG,PG/SG,CHI,2024,5,168.6667,27.6667,61.7333,33.1333,1569.8667,5.0267,11.34,0.4425,2.3133,6.0933,0.3753,2.7267,5.2733,0.5214,0.5428,2.0333,2.6533,0.7627,1.3333,5.0267,6.36,6.1867,2.9,14.42
Alex Fudge,SF,SF,LAL,2024,1,530.0,20.0,6.0,0.0,40.0,7.2,17.9,0.4,1.2,6.0,0.2,6.0,12.0,0.5,0.433,2.4,2.4,1.0,4.8,1.2,6.0,0.0,3.6,17.9
Alex Len,C,C,SAC,2024,5,364.8667,28.6667,42.9333,8.9333,510.1333,6.2267,10.86,0.5736,0.2067,0.9333,0.1179,6.02,9.8867,0.6067,0.5805,2.94,4.5667,0.6367,5.1733,9.4133,14.5933,3.96,1.1133,15.5
Alondes Williams,SG,SG,MIA,2024,2,543.8889,23.5556,4.3333,0.0,11.1111,3.4444,13.8333,0.1389,0.0,6.9444,0.0,3.4444,6.9444,0.2778,0.1389,1.7222,1.7222,0.5556,0.0,6.0778,6.0778,0.0,0.0,8.6667
Alperen Şengün,C,C,HOU,2024,3,107.6667,20.1667,69.25,53.5,1948.4167,10.5083,19.8417,0.5266,0.6917,2.4417,0.2968,9.7583,17.3667,0.561,0.5442,5.275,7.4417,0.7048,4.6917,9.2833,14.0167,6.725,1.7583,26.9583
Amari Bailey,PG,PG,CHO,2024,1,504.0,19.0,10.0,0.0,65.0,6.1,18.2,0.333,0.8,6.1,0.125,5.3,12.1,0.438,0.354,4.6,5.3,0.857,4.6,2.3,6.8,5.3,2.3,17.5
Amen Thompson,SF,SF,HOU,2024,1,203.0,21.0,62.0,23.0,1388.0,8.4,15.6,0.536,0.3,2.0,0.138,8.1,13.6,0.595,0.545,3.7,5.4,0.684,5.2,9.1,14.3,5.7,2.7,20.7
Amir Coffey,SF,SF/SG,LAC,2024,5,269.5333,24.6667,57.5333,12.9333,1029.8667,5.5733,12.72,0.4375,2.1467,5.78,0.3515,3.4333,6.8867,0.5079,0.5199,2.9267,3.7067,0.7975,1.0933,3.9533,5.08,3.42,1.1133,16.2067
Andre Drummond,C,C,CHI,2024,5,217.0,28.6667,68.7333,20.4,1255.0,9.74,17.4467,0.5622,0.0067,0.2067,0.0095,9.7333,17.24,0.5683,0.5624,4.16,7.3,0.5634,8.2667,16.3267,24.5933,2.6333,2.6533,23.6267
Andre Jackson Jr.,SG,SG,MIL,2024,1,345.0,22.0,57.0,8.0,572.0,4.2,8.4,0.5,1.4,3.9,0.37,2.8,4.5,0.611,0.585,0.7,0.9,0.727,3.6,5.9,9.5,4.2,1.3,10.5
Andrew Funk,SG,SG,CHI,2024,1,555.0,24.0,5.0,0.0,13.0,0.0,15.3,0.0,0.0,11.5,0.0,0.0,3.8,0.0,0.0,0.0,0.0,0.0,0.0,0.0,0.0,0.0,3.8,0.0
Andrew Nembhard,PG,PG/SG,IND,2024,2,130.1111,23.5556,71.1111,54.1111,1864.1111,6.8889,14.5889,0.4727,1.8778,5.3333,0.3539,5.0111,9.3111,0.539,0.537,1.2111,1.5111,0.7978,0.9111,3.3,4.2111,7.8,1.7111,16.8667
Andrew Wiggins,SF,PF/SF,GSW,2024,5,117.2667,26.6667,61.2,57.2,1862.2,9.6533,20.8667,0.4637,2.92,7.72,0.3763,6.7667,13.1667,0.5142,0.5335,3.0467,4.4267,0.6825,2.2267,5.1867,7.4133,3.36,1.4133,25.32
Anfernee Simons,SG,SG,POR,2024,5,149.1333,22.6667,56.4667,38.1333,1686.2667,10.0467,23.1133,0.4336,4.8267,12.28,0.3888,5.26,10.8267,0.4797,0.5386,3.6933,4.1467,0.884,0.6333,4.1,4.7333,6.2,0.82,28.58
Anthony Black,PG,PG,ORL,2024,1,235.0,20.0,69.0,33.0,1164.0,4.9,10.5,0.466,1.6,4.0,0.394,3.3,6.5,0.51,0.54,2.1,3.4,0.613,1.4,4.5,5.9,3.9,1.5,13.4
Anthony Davis,C,C/PF,LAL,2024,5,107.6667,28.6667,57.2,56.6667,1985.5333,12.82,23.7067,0.5409,0.6333,2.48,0.2527,12.1533,21.2267,0.5731,0.5542,7.5067,9.6067,0.7785,3.9867,11.4533,15.46,4.3067,1.66,33.74
Anthony Edwards,SG,SG,MIN,2024,4,9.2857,20.8571,76.5,73.7143,2660.2857,11.6857,25.9714,0.4499,3.6214,10.1643,0.3564,8.0714,15.8071,0.5107,0.5199,5.7071,7.2,0.7939,0.9786,6.3357,7.35,6.0071,1.9143,32.7571
Anthony Gill,PF,PF,WAS,2024,4,373.1429,29.8571,47.8571,3.9286,475.0714,6.5643,12.9929,0.5146,0.9786,3.45,0.2836,5.6,9.5286,0.5959,0.5519,3.4714,4.4571,0.786,3.3857,5.6643,9.05,2.9357,1.0143,17.6571
Armoni Brooks,PG,PG/SG,BRK,2024,3,402.1,23.8,25.2,4.3,409.2,6.65,19.37,0.3459,4.96,14.72,0.3375,1.69,4.68,0.4258,0.4757,0.67,1.08,0.6237,2.16,5.07,7.31,2.79,0.95,18.98
Ashton Hagans,PG,PG,POR,2024,2,445.1429,23.1429,14.1429,0.7143,226.8571,3.2143,7.9286,0.2914,0.9286,2.7857,0.2286,2.3571,5.1429,0.3264,0.3321,1.5714,1.9286,0.5886,1.5714,3.4286,5.0,6.0,1.2143,8.9286
Ausar Thompson,SF,SF,DET,2024,1,176.0,21.0,63.0,38.0,1583.0,7.1,14.6,0.483,0.6,3.4,0.186,6.4,11.2,0.575,0.505,2.2,3.6,0.597,3.9,8.3,12.2,3.6,2.1,16.9
Austin Reaves,SG,SG,LAL,2024,3,100.9167,24.1667,70.75,35.8333,2064.25,6.9167,13.9583,0.4936,2.35,6.4333,0.3648,4.5333,7.525,0.6072,0.5775,4.5417,5.3083,0.8532,1.0583,4.825,5.9583,6.1333,1.0167,20.675
Ayo Dosunmu,SG,SG,CHI,2024,3,77.0833,23.1667,77.5833,42.4167,2148.5,7.1417,14.25,0.5031,1.9917,5.2917,0.3659,5.1833,8.9583,0.58,0.5708,1.5917,2.0833,0.7756,0.9833,3.9833,4.9917,5.3667,1.4417,17.925
Bam Adebayo,C,C/PF,MIA,2024,5,46.2667,24.6667,68.2,68.2,2310.0,10.9533,20.24,0.5422,0.1,0.44,0.184,10.8067,19.8133,0.5477,0.5453,6.2867,8.1867,0.7698,3.4733,10.98,14.4467,5.7267,1.8,28.3067
Ben Sheppard,SG,SG,IND,2024,1,301.0,22.0,57.0,1.0,814.0,5.2,13.3,0.393,2.8,9.0,0.314,2.4,4.2,0.562,0.5,1.3,1.5,0.885,0.9,4.3,5.2,3.1,1.9,14.6
Ben Simmons,PG,PG,BRK,2024,4,265.75,25.8333,34.6667,30.4167,998.8333,6.575,11.5083,0.5719,0.0167,0.1,0.0738,6.5583,11.4167,0.5747,0.5725,1.8167,3.5417,0.4669,3.0167,10.3917,13.375,11.35,2.15,15.0167
Bennedict Mathurin,SF,SF/SG,IND,2024,2,128.7778,20.5556,67.4444,18.1111,1842.0,8.9667,20.3,0.4407,2.3222,6.6,0.3513,6.6444,13.7556,0.4841,0.4981,6.6667,8.1444,0.8241,1.8444,5.1222,7.0222,3.1667,1.0556,26.9667
Bilal Coulibaly,SF,SF,WAS,2024,1,156.0,19.0,63.0,15.0,1715.0,5.1,11.8,0.435,1.7,5.0,0.346,3.4,6.7,0.502,0.509,2.5,3.6,0.702,1.5,5.5,7.0,3.0,1.6,14.5
Bismack Biyombo,C,C,MEM,2024,5,291.3333,29.6667,49.1333,20.0667,846.4,6.1333,10.6,0.5755,0.0,0.0,1.64,7.2533,7.9453,0.5758,1.1769,2.7867,3.247,1.5555,5.6333,10.4,11.2867,2.6933,1.1133,34.16
Blake Wesley,SG,SG,SAS,2024,2,311.5556,19.5556,50.3333,2.1111,784.0,5.2333,13.2556,0.406,1.0111,3.3111,0.2922,4.2778,9.9444,0.4466,0.442,2.3556,3.7111,0.6332,0.9111,4.4556,5.3667,8.0667,1.6889,13.8333
Boban Marjanović,C,C,HOU,2024,5,458.7333,33.6667,24.8667,0.7333,159.1333,12.9267,22.34,0.5844,0.14,1.1933,0.0823,12.7867,21.1933,0.6087,0.587,5.6467,8.3467,0.6892,5.3933,14.1133,19.5067,2.6933,0.72,31.6333
Bobby Portis,PF,C/PF,MIL,2024,5,122.7333,26.6667,73.6,20.2667,1835.5333,10.56,21.1867,0.4971,2.5733,6.5333,0.3996,7.96,14.6533,0.5414,0.5581,2.24,2.9733,0.7681,3.8067,11.7467,15.5667,2.5267,1.32,25.88
Bogdan Bogdanović,SG,SG,ATL,2024,5,118.8,29.6667,63.2667,24.2667,1863.8,9.2133,20.94,0.4405,4.76,12.2333,0.3897,4.4533,8.7067,0.5109,0.5541,2.4133,2.8,0.8678,0.8667,4.8867,5.6867,5.04,1.7267,25.6067
Bojan Bogdanović,PF,PF/SF,DET,2024,5,117.6,32.6667,62.3333,52.3333,1858.0,10.1333,22.02,0.4608,4.12,10.34,0.3993,6.0267,11.68,0.5144,0.5541,5.2467,6.12,0.8464,0.9133,4.86,5.8,3.2733,0.92,29.6467
Bol Bol,PF,PF,PHO,2024,5,363.0,22.6667,40.5333,9.0667,601.0,8.8533,16.0667,0.5529,1.68,4.5667,0.3413,7.1733,11.4533,0.6275,0.6043,2.18,3.1933,0.6877,2.3533,9.9733,12.36,2.3067,0.9133,21.5267
Bones Hyland,PG,PG/SG,LAC,2024,3,284.4167,22.1667,51.3333,3.4167,914.1667,9.2917,23.4917,0.3946,4.6583,13.2083,0.351,4.5917,10.25,0.4513,0.4943,2.9667,3.5833,0.8212,0.6333,5.275,5.8667,7.9417,1.975,26.175
Bradley Beal,SG,SG,PHO,2024,5,137.4667,28.6667,50.8,50.8,1746.0667,12.1267,24.8333,0.4911,2.62,7.1133,0.3707,9.5067,17.72,0.5385,0.5449,5.4133,6.4067,0.8368,1.36,4.76,6.1333,7.6467,1.36,32.2733
Brandin Podziemski,SG,SG,GSW,2024,1,109.0,20.0,74.0,28.0,1968.0,6.7,14.7,0.454,2.2,5.8,0.385,4.5,8.9,0.499,0.529,1.2,1.9,0.633,2.9,7.6,10.5,6.7,1.5,16.8
Brandon Boston Jr.,SF,SF/SG,LAC,2024,3,386.5833,21.1667,33.4167,0.3333,416.4167,9.2667,22.8667,0.4039,2.1833,6.7833,0.3266,7.0833,16.0833,0.4409,0.4512,4.225,5.6083,0.7495,1.8667,4.9833,6.85,2.95,1.6917,24.8833
Brandon Clarke,PF,PF,MEM,2024,5,296.6667,25.6667,41.4667,5.0667,859.8667,10.7533,18.0333,0.6002,0.32,1.4733,0.2042,10.44,16.54,0.6311,0.6092,2.4933,4.24,0.5139,4.3333,8.06,12.4267,3.2067,1.64,24.2867
Brandon Ingram,SF,PF/SF,NOP,2024,5,106.2,24.6667,56.6,56.6,1904.2667,12.0067,25.08,0.4783,2.26,6.16,0.3646,9.7467,18.92,0.5148,0.523,6.64,7.9067,0.8412,0.88,6.86,7.7933,7.9533,1.0667,32.8733
Brandon Miller,SF,SF,CHO,2024,1,44.0,21.0,74.0,68.0,2383.0,9.9,22.4,0.44,3.8,10.2,0.373,6.0,12.2,0.495,0.524,3.0,3.6,0.827,1.2,5.3,6.5,3.6,1.4,26.5
Brandon Williams,PG,PG,DAL,2024,2,423.875,23.25,19.625,6.0,310.625,8.3125,22.375,0.3708,1.7125,7.0375,0.2345,6.6,15.4,0.43,0.4089,4.8875,7.275,0.6672,1.625,3.95,5.5375,7.2,0.925,23.1625
Braxton Key,SF,SF,DEN,2024,3,501.5,25.1667,12.0833,0.0,77.25,6.2667,12.0833,0.6195,1.0833,3.0083,0.2382,5.1833,9.075,0.6393,0.6546,6.1083,7.15,0.7803,1.8417,9.2667,11.1083,3.7583,1.3333,19.65
Brice Sensabaugh,SF,SF,UTA,2024,1,339.0,20.0,32.0,11.0,584.0,7.0,18.0,0.39,2.8,9.5,0.296,4.2,8.5,0.495,0.468,3.1,3.4,0.902,1.3,7.1,8.4,4.5,1.1,19.9
Brook Lopez,C,C,MIL,2024,5,125.2667,33.6667,63.6,63.1333,1870.8,8.5067,17.28,0.4925,2.7867,7.8133,0.3593,5.7,9.5,0.6053,0.5745,2.7867,3.3733,0.8251,2.6867,6.2067,8.9,1.8933,0.96,22.5733
Bruce Brown,SG,PG/SF/SG,IND,2024,5,113.4667,25.6667,70.6,39.7333,1887.2,7.26,14.7467,0.493,1.3467,3.82,0.3453,5.9467,10.92,0.5425,0.5371,2.7667,3.54,0.7757,1.9933,6.3067,8.2733,4.88,1.8067,18.5933
Bruno Fernando,C,C,ATL,2024,5,382.1333,23.6667,39.5333,2.6,443.4,7.7267,13.62,0.5549,0.08,0.5667,0.109,7.6267,13.04,0.5738,0.5575,4.1467,6.2467,0.6629,5.0,10.5067,15.5333,3.0,1.0467,19.6067
Bryce McGowens,SG,SG,CHO,2024,2,298.7778,20.5556,53.2222,10.8889,839.7778,5.3,12.5889,0.4199,1.7667,5.3,0.3294,3.5222,7.2889,0.4874,0.4894,3.6556,4.8,0.7644,1.0889,4.6222,5.6556,3.0778,1.0667,16.0111
Buddy Boeheim,SF,SF,DET,2024,2,480.2222,23.5556,10.0,0.0,86.6667,4.0889,15.6667,0.2544,3.5333,13.9444,0.2489,0.5556,1.7667,0.3611,0.364,3.0444,3.6556,0.8889,1.4333,3.2,4.5889,1.9222,0.4889,14.6556
Buddy Hield,SF,SF/SG,IND,2024,5,34.6,29.6667,79.8,52.2667,2353.8,8.6733,20.1733,0.4314,5.26,13.32,0.3936,3.4667,6.82,0.5056,0.5619,1.7667,2.08,0.8569,1.2333,5.5533,6.7733,4.7533,1.5467,24.3667
CJ McCollum,PG,PG/SG,NOP,2024,5,57.0,30.6667,65.3333,65.3333,2238.8,11.38,25.1533,0.4527,4.6133,11.32,0.4032,6.8067,13.7933,0.4917,0.5445,2.9,3.7933,0.7759,0.9867,5.12,6.12,7.1133,1.3733,30.26
Cade Cunningham,PG,PG/SG,DET,2024,3,186.0833,21.1667,45.8333,45.8333,1519.5,11.35,26.35,0.4294,2.5417,7.8417,0.3194,8.8333,18.5083,0.4762,0.4771,4.5833,5.375,0.8523,1.1833,6.5167,7.6583,9.475,1.3917,29.75
Caleb Houstan,SF,SF,ORL,2024,2,303.1111,20.5556,55.4444,9.0,813.6667,4.4556,11.7444,0.3769,3.6444,10.1,0.3574,0.8111,1.6444,0.535,0.5301,1.1222,1.3778,0.8191,1.8333,3.6222,5.4556,1.8,0.8111,13.6667
Caleb Martin,SF,SF,MIA,2024,5,180.8667,26.6667,60.5333,23.6,1543.8,6.56,14.7467,0.4481,2.2267,6.2467,0.363,4.3533,8.4933,0.5116,0.5245,2.34,3.06,0.7661,2.14,5.9267,8.08,3.3467,1.7267,17.7333
Cam Reddish,SF,SF,LAL,2024,5,266.2667,22.6667,43.8,20.4667,997.8,6.1733,15.2667,0.4037,2.2867,7.0667,0.3243,3.8867,8.2,0.4726,0.4788,3.2867,3.9267,0.8233,1.1733,3.96,5.1333,2.4533,2.1533,17.94
Cam Thomas,SG,SG,BRK,2024,3,189.25,21.1667,63.25,23.0833,1474.5833,10.9667,24.8417,0.4394,2.7583,8.025,0.3468,8.1083,16.85,0.4851,0.4952,6.3333,7.4083,0.8532,0.6,4.8333,5.4083,4.05,1.1417,30.9917
Cam Whitmore,SF,SF,HOU,2024,1,286.0,19.0,47.0,2.0,880.0,11.7,25.7,0.454,4.4,12.1,0.359,7.3,13.6,0.538,0.539,4.2,6.2,0.679,2.4,7.5,9.9,1.8,1.7,31.9
Cameron Johnson,PF,PF,BRK,2024,5,180.6,25.6667,55.5333,31.8667,1474.0,8.1933,18.16,0.451,4.2733,10.8067,0.3956,3.9333,7.32,0.5363,0.5691,2.8733,3.4933,0.8263,1.4467,6.0733,7.5,3.42,1.62,23.54
Cameron Payne,PG,PG/SG,MIL,2024,5,245.9333,27.6667,58.9333,9.8667,1104.4667,8.6267,20.08,0.4333,3.4467,8.8733,0.3885,5.24,11.18,0.4707,0.5213,2.3733,2.8333,0.8377,0.7667,4.8467,5.64,9.2667,1.64,23.1067
Caris LeVert,SG,SG,CLE,2024,5,111.5333,27.6667,63.2667,28.4,1892.2,9.1933,21.2467,0.4312,2.6533,7.78,0.3446,6.5067,13.4933,0.4807,0.4963,3.8333,5.0667,0.7546,1.1533,5.44,6.58,7.5,1.7467,24.86
Cason Wallace,SG,SG,OKC,2024,1,160.0,20.0,82.0,13.0,1692.0,6.2,12.6,0.491,2.8,6.6,0.419,3.4,5.9,0.572,0.602,0.8,1.1,0.784,1.5,3.8,5.3,3.4,2.2,15.9
Cedi Osman,SF,SF,SAS,2024,5,179.8667,26.6667,69.9333,9.9333,1456.8667,7.4467,16.8667,0.4453,3.5933,9.88,0.3666,3.88,7.02,0.5567,0.5521,2.1133,3.04,0.6935,0.92,5.0933,6.0267,4.4267,1.4067,20.6133
Charles Bassey,C,C,SAS,2024,3,419.5833,22.1667,25.3333,0.6667,296.75,7.7167,11.575,0.6762,0.1,0.6167,0.125,7.6167,10.8833,0.7048,0.6802,1.8417,2.6167,0.7329,6.1667,11.7667,17.9,4.0667,1.6667,17.375
Charlie Brown Jr.,SG,SG,NYK,2024,4,495.5455,24.5455,12.1818,0.7273,96.3636,3.3727,13.6273,0.2444,1.9182,7.4,0.2262,1.4545,6.2455,0.1843,0.3111,1.7182,1.8545,0.5,2.0727,3.0364,5.0727,1.1818,1.2091,10.4364
Chet Holmgren,C,C,OKC,2024,1,40.0,21.0,82.0,82.0,2413.0,10.1,19.0,0.53,2.6,7.0,0.37,7.5,12.0,0.623,0.598,4.3,5.5,0.793,2.6,10.3,12.9,4.0,1.1,27.0
Chimezie Metu,C,C/PF,PHO,2024,5,308.7333,24.6667,52.6,8.8,797.9333,8.1467,15.6533,0.5213,1.2867,4.4,0.2705,6.8667,11.2533,0.612,0.5636,3.36,4.1933,0.8027,2.6733,9.6333,12.3,2.7533,1.86,20.92
Chris Boucher,PF,C/PF/SF,TOR,2024,5,224.0667,29.6667,65.0667,3.6667,1227.4667,8.1733,16.6267,0.4933,2.18,6.62,0.3294,5.9933,9.9333,0.6041,0.5595,4.6667,6.0067,0.7733,4.7533,9.3933,14.18,1.2933,1.26,23.2067
Chris Duarte,SF,SF/SG,SAC,2024,3,269.5,25.1667,53.6667,18.3333,983.8333,6.5417,16.7083,0.3898,2.9667,8.675,0.3418,3.575,8.0333,0.4422,0.4799,2.5417,3.0833,0.8117,1.4083,5.425,6.8333,3.2833,1.675,18.5833
Chris Livingston,SF,SF,MIL,2024,1,482.0,20.0,21.0,0.0,90.0,5.9,11.7,0.5,0.5,2.7,0.2,5.3,9.1,0.588,0.523,1.6,2.1,0.75,1.6,9.6,11.2,2.7,1.1,13.9
Chris Paul,PG,PG,GSW,2024,5,112.5333,36.6667,62.0667,48.7333,1882.2667,7.7933,16.7933,0.4621,2.2467,6.1333,0.3641,5.52,10.6267,0.5157,0.5301,3.0133,3.48,0.8497,0.6067,6.22,6.8267,13.48,2.3667,20.82
Christian Braun,SG,SG,DEN,2024,2,199.4444,21.5556,79.3333,4.8889,1444.3333,6.2889,13.3889,0.4756,1.6778,4.5,0.3707,4.6667,8.8889,0.5278,0.5379,2.3111,3.4222,0.6633,2.2222,6.2222,8.4444,3.2889,1.4778,16.6222
Christian Wood,PF,C/PF,LAL,2024,5,188.5333,26.6667,57.7333,24.5333,1438.0667,9.52,18.9667,0.4992,2.5267,7.0533,0.3562,6.9933,11.9067,0.5879,0.5659,4.84,6.88,0.6982,2.4867,11.84,14.3333,3.0133,1.0267,26.4467
Chuma Okeke,SF,PF/SF,ORL,2024,4,298.7143,23.8571,45.9286,12.1429,838.9286,4.9,13.2214,0.3682,2.6214,8.7214,0.3041,2.2429,4.5143,0.5074,0.4681,1.1143,1.4857,0.7101,1.9714,7.0286,9.0286,3.1429,1.75,13.5143
Clint Capela,C,C,ATL,2024,5,123.6,27.6667,67.4667,66.7333,1835.7333,9.3533,15.4133,0.6082,0.0,0.0,0.0,9.3533,15.3867,0.609,0.6082,2.6533,4.5533,0.5774,7.5,12.96,20.5133,1.92,1.1733,21.3867
Coby White,PG,PG/SG,CHI,2024,5,83.7333,21.6667,71.8,37.2,2155.7333,8.4467,19.4067,0.4355,3.7067,9.9267,0.373,4.74,9.48,0.5033,0.5321,2.76,3.2467,0.8559,0.6333,5.3867,6.02,6.1933,1.0733,23.3267
Cody Martin,SF,SF,CHO,2024,5,303.4,26.6667,35.5333,11.0667,833.3333,5.14,12.5,0.4146,1.4,4.7467,0.2909,3.76,7.7533,0.4888,0.4698,1.5267,2.5333,0.615,2.1067,5.8133,7.92,5.2333,1.96,13.1733
Cody Zeller,C,C,NOP,2024,5,376.4667,29.6667,34.0,5.9333,458.9333,6.8,12.56,0.5297,0.14,0.7933,0.1461,6.66,11.78,0.5512,0.5345,4.5267,6.6267,0.6805,6.54,9.7133,16.24,3.9933,1.1467,18.2467
Colby Jones,SG,SG,SAC,2024,1,439.0,21.0,30.0,0.0,192.0,7.1,18.0,0.394,0.5,5.6,0.091,6.6,12.4,0.531,0.408,1.5,2.8,0.545,4.3,5.8,10.1,5.1,1.8,16.2
Cole Anthony,PG,PG,ORL,2024,4,145.0,21.8571,66.7143,19.9286,1715.4286,8.6714,20.4571,0.4256,2.5286,7.4214,0.3453,6.1429,13.0357,0.471,0.4881,4.7857,5.6,0.8523,1.4214,7.1214,8.5643,7.2786,1.3429,24.6857
Cole Swider,SF,SF,MIA,2024,2,491.4444,23.5556,13.1111,0.0,66.5556,6.3333,16.7333,0.3674,4.7222,13.6444,0.3517,1.6111,3.0889,0.3472,0.5144,0.6111,0.6111,0.5556,0.8667,4.9556,5.8222,3.6556,0.3333,18.0111
Colin Castleton,C,C,LAL,2024,1,512.0,23.0,16.0,0.0,59.0,7.3,12.9,0.563,0.0,0.0,0.0,7.3,12.9,0.563,0.563,4.8,4.8,1.0,4.8,4.8,9.7,2.4,1.6,19.3
Collin Gillespie,PG,PG,DEN,2024,1,429.0,24.0,24.0,0.0,225.0,7.0,15.2,0.464,3.3,8.4,0.395,3.7,6.8,0.548,0.572,1.8,2.6,0.667,0.2,4.4,4.6,5.9,2.9,19.2
Collin Sexton,SG,PG/SG,UTA,2024,5,184.7333,23.6667,53.3333,35.5333,1485.0667,11.1133,23.1,0.4821,2.3267,6.5267,0.3597,8.8,16.6067,0.531,0.5329,6.5133,7.9133,0.8186,1.6667,3.1133,4.8067,6.34,1.3667,31.06
Corey Kispert,SF,SF,WAS,2024,3,100.25,23.1667,77.25,33.1667,2009.1667,7.4917,15.5583,0.4819,3.7917,9.7083,0.3884,3.7667,5.85,0.6375,0.6042,2.025,2.5917,0.8042,0.9333,4.2417,5.15,2.7,0.8583,20.8
Cory Joseph,PG,PG,GSW,2024,5,256.9333,30.6667,51.4,11.8,1055.9333,5.1267,12.3,0.4127,2.1467,6.0333,0.3588,2.9733,6.2667,0.4701,0.5012,1.88,2.3067,0.7447,0.9667,3.9,4.8667,7.44,1.2067,14.2667
Craig Porter Jr.,PG,PG,CLE,2024,1,327.0,23.0,51.0,6.0,649.0,8.8,17.4,0.509,0.9,2.6,0.353,7.9,14.8,0.536,0.535,3.1,4.3,0.732,1.6,6.7,8.3,9.0,1.6,21.7
D'Angelo Russell,PG,PG,LAL,2024,5,79.1333,25.6667,65.8667,61.4,2114.0667,9.6933,21.8333,0.4451,4.2733,11.1067,0.388,5.42,10.7133,0.5055,0.5439,3.84,4.7533,0.818,0.5933,4.0533,4.6267,9.4667,1.4333,27.5
D'Moi Hodge,SG,SG,LAL,2024,1,527.0,25.0,7.0,0.0,41.0,5.8,17.4,0.333,3.5,13.9,0.25,2.3,3.5,0.667,0.433,1.2,2.3,0.5,0.0,0.0,0.0,5.8,1.2,16.2
D.J. Carton,SG,SG,TOR,2024,1,536.0,23.0,4.0,0.0,36.0,4.0,10.7,0.375,1.3,5.4,0.25,2.7,5.4,0.5,0.438,5.4,6.7,0.8,2.7,2.7,5.4,4.0,1.3,14.8
D.J. Wilson,PF,PF,PHI,2024,4,496.2727,25.5455,11.7273,0.5455,133.2727,10.6727,17.5818,0.6125,3.8091,6.0818,0.5397,6.9182,11.5,0.5956,0.7104,2.4909,3.2364,0.3974,2.2818,8.0273,10.3091,4.9909,1.5091,27.6455
DaQuan Jeffries,SG,SG,NYK,2024,4,500.9091,24.5455,15.3636,0.9091,125.8182,5.9455,14.7091,0.4181,1.5,8.1909,0.1705,4.4455,6.5636,0.6972,0.4657,0.2818,1.3364,0.2348,3.3091,6.7727,5.7636,3.1,0.3818,44.8455
Daishen Nix,PG,PG/SG,MIN,2024,3,418.8333,20.1667,31.25,2.3333,390.75,6.3667,17.125,0.371,3.4833,10.6417,0.3097,2.8833,6.45,0.4418,0.4641,2.4083,4.4667,0.5639,1.075,3.4083,4.4833,6.6167,3.25,18.625
Dalano Banton,PG,PG,BOS,2024,3,328.3333,23.1667,48.8333,4.6667,703.25,8.6917,21.125,0.4121,2.2917,7.8417,0.2851,6.4083,13.2833,0.4826,0.464,3.3083,4.6083,0.71,2.1,6.2583,8.3917,6.4083,1.9333,23.0333
Dalen Terry,SG,SG,CHI,2024,2,368.5556,20.5556,49.6667,1.1111,473.4444,6.0778,13.6778,0.4412,1.3778,5.7111,0.2429,4.6444,7.9222,0.5954,0.4936,2.4222,3.8556,0.6192,2.3667,5.9222,8.3444,5.5,2.2222,15.9111
Damian Jones,C,C,CLE,2024,5,357.8667,26.6667,44.0,6.4,552.6667,7.0133,11.0533,0.6373,0.5533,1.6867,0.3386,6.4267,9.3667,0.6839,0.6644,3.28,4.2533,0.7774,3.74,7.78,11.4867,2.4267,1.1133,17.8533
Damian Lillard,PG,PG,MIL,2024,5,84.8667,31.6667,58.9333,58.9333,2117.4,11.2933,25.7933,0.4362,4.8133,13.3133,0.3606,6.4667,12.48,0.5175,0.529,9.3667,10.2933,0.9089,0.7533,5.2067,5.9667,9.7933,1.1733,36.7333
Daniel Gafford,C,C,WAS,2024,5,191.6,23.6667,69.9333,47.0667,1467.6,9.0267,12.68,0.7134,0.0,0.0,0.0,9.0267,12.66,0.7138,0.7134,3.5533,5.2267,0.67,5.0867,8.4533,13.54,2.4933,1.3133,21.6
Daniel Theis,C,C,IND,2024,5,292.1333,29.6667,44.2667,17.7333,880.6667,7.98,15.5,0.5182,1.26,4.32,0.2973,6.7267,11.22,0.6055,0.5601,2.1533,3.58,0.6413,3.4067,7.6333,11.1,3.1067,1.0067,19.36
Danilo Gallinari,PF,PF,WAS,2024,4,235.7273,33.5455,55.1818,11.2727,1131.2727,7.2636,16.7091,0.4357,3.1182,8.4364,0.3614,4.1727,8.2727,0.5085,0.5268,5.8,6.6091,0.8855,1.1636,7.2909,8.4818,3.5364,1.0364,23.4727
Danny Green,SG,SF/SG,PHI,2024,5,360.6667,34.6667,29.7333,19.3333,683.7333,4.1467,11.5667,0.2812,3.0933,8.4733,0.2697,1.0267,3.0533,0.3205,0.3867,0.3533,0.4333,0.5731,0.8133,4.8,5.6133,2.5,2.3667,11.7133
Dante Exum,PG,PG/SG,DAL,2024,3,313.625,26.75,40.25,11.5,769.625,6.2125,12.575,0.4882,1.85,4.7125,0.396,4.3625,7.925,0.5488,0.5606,1.9375,2.6375,0.7049,1.0625,5.725,6.7625,6.1875,1.2125,16.2625
Danuel House Jr.,SF,SF,PHI,2024,5,307.7333,28.6667,43.6667,10.6,782.0667,5.22,11.9933,0.4383,2.28,6.62,0.3351,2.9533,5.3467,0.5555,0.5305,2.88,3.8067,0.7463,1.1133,5.1067,6.24,2.8267,1.26,15.5733
Dario Šarić,C,C/PF,GSW,2024,4,263.5,27.8333,59.5,12.6667,1007.3333,7.9333,17.1917,0.461,2.925,7.775,0.3747,5.0083,9.4167,0.5347,0.5463,3.7833,4.4833,0.8417,3.075,9.05,12.125,5.0083,1.3583,22.525
Dariq Whitehead,SF,SF,BRK,2024,1,543.0,19.0,2.0,0.0,24.0,2.1,10.3,0.2,0.0,6.2,0.0,2.1,4.1,0.5,0.2,2.1,4.1,0.5,0.0,8.3,8.3,6.2,0.0,6.2
Darius Bazley,PF,C/PF,PHI,2024,5,292.2,21.6667,39.6667,18.8,903.6,6.36,13.6867,0.4845,1.4467,4.7467,0.3051,4.9133,8.9467,0.5653,0.5355,3.0267,4.4,0.6999,2.16,8.0067,10.1933,2.4867,1.56,17.26
Darius Garland,PG,PG/SG,CLE,2024,5,70.6667,22.6667,62.1333,61.6,2132.4667,10.14,22.4667,0.4511,3.36,8.7,0.3859,6.8,13.7667,0.4934,0.5257,4.1933,4.8667,0.8579,0.7133,3.2133,3.9467,10.1867,1.76,27.84
David Duke Jr.,SG,PG/SG,SAS,2024,3,461.1667,23.1667,14.8333,1.75,182.5,7.8167,16.4167,0.4759,1.5583,4.525,0.2968,6.2833,11.8917,0.5253,0.523,2.6333,3.1167,0.8545,2.6667,5.7083,8.3167,4.0583,1.9917,19.85
David Roddy,PF,PF,MEM,2024,2,224.1111,21.5556,67.2222,9.0,1213.0,6.8556,16.5111,0.4146,2.2222,7.3333,0.2992,4.6333,9.1778,0.5113,0.4816,1.7778,2.6667,0.6643,2.0667,6.0667,8.1333,2.8111,1.1,17.6
Davion Mitchell,PG,PG,SAC,2024,3,187.25,24.1667,75.4167,9.4167,1460.0833,6.7167,15.1917,0.4442,2.3167,6.9333,0.3361,4.375,8.3,0.5392,0.5219,1.1333,1.625,0.7309,0.7,3.1583,3.8667,6.3167,1.1167,16.925
Day'Ron Sharpe,C,C/PF,BRK,2024,3,335.1667,21.1667,49.4167,3.4167,665.5,9.1583,16.2417,0.5635,0.3,0.8917,0.3644,8.8333,15.35,0.5743,0.5738,3.45,5.6583,0.6124,9.0583,10.5417,19.5583,3.5417,1.275,22.1167
De'Aaron Fox,PG,PG,SAC,2024,5,42.3333,24.6667,67.0667,66.9333,2332.6667,12.7933,26.5667,0.4817,2.68,7.98,0.3312,10.0667,18.5667,0.5421,0.5317,6.3133,8.4467,0.7469,0.9067,4.8667,5.7533,8.3933,2.0733,34.58
De'Andre Hunter,SF,SF,ATL,2024,5,157.6667,24.6667,54.7333,47.2667,1667.6,8.34,18.24,0.4562,2.6067,7.2133,0.3646,5.7,11.0267,0.5153,0.5281,4.2533,5.18,0.8211,0.9533,5.42,6.4133,2.4133,1.0533,23.58
De'Anthony Melton,SG,PG/SG,PHI,2024,5,185.7333,23.6667,58.7333,30.1333,1462.8667,7.04,17.2533,0.4079,3.6333,9.72,0.3728,3.4067,7.5133,0.4519,0.5139,2.5133,3.1267,0.7983,1.52,6.0867,7.66,5.42,2.9067,20.22
DeAndre Jordan,C,C,DEN,2024,5,332.7333,33.6667,43.3333,12.9333,661.0667,7.2933,10.68,0.6867,0.0267,0.0267,1.7067,8.0933,8.5419,0.6866,0.8995,2.6533,4.17,1.6978,7.1933,14.4267,15.0267,2.7733,1.2133,37.7467
DeJon Jarreau,SG,SG,MEM,2024,2,509.0,25.25,6.0,0.0,94.125,3.4375,10.1875,0.2125,0.8125,2.625,0.1925,2.625,7.5625,0.2194,0.2375,1.0,2.25,0.2844,1.625,7.3125,8.9375,5.3125,48.125,8.75
DeMar DeRozan,SF,PF/SF,CHI,2024,5,9.9333,32.6667,73.9333,73.9333,2688.6667,11.7267,23.6467,0.4966,0.8933,2.7333,0.3192,10.8667,20.9133,0.5186,0.5154,8.7133,10.06,0.8659,0.7733,5.5067,6.28,7.34,1.4067,33.0867
Dean Wade,PF,PF,CLE,2024,5,270.8667,25.6667,49.1333,22.2667,969.2667,4.6733,10.6067,0.4427,2.8733,7.6733,0.3787,1.8,2.8867,0.5943,0.5789,0.8733,1.3067,0.6661,1.4867,7.56,9.02,2.2067,1.6067,13.12
Deandre Ayton,C,C,POR,2024,5,120.8,23.6667,59.5333,59.1333,1844.3333,11.8733,20.0867,0.5937,0.1133,0.46,0.2269,11.7867,19.6533,0.6017,0.5964,2.7733,3.5733,0.7789,4.6467,11.96,16.62,2.5533,1.16,26.6733
Dejounte Murray,SG,PG/SG,ATL,2024,5,23.4667,25.6667,72.6667,72.1333,2516.6667,10.9533,23.8,0.4603,2.4533,7.0133,0.345,8.5333,16.8133,0.5077,0.5107,3.24,4.02,0.804,1.2333,7.4133,8.6667,9.1533,2.24,27.5867
Delon Wright,PG,PG/SG,WAS,2024,5,222.8,29.6667,57.6667,11.2,1201.0667,5.1667,11.7133,0.4411,1.5933,4.4,0.3647,3.5733,7.3067,0.4899,0.5103,2.2533,2.7,0.8349,1.74,5.0933,6.84,7.4267,3.32,14.1933
Deni Avdija,SF,SF,WAS,2024,4,98.0,21.8571,73.7857,44.5,1987.9286,6.7571,14.6429,0.4577,1.8286,5.6286,0.3314,4.9143,9.0857,0.5404,0.5215,3.0429,4.15,0.7296,1.5143,9.4643,10.9857,4.7929,1.3786,18.3929
Dennis Schröder,PG,PG/SG,TOR,2024,5,74.0,28.6667,69.5333,46.7333,2119.7333,7.86,18.1667,0.4314,2.28,6.4133,0.3519,5.6067,11.7533,0.474,0.4937,4.3933,5.16,0.8468,0.7067,4.1533,4.82,8.26,1.3,22.3667
Dennis Smith Jr.,PG,PG,BRK,2024,5,279.2667,24.6667,45.8,6.8667,943.0667,6.5467,15.84,0.4145,1.2067,4.3667,0.2635,5.34,11.4733,0.4677,0.4517,2.48,3.56,0.7059,1.62,5.1,6.7533,9.3533,2.9667,16.78
Dereck Lively II,C,C,DAL,2024,1,215.0,19.0,55.0,42.0,1294.0,8.2,11.0,0.747,0.0,0.1,0.0,8.2,10.9,0.752,0.747,1.5,3.0,0.506,5.0,9.0,14.0,2.2,1.3,17.9
Dereon Seabron,SG,SG,NOP,2024,2,518.8889,22.5556,5.5556,0.0,35.8889,5.6,15.4222,0.3489,0.5,1.0,0.2778,5.1,14.4222,0.3294,0.37,2.5,2.9444,0.4628,2.2778,2.9444,5.2222,2.5,1.0,14.1444
Derrick Jones Jr.,SF,PF/SF,DAL,2024,5,219.0667,24.6667,64.2667,30.4,1279.6667,6.1067,12.22,0.5016,1.6533,4.9467,0.3309,4.4533,7.2867,0.6153,0.5683,2.8933,3.9667,0.7323,2.8,5.06,7.8533,1.8667,1.5,16.78
Derrick Rose,PG,PG,MEM,2024,5,343.2,33.6667,30.4,4.5333,607.4,9.82,22.3133,0.4404,2.2933,6.6,0.3551,7.5133,15.7,0.4755,0.4922,2.7533,3.0667,0.908,1.1333,4.5333,5.5867,8.3867,1.2933,24.72
Derrick White,SG,SG,BOS,2024,5,79.8,27.6667,70.5333,59.0,2105.5333,7.7333,17.3867,0.4464,3.3533,9.1333,0.3665,4.3933,8.24,0.5335,0.543,3.6933,4.2667,0.8768,0.9667,5.0733,6.0267,7.24,1.32,22.5667
Desmond Bane,SG,SG,MEM,2024,4,138.7143,23.8571,57.5714,50.2857,1743.9286,11.0214,23.5214,0.4684,4.4286,10.9286,0.4078,6.5929,12.5929,0.521,0.5642,3.85,4.4,0.8731,1.1,5.7214,6.8571,6.1429,1.5286,30.3429
Devin Booker,PG,PG/SG,PHO,2024,5,57.5333,25.6667,64.0,64.0,2244.1333,13.3067,27.4267,0.4861,3.1,8.5467,0.3605,10.24,18.88,0.5423,0.5423,7.7333,8.82,0.8738,0.9933,5.3333,6.3267,7.9867,1.3133,37.4667
Devin Vassell,SG,SF/SG,SAS,2024,4,146.5,21.8571,59.2143,39.1429,1705.3571,9.3,20.8286,0.4435,3.4929,9.4143,0.3704,5.7786,11.4143,0.5031,0.5273,2.8357,3.5071,0.8089,0.6929,5.7286,6.4214,4.7429,1.7143,24.8929
Devonte' Graham,PG,PG,SAS,2024,5,219.2667,26.6667,53.8667,24.1333,1262.1333,6.38,17.4,0.3654,4.3267,12.76,0.3373,2.0533,4.64,0.4536,0.4897,2.9467,3.6733,0.806,0.76,3.9467,4.7133,7.6467,1.4933,19.96
Dexter Dennis,SG,SG,DAL,2024,1,537.0,24.0,4.0,0.0,30.0,16.0,30.4,0.526,1.6,12.8,0.125,14.4,17.6,0.818,0.553,1.6,4.8,0.333,1.6,12.8,14.4,6.4,0.0,35.2
Dillon Brooks,SF,SF/SG,HOU,2024,5,108.4,26.6667,63.6667,63.4667,1916.8,9.1133,21.7933,0.4177,2.92,8.62,0.3381,6.2067,13.2,0.4709,0.4873,3.32,4.0133,0.8214,1.26,4.04,5.2733,3.6467,1.5667,24.4333
Dmytro Skapintsev,C,C,NYK,2024,1,570.0,25.0,2.0,0.0,2.0,0.0,25.2,0.0,0.0,0.0,0.0,0.0,25.2,0.0,0.0,0.0,0.0,0.0,0.0,0.0,0.0,0.0,0.0,0.0
Domantas Sabonis,C,C/PF,SAC,2024,5,20.0667,25.6667,73.2,73.0,2574.2,10.2733,17.6267,0.5839,0.6533,2.0,0.3479,9.5933,15.66,0.6146,0.603,5.24,7.24,0.7265,4.4333,12.9867,17.42,9.52,1.24,26.46
Dominick Barlow,PF,PF,SAS,2024,2,381.0,19.5556,30.7778,0.5556,414.6667,5.8556,11.5556,0.5133,0.1667,0.7778,0.185,5.6889,10.7778,0.5327,0.5206,2.7667,3.9,0.7033,5.1889,7.1667,12.3556,3.5222,1.3111,14.7
Donovan Mitchell,SG,PG/SG,CLE,2024,5,69.2667,25.6667,61.5333,61.5333,2142.8,13.2733,28.78,0.461,4.8067,12.8933,0.3725,8.5067,15.8867,0.5336,0.5443,6.6067,7.6867,0.8603,1.2467,5.28,6.4933,7.4667,2.12,37.9267
Donte DiVincenzo,SG,SG,NYK,2024,5,124.8667,25.6667,67.8,41.2,1836.1333,7.1933,17.0867,0.4202,4.3067,11.3133,0.3803,2.8733,5.74,0.4964,0.5461,1.9333,2.4933,0.7824,1.76,6.0667,7.8267,5.3467,2.2933,20.7067
Dorian Finney-Smith,PF,PF,BRK,2024,5,78.8,28.6667,69.0,64.8,2106.6667,5.4667,12.68,0.4328,2.9933,8.24,0.3625,2.4867,4.44,0.562,0.5503,1.0067,1.4333,0.7264,2.6933,5.24,7.9333,2.6667,1.42,14.9733
Doug McDermott,SF,PF/SF,SAS,2024,5,221.6,30.6667,62.0,14.0667,1203.6667,8.1067,17.4933,0.4621,4.3733,10.6533,0.4119,3.7333,6.84,0.5377,0.5911,1.4467,1.9267,0.7157,0.82,3.72,4.5467,3.1333,0.6067,22.1067
Draymond Green,PF,PF,GSW,2024,5,138.6667,31.6667,58.2667,56.8667,1720.7333,5.2133,10.5267,0.4967,1.1,3.26,0.3268,4.1467,7.2933,0.5664,0.5472,1.86,2.5467,0.7219,1.78,10.02,11.7467,11.14,1.9267,13.36
Drew Eubanks,C,C,PHO,2024,5,235.8,24.6667,68.6667,16.2667,1179.8667,7.0867,11.7067,0.6087,0.1533,0.4,0.6805,6.92,11.26,0.6149,0.6157,3.36,4.5467,0.7355,4.5133,9.4333,13.9467,2.9133,1.1467,17.6667
Drew Peterson,PF,PF,BOS,2024,1,546.0,24.0,3.0,0.0,23.0,8.6,12.9,0.667,6.4,10.7,0.6,2.1,2.1,1.0,0.917,0.0,0.0,0.0,0.0,2.1,2.1,2.1,4.3,23.6
Dru Smith,SG,SG,MIA,2024,2,454.0,25.5556,11.6667,0.4444,143.0,5.6556,13.2222,0.4306,2.2111,6.2333,0.3458,3.4889,6.9889,0.5,0.5143,0.8444,0.8444,1.0,1.5444,4.7333,6.2778,6.0111,3.2667,14.3667
Duncan Robinson,SF,SF/SG,MIA,2024,5,150.1333,27.6667,64.1333,40.0,1673.8667,7.2,17.1467,0.4186,5.1133,13.6133,0.3777,2.06,3.5467,0.582,0.5689,1.7867,2.0333,0.8775,0.4533,4.46,4.9133,3.7133,1.04,21.24
Duop Reath,C,C,POR,2024,1,226.0,27.0,68.0,20.0,1214.0,9.4,20.3,0.461,3.6,10.0,0.359,5.8,10.3,0.559,0.549,2.8,3.8,0.742,3.8,6.4,10.2,2.7,1.3,25.1
Dwight Powell,C,C,DAL,2024,5,226.5333,30.6667,68.0667,39.2667,1226.6,5.9133,8.74,0.6808,0.1867,0.5867,0.23,5.7933,8.16,0.7056,0.6887,4.0267,5.58,0.7192,4.96,6.54,11.4867,3.3867,1.4667,16.0733
Dylan Windler,SF,SF,NYK,2024,4,453.0714,25.8571,22.0714,0.0,213.0714,6.8929,13.1143,0.5127,4.35,9.8286,0.4272,2.5429,3.2643,0.7299,0.6749,0.6286,0.8,0.2896,1.2286,4.8571,6.0857,4.25,2.3286,18.7786
Dyson Daniels,PG,PG,NOP,2024,2,229.8889,19.5556,60.1111,13.7778,1217.5556,4.5556,10.5333,0.4341,1.4111,4.5,0.3123,3.1889,6.0889,0.5248,0.5002,1.2,1.9,0.6456,1.9778,6.6556,8.5889,6.0333,2.6111,11.8222
Dāvis Bertāns,PF,PF,OKC,2024,5,297.5333,29.6667,48.7333,1.8,818.0,6.6533,16.6333,0.4007,5.3867,14.22,0.3786,1.2867,2.3867,0.5467,0.5635,2.14,2.42,0.887,0.7867,4.7533,5.5667,2.1867,1.3333,20.84
E.J. Liddell,PF,PF,NOP,2024,1,545.0,23.0,8.0,0.0,23.0,2.1,12.8,0.167,0.0,10.7,0.0,2.1,2.1,1.0,0.167,4.3,4.3,1.0,0.0,10.7,10.7,2.1,4.3,8.5
Emoni Bates,SF,SF,CLE,2024,1,457.0,20.0,15.0,0.0,133.0,5.6,18.2,0.306,3.7,12.3,0.303,1.9,5.9,0.313,0.408,0.4,1.5,0.25,0.4,4.8,5.2,3.7,0.4,15.2
Eric Gordon,SG,SF/SG,PHO,2024,5,158.0667,33.6667,58.4667,35.4,1661.7333,7.5933,17.18,0.4439,3.72,10.0667,0.3723,3.8733,7.0867,0.5469,0.553,2.96,3.7067,0.8013,0.4133,2.82,3.2333,4.02,1.1933,21.88
Eugene Omoruyi,SF,SF,WAS,2024,3,417.0833,25.1667,32.25,2.0,383.25,7.9,17.4583,0.4498,1.9583,5.8917,0.3366,5.975,11.5667,0.4998,0.5093,4.25,7.0833,0.6238,4.2167,7.6583,11.875,3.85,2.0333,22.05
Evan Fournier,SG,SF/SG,NYK,2024,5,249.0,29.6667,43.8667,27.0667,1093.6,7.46,19.2467,0.3843,3.8067,11.6467,0.326,3.6333,7.5933,0.4714,0.483,2.4867,3.1467,0.7984,0.46,4.34,4.8467,4.1667,1.9467,21.24
Evan Mobley,PF,PF,CLE,2024,3,87.75,21.1667,64.4167,64.4167,2126.0833,9.775,17.7,0.5533,0.55,1.925,0.2899,9.225,15.775,0.5852,0.5692,3.8333,5.5083,0.69,3.4417,10.3,13.7083,4.4583,1.2917,23.9583
Filip Petrušev,C,C,PHI,2024,1,558.0,23.0,3.0,0.0,10.0,4.9,9.8,0.5,0.0,0.0,0.0,4.9,9.8,0.5,0.5,4.9,9.8,0.5,0.0,4.9,4.9,0.0,0.0,14.6
Frank Ntilikina,PG,PG/SG,CHO,2024,5,404.0,23.6667,34.0,4.6,435.2667,3.6667,12.1467,0.289,1.9,7.5467,0.2631,1.7667,4.5933,0.2737,0.3656,1.9067,2.38,0.82,0.8867,4.8667,5.7933,4.68,1.2667,11.1933
Franz Wagner,SF,SF,ORL,2024,3,33.25,21.1667,76.4167,76.4167,2450.6667,10.275,21.4167,0.4795,2.1083,6.5417,0.3259,8.1667,14.875,0.5466,0.529,4.9917,5.9333,0.8506,1.4833,5.6583,7.1833,5.2583,1.4833,27.6583
Fred VanVleet,PG,PG/SG,HOU,2024,5,27.2667,27.6667,66.2667,66.2667,2444.8,8.2733,20.6133,0.4035,4.24,11.5067,0.3704,4.0333,9.0667,0.4451,0.5069,4.16,4.7133,0.8755,0.6733,4.72,5.3933,9.5867,2.16,24.96
Furkan Korkmaz,SG,SG,PHI,2024,5,324.4,24.6667,47.0667,6.0667,722.4667,6.2267,15.3867,0.4064,2.88,8.18,0.3555,3.3467,7.1933,0.4654,0.4997,2.7267,3.7667,0.7358,0.7533,4.7733,5.4733,3.7533,1.76,18.1267
GG Jackson II,PF,PF,MEM,2024,1,223.0,19.0,48.0,18.0,1233.0,9.6,22.3,0.428,4.0,11.3,0.357,5.5,11.0,0.502,0.519,4.6,6.1,0.752,2.1,5.7,7.8,2.3,1.1,27.7
Gabe Vincent,PG,PG,LAL,2024,5,291.2667,25.6667,42.6667,15.4,952.4,5.38,14.9133,0.3574,2.5533,9.28,0.2543,2.8,5.6333,0.5069,0.4369,1.0533,1.2867,0.6782,0.76,2.5667,3.3133,5.02,1.9533,14.3533
Garrett Temple,SG,SG,TOR,2024,5,331.7333,35.6667,39.0667,9.5333,678.2,5.1133,13.28,0.3864,2.6,7.52,0.3432,2.5133,5.7267,0.4403,0.4835,1.8,2.2867,0.7696,1.8333,4.3867,6.22,4.0733,2.04,14.6333
Garrison Mathews,SG,SG,ATL,2024,5,268.2667,25.6667,59.1333,11.4667,1009.5333,4.9467,12.1467,0.4117,4.0333,10.4333,0.3907,0.9333,1.72,0.5337,0.5792,3.16,3.68,0.8491,0.8333,3.9267,4.7333,1.74,1.3867,17.12
Gary Harris,SG,SG,ORL,2024,5,199.9333,27.6667,51.9333,34.9333,1356.7333,5.7467,13.2533,0.4351,3.04,7.8933,0.3829,2.7,5.34,0.5206,0.5534,1.7133,2.0667,0.8306,0.92,2.7733,3.6933,3.0267,1.7467,16.2733
Gary Payton II,SG,PG/SF/SG,GSW,2024,5,348.0667,29.6667,38.0,4.6,608.0667,7.44,12.34,0.5994,1.66,4.1067,0.4118,5.78,8.2333,0.6923,0.6691,1.32,1.92,0.6855,3.0067,6.3333,9.3333,3.18,3.64,17.9
Gary Trent Jr.,SG,SF/SG,TOR,2024,5,86.2667,23.6667,67.0667,44.8,2048.1333,8.8867,20.9667,0.4243,4.2,10.8733,0.3852,4.7,10.0733,0.4655,0.5249,2.7667,3.38,0.8105,0.64,3.4933,4.1667,2.6533,2.0867,24.7467
Georges Niang,PF,PF,CLE,2024,5,168.5333,28.6667,77.3333,6.4,1576.1333,7.4267,16.7267,0.4424,4.5733,11.58,0.3962,2.78,5.1733,0.5441,0.5801,1.3067,1.4933,0.8739,0.7133,5.98,6.72,2.6,0.92,20.6867
Giannis Antetokounmpo,PF,PF,MIL,2024,5,57.6,27.6667,66.8667,66.8667,2232.4,15.72,27.3733,0.5745,1.1467,4.0533,0.2839,14.54,23.34,0.624,0.5962,10.6133,15.8733,0.6689,3.1933,13.5733,16.7533,8.6,1.5,43.2
Goga Bitadze,C,C,ORL,2024,5,328.1333,22.6667,50.4,15.0,692.8667,7.26,13.68,0.5404,0.7733,3.2133,0.2133,6.4867,10.4933,0.6185,0.566,3.14,4.84,0.6475,5.4867,8.0867,13.56,3.7733,1.4733,18.4933
Gordon Hayward,SF,SF,CHO,2024,5,180.1333,31.6667,49.4667,41.6,1463.8,8.3933,17.8733,0.4695,1.98,5.1133,0.3827,6.46,12.7867,0.5042,0.5233,3.8933,4.8333,0.8022,1.2667,5.9733,7.2467,5.98,1.46,22.6467
Gradey Dick,SG,SG,TOR,2024,1,219.0,20.0,60.0,17.0,1268.0,7.2,16.9,0.425,3.4,9.2,0.365,3.8,7.8,0.495,0.524,1.7,1.9,0.863,1.0,4.0,5.0,2.6,1.3,19.4
Grant Williams,PF,PF,DAL,2024,5,118.8,23.6667,74.8,26.2,1851.6,5.42,11.96,0.4538,2.6,6.7933,0.3788,2.8333,5.16,0.5497,0.5619,2.14,2.8,0.7652,2.0267,5.76,7.74,3.1467,1.08,15.66
Grayson Allen,SG,SG,PHO,2024,5,109.3333,26.6667,66.6,60.6,1940.2667,6.52,14.2333,0.4601,3.9,9.32,0.4209,2.62,4.9067,0.5339,0.5978,2.4867,2.8533,0.8805,1.0067,4.82,5.78,3.82,1.3467,19.4467
Greg Brown III,PF,PF/SF,DAL,2024,3,463.5,21.1667,19.8333,1.5,207.6667,5.9833,14.025,0.4271,1.0417,3.9083,0.2642,4.9083,10.1167,0.4872,0.4643,3.7167,7.85,0.4932,2.5583,7.8167,10.4083,3.2083,1.2,16.7
Gui Santos,PF,PF,GSW,2024,1,440.0,21.0,23.0,0.0,192.0,7.1,13.9,0.509,2.5,6.8,0.37,4.5,7.1,0.643,0.6,4.0,4.3,0.941,4.3,8.1,12.3,3.5,1.0,20.7
Hamidou Diallo,SG,SF/SG,WAS,2024,5,346.0,23.6667,37.2,7.2,744.2667,9.5867,18.6533,0.512,0.44,1.62,0.1771,9.14,17.0333,0.5345,0.5239,2.6267,4.2667,0.4123,7.9867,4.9533,12.9133,5.08,7.8133,22.2133
Harrison Barnes,PF,PF,SAC,2024,5,26.0667,29.6667,77.1333,77.1333,2466.6667,7.06,14.8467,0.4749,2.6,6.7733,0.3851,4.4067,8.0933,0.5518,0.5627,4.8867,5.9133,0.8221,1.4933,5.2,6.6933,2.8,1.02,21.5933
Harry Giles,C,C,BRK,2024,3,435.125,23.75,29.625,2.125,232.875,9.8,21.0625,0.465,1.2125,5.125,0.2208,8.5875,15.925,0.532,0.494,3.025,5.4,0.5815,5.15,10.3875,15.55,3.3875,1.1,23.8375
Haywood Highsmith,PF,PF/SF,MIA,2024,3,293.1667,26.1667,50.25,14.75,932.9167,5.1583,12.225,0.4244,2.5,6.9333,0.3582,2.6583,5.2917,0.5058,0.5256,0.7167,1.3833,0.5209,2.7417,5.6667,8.4417,2.2667,1.575,13.5
Henri Drell,SF,SF,CHI,2024,1,538.0,23.0,4.0,0.0,30.0,6.6,16.6,0.4,3.3,10.0,0.333,3.3,6.6,0.5,0.5,1.7,3.3,0.5,1.7,5.0,6.6,6.6,3.3,18.3
Herbert Jones,SF,PF/SF,NOP,2024,3,70.6667,24.1667,73.1667,70.9167,2201.1667,5.9667,12.35,0.4828,1.7667,4.6833,0.3701,4.2,7.7083,0.5486,0.5542,2.9667,3.5583,0.8259,1.9917,4.2333,6.1833,3.9583,2.4583,16.6667
Hunter Tyson,PF,PF,DEN,2024,1,521.0,23.0,18.0,0.0,48.0,8.3,20.7,0.4,4.1,14.5,0.286,4.1,6.2,0.667,0.5,0.0,0.0,0.0,1.0,8.3,9.3,2.1,1.0,20.7
Ibou Badji,C,C,POR,2024,1,428.0,21.0,22.0,1.0,226.0,3.1,4.8,0.636,0.0,0.0,0.0,3.1,4.8,0.636,0.636,1.3,2.6,0.5,4.4,6.8,11.1,2.8,0.7,7.4
Immanuel Quickley,SG,PG/SG,NYK,2024,4,106.6429,22.8571,73.2857,20.6429,1942.3571,8.95,21.1571,0.4234,3.9857,10.6643,0.3765,4.9643,10.5214,0.4704,0.5181,5.0214,5.8643,0.8547,0.8214,5.7571,6.5786,6.9714,1.4071,26.95
Isaac Okoro,SF,SF/SG,CLE,2024,4,117.2857,21.8571,70.2857,50.7857,1880.8571,5.6,11.7071,0.479,1.8286,5.0429,0.3598,3.7714,6.6571,0.5704,0.5569,2.5571,3.5214,0.7271,1.7,3.6071,5.3214,3.0714,1.5214,15.5643
Isaiah Hartenstein,C,C,NYK,2024,5,205.2,23.6667,68.1333,18.8667,1401.0667,6.94,11.6067,0.5997,0.2,0.6933,0.3064,6.76,10.9133,0.6187,0.6078,2.9067,4.2133,0.6854,5.9067,9.8467,15.74,4.6333,1.9267,17.0
Isaiah Jackson,C,C,IND,2024,3,305.75,21.1667,54.5833,9.0,803.8333,9.3167,15.4417,0.6055,0.1583,0.6333,0.1259,9.1583,14.7667,0.6221,0.6095,4.6583,6.8167,0.6858,5.4667,8.2583,13.725,2.2833,1.9167,23.375
Isaiah Joe,SG,SG,OKC,2024,4,257.7857,22.8571,66.3571,3.5714,1099.8571,6.7643,16.1857,0.4161,4.8143,12.2857,0.3894,1.95,3.9,0.4952,0.5634,2.1786,2.5429,0.8507,0.8714,4.6,5.4857,3.0143,1.4429,20.5143
Isaiah Livers,PF,PF/SF,DET,2024,3,329.6667,24.1667,31.6667,11.0833,690.8333,4.6417,11.7,0.3968,2.8083,8.075,0.3463,1.8333,3.625,0.5073,0.5165,1.3083,1.7333,0.7658,1.4667,4.3,5.8,2.325,1.3333,13.3917
Isaiah Mobley,PF,PF,CLE,2024,2,487.5556,23.5556,10.8889,0.0,77.3333,7.0333,16.5889,0.4223,1.9667,5.9667,0.3333,5.0667,10.6222,0.4778,0.4803,1.0667,1.4556,0.4444,2.2333,6.9333,9.1222,3.0778,1.8444,17.0
Isaiah Stewart,PF,C/PF,DET,2024,4,174.5714,20.8571,55.6429,46.7143,1509.2143,6.6857,13.7214,0.4885,1.6643,4.6643,0.3476,5.0214,9.0357,0.5581,0.5486,2.6143,3.5357,0.7331,4.0857,9.2786,13.3643,2.3357,0.7286,17.5857
Isaiah Thomas,PG,PG,PHO,2024,4,479.8182,32.5455,12.9091,3.6364,192.2727,8.5818,25.1182,0.3434,4.3091,11.0091,0.4022,4.2455,14.1182,0.312,0.4303,1.5182,1.7455,0.4867,0.4,1.7909,2.1818,6.4182,0.5182,23.0455
Isaiah Wong,SG,SG,IND,2024,1,566.0,23.0,1.0,0.0,4.0,11.8,35.4,0.333,0.0,11.8,0.0,11.8,23.6,0.5,0.333,0.0,0.0,0.0,0.0,0.0,0.0,0.0,0.0,23.6
Ish Smith,PG,PG,CHO,2024,5,299.0667,33.6667,49.2,3.5333,820.6667,6.1667,14.6867,0.4189,0.6,1.76,0.3592,5.5333,12.9267,0.4291,0.4379,0.4667,0.7933,0.6332,0.8133,5.2133,6.06,10.36,1.3467,13.46
Ish Wainright,SF,PF/SF,POR,2024,3,407.9167,28.1667,35.8333,0.6667,420.5833,5.2083,15.4667,0.3435,3.9583,11.6667,0.336,1.1917,3.8,0.2889,0.4693,1.3583,1.6333,0.8421,2.7,6.1917,8.8917,1.7667,2.675,15.7167
Ivica Zubac,C,C,LAC,2024,5,117.0667,24.6667,72.5333,67.2,1850.0,8.3267,13.0067,0.6384,0.0,0.02,1.6733,9.3067,10.4985,0.6399,1.3935,4.14,4.2187,1.7219,6.7133,12.6333,14.36,2.0867,0.92,41.5133
Izaiah Brockington,PG,PG,NOP,2024,1,567.0,24.0,1.0,0.0,3.0,32.7,81.7,0.4,0.0,16.3,0.0,32.7,65.4,0.5,0.4,0.0,0.0,0.0,16.3,16.3,32.7,0.0,0.0,65.4
JD Davison,SG,SG,BOS,2024,2,512.3333,20.5556,9.7778,0.0,51.0,6.1222,14.6667,0.4188,2.7778,7.2556,0.3654,3.3444,7.4556,0.4444,0.5118,2.4222,3.5,0.6389,2.0556,7.9222,9.9889,10.6556,1.3889,17.5
JT Thor,PF,PF,CHO,2024,3,325.0,20.1667,57.5,3.9167,713.9167,4.7917,11.2583,0.4241,1.7083,5.35,0.3146,3.0833,5.8083,0.5266,0.4995,1.375,2.2333,0.6132,2.225,6.0833,8.3083,2.225,1.0333,12.625
Ja Morant,PG,PG,MEM,2024,5,196.5333,22.6667,43.5333,43.0,1415.2667,12.7267,26.9333,0.4715,2.08,6.86,0.3051,10.6467,20.0733,0.5308,0.5099,7.8933,10.2133,0.7715,1.36,6.36,7.7,11.0467,1.3933,35.3867
JaVale McGee,C,C,SAC,2024,5,345.9333,34.6667,52.0,10.0667,607.8,11.06,18.32,0.6064,0.1933,0.8467,0.2598,10.8667,17.4733,0.6233,0.6118,3.5533,5.74,0.6191,5.56,11.94,17.5267,2.02,1.2933,25.8667
Jabari Smith Jr.,PF,PF,HOU,2024,2,31.6667,19.5556,77.3333,77.3333,2436.0,7.4222,17.1,0.4336,2.6222,7.6444,0.3381,4.8,9.4556,0.5109,0.5094,3.0889,3.8778,0.7999,2.6222,9.1889,11.8556,2.2222,0.9556,20.5
Jabari Walker,PF,PF,POR,2024,2,242.0,20.5556,64.8889,12.7778,1219.5556,6.6667,15.1556,0.4418,1.2444,4.1778,0.291,5.4667,10.9222,0.4998,0.4822,3.2556,4.3333,0.7549,4.1333,8.6667,12.8,2.3667,1.0222,17.8333
Jack White,SF,SF,MEM,2024,2,497.5556,25.5556,9.7778,0.0,64.8889,3.4556,13.0444,0.2566,1.8111,7.2,0.2591,1.6444,5.8444,0.2222,0.3267,0.6667,0.9778,0.2964,3.6778,7.0333,10.7111,1.7778,2.7,9.4889
Jacob Gilyard,PG,PG,MEM,2024,2,401.2222,24.5556,23.2222,7.7778,406.5556,2.8667,7.3889,0.3702,2.5333,6.4444,0.373,0.3333,0.9444,0.2083,0.5389,0.0556,0.0556,0.5556,0.3333,3.4889,3.8222,8.9333,2.8333,8.2778
Jacob Toppin,SF,SF,NYK,2024,1,533.0,23.0,9.0,0.0,38.0,6.6,11.9,0.556,1.3,5.3,0.25,5.3,6.6,0.8,0.611,2.7,2.7,1.0,4.0,5.3,9.3,4.0,0.0,17.3
Jaden Hardy,SG,SG,DAL,2024,2,295.2222,20.5556,61.8889,6.1111,864.1111,9.8556,23.2889,0.4208,4.1222,10.9444,0.3807,5.6333,12.4,0.4568,0.5102,3.6556,4.5,0.7969,0.9111,5.4444,6.3111,4.9889,1.1444,27.3889
Jaden Ivey,SG,SG,DET,2024,2,59.4444,20.5556,75.6667,66.3333,2255.6667,8.8222,20.9222,0.4232,2.6111,7.7333,0.3391,6.2667,13.1889,0.4726,0.4853,5.2111,7.0,0.7481,1.7222,4.1667,5.8778,7.1556,1.2444,25.5222
Jaden McDaniels,SF,PF/SF,MIN,2024,4,84.9286,21.8571,72.2857,58.4286,2044.2857,6.8214,14.05,0.4848,2.0929,5.9571,0.354,4.7429,8.1286,0.5812,0.5596,1.5,2.0857,0.7259,1.6357,4.6143,6.3,2.45,1.4214,17.2643
Jaden Springer,SG,SG,PHI,2024,3,455.0,20.1667,26.25,1.5,242.4167,7.6167,14.575,0.5782,0.7833,2.8917,2.295,6.875,9.8583,0.6208,0.3513,2.5167,5.2833,2.6721,6.5833,3.3333,5.7667,7.4417,4.8333,38.1333
Jae Crowder,PF,PF/SF,MIL,2024,5,228.4667,31.6667,47.2,31.6667,1197.9333,5.5267,12.94,0.4288,3.16,8.3933,0.3769,2.3533,4.56,0.5199,0.5502,1.4867,1.92,0.7737,1.4533,6.9667,8.3867,3.3333,1.7733,15.76
Jae'Sean Tate,SF,PF/SF,HOU,2024,4,213.0,26.8571,58.7857,30.0,1294.0714,6.9214,14.2357,0.4847,1.1714,3.8786,0.2985,5.7214,10.3571,0.558,0.5269,2.4429,3.45,0.696,2.9714,6.0714,9.0429,4.4643,1.7929,17.4571
Jahmi'us Ramsey,SG,SG,TOR,2024,3,470.9,20.8,11.8,0.5,119.5,7.72,18.32,0.4227,2.26,8.29,0.2725,5.46,10.06,0.5637,0.4853,2.27,3.22,0.7665,1.42,5.38,6.83,2.97,1.92,19.93
Jaime Jaquez Jr.,SF,SF,MIA,2024,1,80.0,22.0,75.0,20.0,2113.0,8.1,16.5,0.489,1.5,4.8,0.322,6.5,11.7,0.558,0.536,3.4,4.1,0.811,1.9,4.8,6.7,4.6,1.8,21.0
Jake LaRavia,PF,PF,MEM,2024,2,338.8889,21.5556,35.0,3.3333,631.7778,5.8667,15.0667,0.389,3.0222,8.8778,0.3391,2.8333,6.1889,0.4864,0.4943,3.4111,4.1111,0.8047,2.7,4.8333,7.5333,3.0111,1.6222,18.1111
Jakob Poeltl,C,C,TOR,2024,5,147.9333,26.6667,63.0667,57.0,1666.0,9.0333,14.2133,0.6337,0.0,0.0,0.2,9.0333,14.1867,0.634,0.6339,2.3267,4.2533,0.5393,5.7467,9.9,15.6533,4.5667,1.3667,20.3467
Jalen Brunson,PG,PG/SG,NYK,2024,5,47.3333,25.6667,72.4667,58.6667,2342.2667,11.98,24.4467,0.4918,2.88,7.1733,0.3971,9.1067,17.28,0.5308,0.5499,5.7933,6.8867,0.8316,0.8333,4.7533,5.5867,8.5333,1.24,32.58
Jalen Crutcher,PG,PG,NOP,2024,1,569.0,24.0,1.0,0.0,3.0,0.0,16.3,0.0,0.0,0.0,0.0,0.0,16.3,0.0,0.0,0.0,0.0,0.0,0.0,0.0,0.0,0.0,0.0,0.0
Jalen Duren,C,C,DET,2024,2,154.8889,19.5556,63.6667,47.1111,1729.4444,8.5556,13.6556,0.6319,0.0,0.1,0.0,8.5556,13.5556,0.6359,0.6319,3.4111,4.7667,0.7104,5.8222,12.4889,18.3556,3.2,1.0778,20.5778
Jalen Green,SG,SG,HOU,2024,3,31.4167,20.1667,76.25,76.25,2485.5833,10.125,24.0667,0.4214,3.5833,10.6917,0.3368,6.575,13.4167,0.49,0.4962,5.525,6.9417,0.7962,0.775,5.5333,6.3083,4.9583,1.1167,29.4167
Jalen Hood-Schifino,SG,SG,LAL,2024,1,473.0,20.0,21.0,0.0,109.0,4.4,19.6,0.222,0.9,6.5,0.133,3.5,13.1,0.267,0.244,5.2,8.7,0.6,0.9,4.8,5.7,3.5,1.3,14.8
Jalen Johnson,SF,PF/SF,ATL,2024,3,260.3333,21.1667,52.1667,23.6667,1164.4167,8.4417,16.5167,0.5108,1.5167,5.05,0.3017,6.9583,11.5,0.6046,0.5564,2.3583,3.4667,0.6912,1.7583,10.3583,12.1167,3.7333,1.575,20.8167
Jalen McDaniels,SF,SF,TOR,2024,5,275.0667,24.6667,56.3333,9.5333,1008.5333,6.48,15.36,0.4266,1.6667,5.8733,0.2903,4.82,9.5,0.5111,0.4829,2.6133,3.4733,0.7635,1.8533,6.6067,8.46,3.1333,1.7,17.2533
Jalen Pickett,SG,SG,DEN,2024,1,462.0,24.0,27.0,0.0,122.0,6.1,14.2,0.429,3.7,10.2,0.36,2.4,4.1,0.6,0.557,1.2,1.6,0.75,0.4,5.3,5.7,8.5,1.6,17.1
Jalen Slawson,SF,SF,SAC,2024,1,534.0,24.0,12.0,0.0,37.0,5.3,7.9,0.667,0.0,2.6,0.0,5.3,5.3,1.0,0.667,0.0,0.0,0.0,1.3,7.9,9.2,2.6,1.3,10.5
Jalen Smith,C,C/PF,IND,2024,4,279.8571,21.8571,56.0,15.7143,959.8571,9.3143,17.9571,0.5181,2.1714,6.4929,0.3361,7.1214,11.4643,0.6211,0.5793,3.3643,4.6071,0.7299,4.6071,10.0786,14.7214,2.15,0.7286,24.1714
Jalen Suggs,SG,PG/SG,ORL,2024,3,168.5833,21.1667,60.9167,48.8333,1585.8333,7.6417,18.1,0.4262,2.8083,8.3417,0.3279,4.8917,9.7167,0.5078,0.5052,3.4833,4.6167,0.7492,1.45,4.55,5.975,6.0083,2.5,21.6167
Jalen Williams,PF,PF/SG,OKC,2024,2,61.4444,21.5556,72.7778,67.0,2246.5556,10.2667,19.3222,0.5316,1.8889,4.8,0.3954,8.3778,14.5222,0.5773,0.5809,3.5889,4.4444,0.8131,1.2444,5.3,6.5,6.2,1.8778,26.0556
Jalen Wilson,PF,PF,BRK,2024,1,326.0,23.0,43.0,3.0,664.0,5.7,13.4,0.425,1.8,5.5,0.324,3.9,7.8,0.495,0.492,2.8,3.4,0.826,3.5,6.3,9.8,3.4,0.8,16.0
Jamal Cain,PF,PF,MIA,2024,2,422.2222,23.5556,22.4444,0.5556,250.5556,7.0333,14.5333,0.4882,1.8333,5.2,0.3528,5.2,9.3778,0.5559,0.5507,3.5,4.4889,0.7786,2.9889,5.7556,8.7444,2.1667,2.0778,19.4556
Jamal Murray,PG,PG,DEN,2024,4,104.9167,24.8333,59.1667,59.1667,1929.0833,11.5667,24.6917,0.4692,3.7833,9.325,0.4066,7.8083,15.3667,0.5076,0.5462,4.1167,4.8417,0.8513,1.1083,4.9917,6.075,9.05,1.5833,31.0833
Jamaree Bouyea,PG,PG,POR,2024,2,481.7778,23.5556,7.2222,0.0,84.3333,4.7,12.3,0.389,0.9,4.4222,0.2097,3.8,7.8778,0.4856,0.4306,0.3111,0.6222,0.2222,1.1444,6.1111,7.2556,4.3556,1.5222,10.6111
James Bouknight,SG,SG,CHO,2024,3,431.0833,22.1667,24.9167,0.0,281.4167,8.6417,21.925,0.3892,5.0,12.9167,0.3682,3.625,9.0167,0.4196,0.4988,1.925,2.6583,0.6484,1.3583,5.1833,6.575,3.8333,0.9583,24.2083
James Harden,PG,PG/SG,LAC,2024,5,53.7333,32.6667,62.8667,62.7333,2256.5333,8.46,19.4867,0.434,3.6733,10.0533,0.3676,4.7933,9.48,0.5037,0.5295,7.8133,8.9733,0.8717,0.9133,7.7,8.6133,13.14,1.6333,28.4733
James Johnson,PF,PF,IND,2024,5,393.0667,34.6667,29.1333,3.9333,477.4,5.32,12.8,0.4049,0.7733,3.7533,0.1661,4.5533,9.0467,0.4949,0.4323,1.6667,2.4333,0.6941,1.4,5.7467,7.14,5.8933,2.86,13.06
James Wiseman,C,C,DET,2024,3,271.4545,21.0909,52.0909,15.6364,963.1818,9.4909,16.6909,0.5759,0.2,0.8273,0.1302,9.3091,15.8909,0.5899,0.5806,3.3818,4.8818,0.69,4.2455,10.2182,14.4182,1.9818,0.4818,22.6273
Jarace Walker,PF,PF,IND,2024,1,400.0,20.0,33.0,0.0,340.0,6.2,15.3,0.409,3.1,7.6,0.4,3.2,7.6,0.418,0.509,1.1,1.2,0.889,1.7,7.1,8.7,5.6,2.1,16.7
Jared Butler,SG,PG/SG,WAS,2024,3,406.0,22.1667,29.1667,0.5833,351.5,8.575,18.6583,0.4607,3.2167,8.5583,0.3745,5.3,10.1,0.5298,0.5448,1.4583,1.8,0.5307,0.6667,3.675,4.3833,8.1167,2.6083,21.75
Jared Rhoden,SG,SG,DET,2024,2,428.1111,23.5556,15.6667,0.0,224.1111,5.4778,12.0222,0.4493,1.8667,5.5667,0.3261,3.5667,6.4556,0.5556,0.5252,1.2222,1.5556,0.7917,1.5333,6.1222,7.6556,1.9444,0.7778,13.9444
Jaren Jackson Jr.,C,C/PF,MEM,2024,5,143.8667,22.6667,59.6667,58.7333,1752.2667,10.8533,23.9133,0.4537,2.9067,8.7867,0.3291,7.96,15.1133,0.5281,0.5145,6.72,8.32,0.8049,2.5133,7.4067,9.8867,2.4133,1.7467,31.2467
Jarred Vanderbilt,PF,PF,LAL,2024,5,231.7333,22.6667,54.5333,36.7333,1225.6667,5.5,9.8333,0.5587,0.44,1.5267,0.2398,5.0667,8.36,0.607,0.5797,2.2067,3.26,0.679,4.2267,9.28,13.5533,3.2667,2.6,13.6467
Jarrett Allen,C,C,CLE,2024,5,70.1333,23.6667,68.0667,65.2667,2139.8,9.5333,14.78,0.6441,0.0267,0.2267,0.0888,9.5067,14.54,0.6524,0.6454,4.4867,6.22,0.7203,5.0867,11.0933,16.14,3.1533,1.1,23.5533
Jason Preston,PG,PG,UTA,2024,2,480.6667,23.5556,10.1111,0.0,94.5556,5.4333,14.3667,0.3707,0.8889,4.2667,0.1236,4.5444,10.1,0.4594,0.3978,0.0,0.3556,0.0,2.6333,7.6778,10.3111,10.8111,1.1333,11.7556
Javon Freeman-Liberty,PG,PG,TOR,2024,1,385.0,24.0,22.0,6.0,403.0,6.6,14.9,0.444,1.2,5.0,0.238,5.4,9.8,0.549,0.484,4.0,4.3,0.917,1.9,6.5,8.4,4.8,1.2,18.3
Javonte Green,SF,SF/SG,CHI,2024,5,348.2667,28.6667,33.2,11.3333,602.7333,7.2267,12.7133,0.5617,1.5133,4.2067,0.3561,5.7,8.5067,0.6618,0.62,2.66,3.6133,0.7453,3.26,7.32,10.6,1.78,2.3667,18.5067
Javonte Smart,PG,PG,PHI,2024,2,526.25,23.25,7.0,0.375,75.625,1.725,5.4375,0.1189,0.7125,2.4375,0.111,1.0125,3.0,0.1249,0.1436,0.45,0.5625,0.3124,0.45,1.725,2.175,1.4625,0.5625,4.6125
Jaxson Hayes,C,C,LAL,2024,5,279.0667,21.6667,62.1333,9.1333,935.1333,7.48,11.8867,0.6383,0.2333,1.2533,0.1715,7.22,10.6133,0.6876,0.6475,4.1467,5.8867,0.6934,3.7733,7.5133,11.2667,2.0067,1.5,19.34
Jay Huff,C,C,DEN,2024,3,512.0833,24.1667,11.6667,0.0,57.0833,6.3583,12.4,0.45,2.2833,7.0583,0.3054,4.075,5.375,0.6473,0.5317,3.4,3.5667,1.3293,3.6667,8.7583,8.825,3.1333,1.9333,26.9083
Jaylen Brown,SF,SF/SG,BOS,2024,5,47.4,25.6667,65.9333,65.9333,2261.8,13.12,26.84,0.4885,3.4,9.48,0.3573,9.76,17.36,0.5601,0.5519,4.88,6.6067,0.7401,1.5933,7.16,8.7533,4.8933,1.6667,34.5467
Jaylen Nowell,SG,SG,MEM,2024,5,327.9333,22.6667,40.6667,1.0667,711.4667,8.8733,20.12,0.4402,2.2267,7.88,0.2769,6.68,12.22,0.5459,0.4944,2.7067,3.38,0.7952,1.28,4.54,5.82,4.9333,1.2333,22.7067
Jaylin Williams,C,C,OKC,2024,2,283.4444,20.5556,60.1111,16.5556,904.5556,5.1889,12.2,0.4254,2.6222,6.9,0.3853,2.5667,5.3,0.4836,0.5334,1.8889,2.4667,0.7601,2.0778,10.4222,12.5,5.0111,1.5,14.8889
Jayson Tatum,PF,PF/SF,BOS,2024,5,10.6,23.6667,72.5333,72.5333,2612.7333,12.7533,27.4667,0.4631,4.22,11.4533,0.3676,8.5267,16.0267,0.5332,0.5398,7.76,9.18,0.8459,1.3467,9.7133,11.0467,6.1867,1.4667,37.4067
Jeenathan Williams,SG,SG,HOU,2024,2,458.1111,23.5556,14.4444,1.7778,128.1111,9.7556,17.1111,0.5733,0.9778,2.4333,0.3889,8.8222,14.6778,0.6098,0.6018,1.8,3.2556,0.5953,4.1889,3.1222,7.3556,3.1333,1.3667,22.1889
Jeff Dowtin Jr.,PG,PG,PHI,2024,3,450.8333,25.1667,15.5833,0.0,172.5,5.375,11.7667,0.455,1.725,4.7833,0.3296,3.625,6.9583,0.5352,0.5262,1.0083,1.375,0.7848,1.6833,4.65,6.3667,7.0083,2.1167,13.4917
Jeff Green,PF,PF,HOU,2024,5,188.4667,35.6667,68.2,21.0,1405.0667,6.8933,14.2467,0.4833,1.86,5.6067,0.3277,5.0067,8.64,0.5783,0.549,4.1,5.14,0.7949,1.44,5.0733,6.5133,2.7333,0.76,19.7533
Jerami Grant,PF,PF/SF,POR,2024,5,112.4667,27.6667,56.1333,53.0,1878.9333,9.8333,21.8933,0.4513,3.0133,7.82,0.3851,6.8267,14.0933,0.4893,0.5204,6.6133,8.02,0.8194,1.0267,4.9,5.9267,3.6667,1.18,29.3
Jeremiah Robinson-Earl,PF,C/PF,NOP,2024,3,332.8333,22.1667,42.8333,16.0833,682.25,6.3833,14.25,0.449,2.175,6.3917,0.3378,4.2417,7.8583,0.5351,0.5242,1.8667,2.3917,0.7754,3.6333,7.6083,11.2417,2.675,1.4167,16.8083
Jeremy Sochan,PF,PF,SAS,2024,2,125.6667,19.5556,66.0,64.1111,1866.3333,7.7111,17.2889,0.4447,1.3222,4.6333,0.2804,6.3333,12.6111,0.504,0.483,2.4889,3.4111,0.7386,3.0444,6.9444,9.9889,5.0444,1.3444,19.1778
Jericho Sims,C,C/PF,NYK,2024,3,333.8333,24.1667,46.3333,11.1667,653.1667,3.95,5.35,0.7271,0.0,0.0333,0.875,4.3,4.3055,0.7294,0.8216,1.4667,1.3118,1.9029,6.425,9.95,10.6667,1.6667,1.0917,39.1417
Jermaine Samuels,SF,SF,HOU,2024,1,511.0,25.0,14.0,0.0,60.0,7.3,11.3,0.643,0.0,1.6,0.0,7.3,9.7,0.75,0.643,1.6,1.6,1.0,2.4,8.1,10.5,2.4,0.8,16.2
Jerome Robinson,SG,SG,GSW,2024,3,437.25,24.75,25.875,2.25,249.25,5.8625,17.775,0.3282,1.475,8.8625,0.1793,4.425,8.9375,0.4846,0.372,3.4625,5.2125,0.6852,0.6,3.85,4.45,3.35,0.9875,16.6
Jett Howard,SF,SF,ORL,2024,1,499.0,20.0,18.0,0.0,67.0,7.4,22.2,0.333,5.2,18.5,0.28,2.2,3.7,0.6,0.45,1.5,3.0,0.5,0.7,4.4,5.2,4.4,1.5,21.4
Jevon Carter,PG,PG,CHI,2024,5,246.0667,26.6667,70.6667,11.2667,1156.9333,6.2267,15.5733,0.4002,3.68,9.9333,0.3773,2.5133,5.64,0.4431,0.5205,0.56,0.7267,0.7075,0.7933,3.98,4.8267,4.9067,1.74,16.6867
Jimmy Butler,PF,PF/SF,MIA,2024,5,90.4,32.6667,59.2667,59.2667,2000.2667,10.24,20.3467,0.5027,0.9933,2.9933,0.3269,9.22,17.3067,0.5321,0.5277,10.28,11.98,0.8573,2.8,5.8867,8.66,8.14,2.42,31.7333
Jock Landale,C,C,HOU,2024,3,307.25,27.1667,59.8333,2.8333,791.5,7.8083,15.2083,0.5143,1.1833,4.2417,0.269,6.6167,10.9667,0.6043,0.5524,3.375,4.2667,0.7913,5.575,6.4,12.0083,3.7667,1.0083,20.25
Joe Harris,SG,SF/SG,DET,2024,5,281.7333,30.6667,41.6667,24.8667,975.4667,5.9533,13.5533,0.4317,3.9667,9.6133,0.4094,1.9667,3.9067,0.4892,0.5775,0.62,0.9,0.6564,0.8,4.2533,5.0867,2.7067,0.9133,16.4867
Joe Ingles,SF,PF/SF,ORL,2024,5,207.7333,34.6667,57.6667,10.0,1283.8667,5.06,11.5333,0.437,3.5467,8.6733,0.4102,1.4933,2.8667,0.5317,0.5905,1.1333,1.38,0.8228,0.66,5.36,6.0067,7.78,1.46,14.78
Joel Embiid,C,C,PHI,2024,5,119.9333,27.6667,54.4,54.4,1816.5333,15.4333,29.52,0.5225,1.8,4.9733,0.3639,13.6267,24.54,0.5543,0.5534,14.3133,16.76,0.854,3.26,12.9467,16.1867,6.46,1.5733,47.02
John Collins,PF,PF,UTA,2024,5,115.0667,24.6667,63.5333,62.6667,1871.5333,9.8267,18.4267,0.531,1.9667,5.5133,0.3543,7.8867,12.94,0.6091,0.5839,3.76,4.6933,0.8021,3.0067,9.6933,12.7133,2.1733,0.9667,25.3933
John Konchar,SF,SF/SG,MEM,2024,5,244.7333,25.6667,58.9333,15.2,1136.5333,4.58,9.7267,0.4689,1.7333,4.9,0.362,2.8467,4.8067,0.5816,0.5589,1.04,1.3533,0.7421,2.8667,7.9733,10.8667,4.0867,2.1333,11.9067
Johnny Davis,SG,SG,WAS,2024,2,355.7778,20.5556,40.2222,5.5556,528.5556,5.9889,15.2556,0.3954,1.5,5.3222,0.3024,4.5444,9.9889,0.4494,0.4427,1.3222,2.3778,0.5546,1.3111,5.0778,6.3889,2.7556,1.3111,14.8
Johnny Juzang,SG,SG,UTA,2024,2,406.3333,21.5556,19.1111,2.7778,309.7778,6.8667,17.4556,0.4076,3.7111,11.3333,0.3369,3.2111,6.1222,0.5369,0.5201,0.9,1.3556,0.6189,1.2111,4.9556,6.1667,2.3778,0.6333,18.3444
Jonas Valančiūnas,C,C,NOP,2024,5,97.4,29.6667,76.1333,76.0,1971.4667,10.9,19.54,0.5589,0.9333,2.82,0.3405,9.96,16.7667,0.5957,0.583,4.4533,5.5533,0.7983,5.3133,13.9333,19.2733,3.8467,0.7667,27.2333
Jonathan Isaac,PF,PF,ORL,2024,3,349.1,25.2,36.8,4.2,604.6,8.16,17.68,0.468,2.23,5.84,0.3815,5.9,11.8,0.5195,0.5326,2.66,3.98,0.6603,4.61,10.43,15.08,1.96,3.61,21.22
Jonathan Kuminga,PF,PF/SF,GSW,2024,3,172.6667,20.1667,70.6667,27.5,1573.0,10.0667,19.2417,0.5237,1.6667,4.8667,0.3411,8.425,14.375,0.587,0.5681,4.6167,6.6,0.6992,2.3083,6.3917,8.6667,3.7167,1.375,26.525
Jontay Porter,PF,PF,TOR,2024,2,427.5714,23.1429,21.7143,3.5714,272.5714,5.8857,13.8,0.4273,2.7,7.7429,0.345,3.1857,5.9857,0.529,0.5244,2.2,2.9714,0.7664,3.5,7.9,11.4,5.9714,2.7,16.5714
Jordan Clarkson,SG,SG,UTA,2024,5,114.0,29.6667,64.2,23.0667,1875.0667,10.7,25.04,0.4268,3.7667,11.58,0.3225,6.9467,13.44,0.5153,0.5013,4.3667,5.14,0.8521,1.4867,4.4867,5.96,6.1267,1.1467,29.4933
Jordan Ford,PG,PG,SAC,2024,1,547.0,25.0,6.0,0.0,22.0,8.8,15.5,0.571,4.4,6.6,0.667,4.4,8.8,0.5,0.714,4.4,4.4,1.0,0.0,4.4,4.4,4.4,0.0,26.5
Jordan Goodwin,PG,PG/SG,PHO,2024,3,334.3333,24.1667,44.9167,7.3333,809.75,5.0417,18.7167,0.3031,1.3583,6.4917,0.2315,3.6833,12.225,0.3416,0.3437,1.6,2.125,0.5668,4.5917,7.3833,7.875,5.4667,1.7833,13.05
Jordan Hawkins,SG,SG,NOP,2024,1,236.0,21.0,67.0,10.0,1160.0,7.4,19.3,0.382,4.6,12.6,0.366,2.7,6.7,0.411,0.501,2.8,3.4,0.838,1.2,5.0,6.3,3.0,0.8,22.1
Jordan McLaughlin,PG,PG,MIN,2024,5,317.3333,25.6667,51.3333,1.0,734.2667,5.02,11.18,0.4489,2.2133,5.7133,0.3764,2.8267,5.4867,0.5174,0.5472,1.24,1.64,0.7595,1.1867,3.88,5.0267,9.52,2.6467,13.5267
Jordan Miller,SF,SF,LAC,2024,1,539.0,24.0,8.0,0.0,28.0,8.8,15.9,0.556,1.8,3.5,0.5,7.1,12.3,0.571,0.611,3.5,3.5,1.0,5.3,3.5,8.8,0.0,0.0,22.9
Jordan Nwora,SF,SF,IND,2024,4,289.2857,23.8571,53.8571,7.4286,886.7857,8.6714,19.6071,0.4415,3.4143,9.0571,0.3757,5.2286,10.5429,0.4961,0.5284,2.6357,3.2357,0.8104,1.7857,7.8071,9.6,3.1857,1.5286,23.3571
Jordan Poole,SG,PG/SG,WAS,2024,5,78.5333,22.6667,73.6667,45.5333,2110.7333,9.8267,23.2067,0.4217,4.0267,11.88,0.3365,5.8,11.3,0.5125,0.5087,5.0733,5.8,0.8801,0.6133,3.9133,4.5467,6.42,1.3933,28.7267
Jordan Walsh,SF,SF,BOS,2024,1,487.0,19.0,9.0,1.0,83.0,3.6,8.9,0.4,1.2,5.4,0.222,2.4,3.6,0.667,0.467,0.6,1.2,0.5,3.0,8.9,11.9,3.0,3.0,8.9
Jose Alvarado,PG,PG,NOP,2024,3,256.3333,24.1667,57.1667,3.5833,1073.5,7.25,17.2583,0.4202,3.05,8.7833,0.3418,4.2333,8.475,0.4905,0.5091,2.0333,2.8167,0.7212,1.2083,4.5417,5.75,6.8833,3.05,19.5167
Josh Giddey,SG,PF/SF/SG,OKC,2024,3,93.5,20.1667,72.1667,72.1667,2051.9167,9.625,20.725,0.4633,1.7333,5.5083,0.3145,7.9083,15.175,0.5185,0.5052,2.1,2.7917,0.7567,2.825,9.3583,12.15,9.4417,1.2417,23.0917
Josh Green,SG,SG,DAL,2024,4,227.1429,21.8571,57.4286,19.1429,1263.4286,5.9429,11.8929,0.4979,1.8071,4.9286,0.3521,4.1214,7.0286,0.5906,0.5724,1.5786,2.3286,0.6792,1.9571,4.7357,6.6929,3.6643,1.6643,15.3071
Josh Hart,SF,SF/SG,NYK,2024,5,65.8,26.6667,68.6667,40.0667,2211.8,5.9933,12.6533,0.4733,1.7267,5.2,0.3374,4.2533,7.4867,0.5675,0.5415,2.62,3.42,0.7679,2.2467,9.7733,12.02,5.56,1.5867,16.3267
Josh Minott,SF,SF,MIN,2024,2,475.6667,20.5556,24.4444,0.0,93.2222,9.0667,18.8,0.4844,1.6667,4.3333,0.3702,7.4556,14.4111,0.5147,0.528,5.3889,6.0,0.9206,2.3333,8.3444,10.6222,3.5,2.3889,25.2444
Josh Okogie,SG,SG,PHO,2024,5,258.1333,23.6667,61.0,18.6,1045.9333,4.6933,11.5467,0.4061,1.6267,5.2333,0.3055,3.0667,6.3267,0.4877,0.4756,4.02,5.4933,0.7342,3.3533,4.34,7.6867,3.1067,2.2267,15.0133
Josh Richardson,SG,SG,MIA,2024,5,181.3333,28.6667,56.2,17.0667,1447.2,7.2533,16.6267,0.4361,2.98,8.2733,0.3627,4.2533,8.34,0.5127,0.5267,2.4867,2.7933,0.8959,1.14,4.3533,5.4933,4.5733,1.5933,19.9867
Joshua Primo,SG,SF/SG,LAC,2024,3,460.4167,20.1667,14.6667,4.0,276.4167,4.825,13.9167,0.3476,1.025,5.775,0.1601,3.7667,8.1417,0.4623,0.3864,1.75,2.2583,0.4458,2.775,2.8667,5.6417,4.0333,0.4167,12.4333
Jrue Holiday,PG,PG/SG,BOS,2024,5,60.1333,31.6667,66.2,64.6667,2173.2667,9.36,19.3067,0.4853,3.0533,7.5733,0.4034,6.3333,11.7333,0.538,0.5663,2.4467,3.06,0.8111,1.7067,5.5733,7.3267,9.06,1.8333,24.2667
Juan Toscano-Anderson,SF,SF/SG,SAC,2024,5,371.5333,28.6667,40.0667,6.1333,568.8667,4.1867,10.48,0.4085,1.02,3.6533,0.2741,3.2,6.84,0.481,0.4579,0.9,1.34,0.4601,2.2867,7.9267,10.1667,4.8067,1.4533,10.3667
Jules Bernard,SG,SG,WAS,2024,1,453.0,24.0,19.0,0.0,149.0,9.1,20.1,0.453,3.5,9.1,0.379,5.6,11.0,0.514,0.539,1.6,2.8,0.556,3.1,5.0,8.2,5.0,0.9,23.2
Julian Champagnie,SF,SF,SAS,2024,2,287.1111,21.5556,48.6667,34.1111,957.7778,6.8111,15.7556,0.4284,4.0111,10.3778,0.3814,2.8,5.3778,0.5209,0.5549,2.2667,2.7778,0.819,1.4444,6.2333,7.6778,2.5,1.2889,19.9
Julian Phillips,SF,SF,CHI,2024,1,405.0,20.0,40.0,0.0,323.0,4.9,11.9,0.416,1.9,5.9,0.316,3.1,6.0,0.513,0.494,2.0,2.9,0.684,1.9,3.7,5.6,2.0,1.1,13.7
Julian Strawther,SF,SF,DEN,2024,1,351.0,21.0,50.0,0.0,545.0,7.5,20.2,0.369,3.7,12.6,0.297,3.7,7.6,0.488,0.462,2.0,2.8,0.71,0.5,5.1,5.5,4.3,1.5,20.6
Julius Randle,PF,PF,NYK,2024,5,63.4667,27.6667,64.0,64.0,2276.2667,11.4867,25.3133,0.4534,2.82,8.44,0.33,8.6733,16.84,0.5163,0.509,6.8467,8.8533,0.7704,2.6467,11.0,13.68,6.72,0.9467,32.6267
Justin Champagnie,SF,SF,WAS,2024,3,454.4167,21.1667,16.9167,0.4167,179.5,6.4417,16.6333,0.3976,2.0,7.4,0.2763,4.4417,9.275,0.5078,0.4624,1.4,1.65,0.5833,4.6667,6.7833,11.4083,4.0167,1.65,16.2417
Justin Holiday,SG,SF/SG,DEN,2024,5,211.2,32.6667,60.8667,23.8667,1299.8,5.4667,13.2667,0.4143,3.4933,9.3867,0.3719,1.9667,3.8467,0.5162,0.5458,0.68,0.86,0.7357,0.54,3.8867,4.4333,3.16,1.6733,15.0533
Justin Jackson,SF,PF/SF,MIN,2024,5,484.7333,26.6667,17.0667,0.6,182.8667,3.54,10.66,0.2158,1.94,6.5467,0.1939,1.6133,4.1067,0.2435,0.2761,1.1267,1.3133,0.5011,0.7533,4.4333,5.1867,2.3467,0.6867,10.1267
Justin Minaya,SF,SF,POR,2024,2,428.8889,23.5556,20.6667,0.5556,251.2222,3.3,10.9333,0.3001,1.6,6.4889,0.2472,1.7,4.4444,0.384,0.3744,0.3333,0.8889,0.3089,2.8778,4.8222,7.7,2.4778,1.1556,8.5222
Jusuf Nurkić,C,C,PHO,2024,5,180.5333,27.6667,55.8667,55.8667,1513.6,8.88,17.1733,0.5169,0.7867,2.5133,0.2979,8.1133,14.64,0.5538,0.5398,4.52,6.76,0.6692,4.8,13.4867,18.2867,6.0533,1.8333,23.1067
KJ Martin,SF,SF,LAC,2024,4,193.0,21.8571,68.2143,16.2857,1428.7143,7.5143,13.8214,0.5409,1.1714,3.6,0.3208,6.3143,10.25,0.6158,0.5828,2.3071,3.5857,0.6239,2.6857,6.4786,9.1643,2.8786,1.1929,18.5143
Kaiser Gates,SF,SF,NOP,2024,1,560.0,27.0,1.0,0.0,7.0,0.0,28.0,0.0,0.0,14.0,0.0,0.0,14.0,0.0,0.0,0.0,0.0,0.0,0.0,7.0,7.0,0.0,0.0,0.0
Karl-Anthony Towns,PF,C/PF,MIN,2024,5,138.6667,26.6667,52.2,52.2,1730.0667,11.5733,22.9333,0.5045,3.2333,8.12,0.3973,8.36,14.8133,0.5641,0.5745,6.5867,7.7,0.8561,2.8867,10.1733,13.08,5.6533,1.1133,32.9467
Kawhi Leonard,SF,SF,LAC,2024,4,94.9167,30.8333,59.0833,58.4167,2003.0,12.8417,25.0333,0.5139,2.9417,7.1667,0.4102,9.9417,17.8667,0.5558,0.5728,6.4917,7.3667,0.8804,1.65,7.6083,9.2583,5.9167,2.2667,35.125
Keegan Murray,SF,SF,SAC,2024,2,29.6667,22.5556,78.3333,77.4444,2496.4444,7.7667,17.1444,0.4536,3.7111,9.8222,0.3816,4.0556,7.3222,0.5453,0.564,1.5889,1.9889,0.8017,1.9111,5.8111,7.7222,2.2222,1.3667,20.9333
Keita Bates-Diop,SF,PF/SF,PHO,2024,5,293.9333,26.6667,54.2667,16.6667,882.3333,6.3867,13.4867,0.4717,1.4333,4.3733,0.3294,4.9867,9.1133,0.5385,0.5249,2.9,3.8333,0.7532,2.2933,6.7133,9.0067,2.7067,1.6533,17.08
Keldon Johnson,SF,SF,SAS,2024,5,97.3333,22.6667,65.1333,49.6,1990.3333,9.6467,20.82,0.4687,2.8067,7.7467,0.3662,6.88,13.04,0.5297,0.5354,4.4333,5.7467,0.7666,1.8133,6.8733,8.68,3.82,1.2133,26.4933
Kelly Olynyk,C,C,UTA,2024,5,165.2,30.6667,65.9333,36.2,1609.9333,7.54,15.1067,0.503,2.32,6.2867,0.3739,5.2133,8.86,0.5913,0.5795,4.2333,5.12,0.828,2.6067,8.52,11.1267,7.1867,1.8333,21.6133
Kelly Oubre Jr.,SF,SF,PHI,2024,5,115.8,26.6667,61.7333,40.9333,1851.4,9.76,22.24,0.4386,3.1067,9.5867,0.3233,6.6,12.64,0.5272,0.5082,4.0733,5.5267,0.7307,2.0933,5.9667,8.04,2.06,1.8467,26.6533
Kendall Brown,SG,SG,IND,2024,2,506.1111,19.5556,11.0,0.0,52.7778,5.4222,9.9111,0.5499,0.0,1.3667,0.0,5.4222,8.5444,0.6381,0.5499,2.5889,4.4,0.5694,2.2889,2.9222,5.2111,3.6556,2.0889,13.4778
Kenneth Lofton Jr.,PF,PF,MEM,2024,2,437.4444,20.5556,22.3333,0.4444,188.7778,10.7556,21.7667,0.4909,1.6556,5.3222,0.3191,9.1,16.4444,0.5499,0.5296,4.2444,6.8,0.6269,3.8778,7.3778,11.3,6.9,1.4111,27.4
Kenrich Williams,PF,PF/SF,OKC,2024,5,238.0,27.6667,58.3333,5.9333,1124.6,6.4067,13.2467,0.4803,2.1,5.5933,0.376,4.3267,7.6533,0.5597,0.5599,0.76,1.5067,0.4911,3.22,6.6933,9.9133,4.4,1.82,15.66
Kentavious Caldwell-Pope,SG,SG,DEN,2024,5,47.8667,28.6667,74.5333,71.6667,2272.4667,6.18,13.6533,0.4521,2.8733,7.06,0.4065,3.3067,6.62,0.5006,0.557,2.3133,2.6933,0.8629,0.7267,3.64,4.38,3.5267,1.9533,17.48
Keon Ellis,SG,SG,SAC,2024,2,365.8889,23.5556,38.7778,11.6667,574.8889,5.0333,11.1889,0.4508,3.7222,8.2111,0.4539,1.3111,2.9778,0.4322,0.6178,1.9222,3.0333,0.6666,2.0889,3.7556,5.8444,4.1111,2.9,15.7556
Keon Johnson,SG,SG,BRK,2024,3,424.3333,20.1667,24.6667,3.0,338.3333,6.9833,18.7917,0.3723,3.0333,8.2917,0.367,3.9417,10.5333,0.3757,0.4538,5.5,6.5417,0.8028,1.8583,3.6333,5.5333,4.625,2.2333,22.5417
Kessler Edwards,SF,SF,SAC,2024,3,374.3333,22.1667,46.5,7.0833,489.6667,5.35,13.1833,0.4049,2.7583,7.8083,0.3517,2.5917,5.375,0.4795,0.5086,1.0417,1.525,0.6865,2.1833,5.5583,7.7167,2.425,1.6667,14.475
Kevin Durant,PF,PF,PHO,2024,4,98.7143,33.8571,57.0,56.5714,2078.4286,13.5714,25.4071,0.5345,2.8857,7.1,0.4093,10.6857,18.3214,0.5829,0.5919,7.9643,8.9357,0.8893,0.6143,8.6071,9.2357,7.2643,1.0929,38.0286
Kevin Huerter,SG,SF/SG,SAC,2024,5,100.8667,23.6667,69.0667,61.4,1946.5333,7.9533,17.56,0.4529,3.84,10.1067,0.3791,4.16,7.4333,0.5556,0.5618,1.36,1.8,0.7696,0.96,5.0733,6.0467,5.0533,1.5067,21.1533
Kevin Knox,SF,SF,DET,2024,5,341.4667,22.6667,43.0667,5.2667,624.5333,7.1267,16.8067,0.4253,3.1467,9.4867,0.3329,3.9867,7.32,0.5394,0.5187,2.3133,3.0133,0.8031,1.8,6.0867,7.8867,1.9933,1.1067,19.7267
Kevin Love,PF,C/PF,MIA,2024,5,234.2,33.6667,56.7333,14.8667,1173.2667,8.2667,19.58,0.4209,4.5533,12.8,0.3557,3.7,6.78,0.5502,0.5375,4.1667,5.0333,0.8311,2.5,14.0733,16.54,5.2733,0.8867,25.2667
Kevon Harris,SG,SG,ORL,2024,2,479.7778,25.5556,16.2222,0.0,206.4444,11.3889,18.8,0.5657,0.7556,2.0,0.1653,10.6333,16.8,0.5857,0.599,1.4667,1.9111,0.336,1.3333,11.1222,12.4556,5.3667,0.8,24.9556
Kevon Looney,C,C,GSW,2024,5,189.0667,25.6667,72.4,51.4667,1439.1333,5.5333,9.68,0.5787,0.04,0.2667,0.0361,5.4933,9.3933,0.5886,0.5805,2.08,3.22,0.6427,5.84,10.6,16.4467,4.94,1.2467,13.1533
Keyontae Johnson,SF,SF,OKC,2024,1,501.0,23.0,9.0,0.0,66.0,3.6,11.7,0.313,0.7,2.2,0.333,2.9,9.5,0.308,0.344,0.0,0.0,0.0,2.9,4.4,7.3,2.9,0.7,8.0
Keyonte George,PG,PG,UTA,2024,1,102.0,20.0,75.0,44.0,2023.0,7.6,19.4,0.391,3.5,10.5,0.334,4.1,8.9,0.459,0.482,4.5,5.3,0.848,0.4,4.7,5.0,7.9,0.9,23.2
Khris Middleton,SF,SF,MIL,2024,5,167.1333,30.6667,53.5333,49.6,1563.5333,10.4333,22.48,0.4658,3.1733,8.7867,0.3685,7.2333,13.7067,0.5282,0.5373,4.62,5.2533,0.877,1.2867,7.0667,8.3267,8.78,1.5333,28.7267
Killian Hayes,PG,PG,DET,2024,4,197.2143,20.8571,54.5714,38.2143,1424.0714,5.8286,15.0643,0.3877,1.4,4.8857,0.2821,4.4286,10.1786,0.4384,0.4331,1.6786,2.2143,0.753,0.6429,4.8571,5.5214,9.7286,2.0429,14.7
Kira Lewis Jr.,PG,PG,NOP,2024,4,400.0,20.8571,30.0,0.0,364.0,7.3643,18.2857,0.4039,1.8429,6.8929,0.2648,5.5714,11.3929,0.4851,0.4537,2.85,3.3571,0.8494,1.2571,4.1286,5.4,6.2357,1.8357,19.5071
Klay Thompson,SF,SF/SG,GSW,2024,3,115.0,32.1667,63.0833,57.25,1946.5833,11.275,26.0583,0.4326,5.9167,14.9833,0.3948,5.3583,11.075,0.4855,0.5472,2.525,2.7583,0.9048,0.7583,5.0417,5.8417,3.825,0.9917,31.0083
Kobe Brown,PF,PF,LAC,2024,1,388.0,24.0,44.0,0.0,394.0,4.6,11.3,0.411,1.8,6.0,0.292,2.9,5.3,0.548,0.489,0.1,0.3,0.5,2.5,5.3,7.8,3.1,1.5,11.2
Kobe Bufkin,SG,SG,ATL,2024,1,438.0,20.0,17.0,0.0,196.0,8.3,22.5,0.37,2.2,9.8,0.225,6.1,12.7,0.481,0.418,1.0,2.0,0.5,1.5,6.6,8.1,6.6,1.7,19.8
Kobi Simmons,PG,PG/SG,TOR,2024,2,508.0,25.5556,4.4444,0.0,49.6667,4.3667,12.9222,0.3126,1.5333,7.0,0.2278,2.7778,5.9778,0.2989,0.3756,1.5111,1.5111,0.4444,1.1444,4.6556,5.8,8.5556,2.3889,11.7778
Kris Dunn,PG,PG,UTA,2024,5,333.0667,27.6667,34.6,14.2,725.6,6.3267,14.46,0.4267,1.0,3.1333,0.2843,5.3,11.3,0.4653,0.4627,2.2133,2.84,0.7739,1.1667,6.3067,7.4467,9.0733,2.6333,15.8667
Kris Murray,SF,SF,POR,2024,1,208.0,23.0,62.0,29.0,1348.0,5.3,13.4,0.396,1.8,6.7,0.268,3.5,6.7,0.525,0.463,1.4,2.1,0.661,3.1,5.1,8.2,2.9,1.9,13.8
Kristaps Porziņģis,C,C/PF,BOS,2024,5,142.7333,26.6667,56.0667,56.0667,1722.7333,11.56,23.7933,0.4885,3.1467,8.7467,0.3633,8.4133,15.0467,0.5612,0.5555,7.36,8.6133,0.8536,2.8867,10.0133,12.9667,3.5133,1.1733,33.7
Kyle Anderson,PF,PF/SF,MIN,2024,5,135.3333,28.6667,72.2,28.8667,1752.9333,6.2067,13.22,0.4723,0.98,2.88,0.3185,5.2467,10.34,0.5097,0.5077,2.58,3.6333,0.7085,1.74,7.5267,9.2867,7.6267,2.08,16.0067
Kyle Kuzma,PF,PF/SF,WAS,2024,5,64.7333,26.6667,66.7333,58.4667,2160.4667,10.74,23.6733,0.4523,3.18,9.38,0.3382,7.5867,14.3333,0.5285,0.5202,3.4467,4.64,0.7365,1.54,8.7933,10.3333,5.0533,0.84,28.08
Kyle Lowry,PG,PG,MIA,2024,5,128.6667,35.6667,57.2667,52.6667,1801.4,5.98,14.0133,0.4256,3.2533,8.6733,0.3743,2.7267,5.3067,0.5127,0.5427,3.2133,3.7533,0.8531,1.0067,5.3867,6.3933,8.8867,1.6533,18.36
Kyrie Irving,SG,PG/SG,DAL,2024,5,130.4667,29.6667,49.6667,49.6667,1787.8,13.28,27.12,0.4905,4.1267,10.3,0.4015,9.1667,16.82,0.5455,0.5667,5.1133,5.64,0.9104,1.1,5.4333,6.58,7.5133,1.68,35.8467
LaMelo Ball,PG,PG,CHO,2024,4,201.2143,20.8571,41.5,38.6429,1345.0714,11.3857,26.7429,0.4263,4.6786,12.65,0.3679,6.7214,14.1286,0.476,0.5124,4.8,5.7,0.8429,1.9214,6.9,8.8214,11.5214,2.3857,32.2571
Lamar Stevens,PF,PF/SF,BOS,2024,4,304.1429,24.8571,50.5,11.0,808.4286,7.5714,16.4643,0.4586,1.05,3.7,0.2811,6.4571,12.7786,0.5109,0.492,2.9214,3.9286,0.7335,2.5786,7.1429,9.7143,2.15,1.6214,19.0571
Landry Shamet,SG,SG,WAS,2024,5,257.1333,24.6667,51.4667,10.4667,1028.4667,6.82,16.9,0.4043,3.98,10.9933,0.3634,2.84,5.9133,0.4703,0.5233,2.4267,2.8933,0.8483,0.6867,3.32,4.0067,4.0467,1.3333,20.14
Larry Nance Jr.,C,C/PF,NOP,2024,5,222.7333,29.6667,55.2667,6.7333,1225.2,6.1,10.9933,0.5563,1.1,2.9733,0.3644,5.0,8.0267,0.6204,0.6048,1.82,2.5733,0.7093,3.4867,8.6067,12.0933,4.3267,2.2667,15.0667
Lauri Markkanen,PF,PF/SF,UTA,2024,5,117.4667,24.6667,58.2667,54.9333,1863.4667,10.3933,21.8667,0.4744,4.1933,10.8733,0.3854,6.2,10.96,0.5641,0.571,5.5333,6.2933,0.8717,2.4067,8.5667,11.0,2.4867,1.14,30.5467
LeBron James,PF,C/PF/PG,LAL,2024,5,75.3333,37.6667,60.0,59.7333,2127.4667,13.9267,26.88,0.5194,3.1,8.5933,0.3659,10.8,18.2533,0.5924,0.5775,5.8533,7.8267,0.7453,1.32,9.2533,10.56,10.2,1.5467,36.8067
Leaky Black,SF,SF,CHO,2024,1,418.0,24.0,26.0,3.0,284.0,4.3,9.0,0.481,1.6,3.5,0.45,2.8,5.6,0.5,0.567,1.7,2.6,0.667,1.6,6.8,8.3,4.2,1.4,12.0
Leonard Miller,SF,SF,MIN,2024,1,516.0,20.0,17.0,0.0,52.0,12.4,19.0,0.65,1.9,4.8,0.4,10.5,14.3,0.733,0.7,1.0,1.9,0.5,4.8,14.3,19.0,7.6,1.9,27.6
Lester Quiñones,SG,SG,GSW,2024,2,449.0,22.5556,22.3333,0.0,226.8889,6.1444,15.4333,0.3983,4.4778,10.6667,0.4244,1.6111,4.7667,0.2517,0.5506,6.0556,8.9778,0.6798,2.6,5.8111,8.4,4.7556,1.5444,22.8111
Lindell Wigginton,PG,PG,MIL,2024,3,504.3333,24.1667,8.3333,0.3333,82.0833,9.875,22.9417,0.4352,1.65,9.875,0.1975,8.225,13.0667,0.6101,0.481,7.6167,8.7333,0.8488,0.175,2.5917,2.7667,3.9667,0.3,28.9583
Lindy Waters III,SG,SG,OKC,2024,3,389.6667,25.1667,35.75,0.25,409.9167,7.45,17.3333,0.4288,5.8,14.7417,0.3913,1.7167,2.5917,0.6686,0.595,0.6917,0.85,0.8833,1.1167,5.8917,7.0083,3.1667,1.3083,21.3583
Lonnie Walker IV,SG,SG,BRK,2024,5,210.6667,23.6667,60.3333,15.6,1274.0667,9.14,21.46,0.4263,3.8,10.4867,0.3625,5.34,10.9733,0.4861,0.5135,2.6933,3.38,0.7965,0.56,4.7533,5.3133,3.36,1.3067,24.76
Luguentz Dort,SF,SF/SG,OKC,2024,5,103.4667,22.6667,65.6,64.8,1947.9333,7.0333,17.3067,0.4081,3.1933,9.1533,0.3513,3.8067,8.1533,0.4729,0.5027,3.6333,4.5467,0.8018,1.7267,4.5733,6.2867,2.64,1.4933,20.8933
Luka Dončić,PG,PG,DAL,2024,5,30.0667,22.6667,66.8,66.8,2410.5333,14.4667,30.14,0.4807,4.4533,12.44,0.3569,10.0133,17.6733,0.5673,0.5549,9.0267,11.94,0.7565,1.18,10.9467,12.1133,12.08,1.7133,42.44
Luka Garza,C,C,MIN,2024,3,432.0833,24.1667,27.75,1.25,229.0833,12.2583,24.8333,0.4932,2.9,9.475,0.3185,9.3167,15.3583,0.6012,0.5518,6.9083,9.5333,0.7184,7.2,5.3333,12.475,2.4583,1.1417,34.3333
Luka Šamanić,PF,PF,UTA,2024,4,416.25,22.8333,26.0,5.0,277.3333,7.2167,17.5833,0.4111,2.0333,8.0333,0.2483,5.1833,9.5333,0.554,0.4688,3.775,5.1917,0.7127,1.5833,9.0833,10.6667,3.3583,1.0667,20.15
Luke Kennard,SG,SG,MEM,2024,5,209.6,25.6667,53.0,17.6,1293.2,7.1933,15.5533,0.4633,4.8133,10.52,0.4576,2.4,5.0667,0.4679,0.619,1.7733,1.9333,0.9,0.54,5.24,5.7533,4.82,1.0333,20.98
Luke Kornet,C,C,BOS,2024,5,346.6667,26.6667,48.9333,3.5333,646.3333,6.7667,11.7,0.5943,0.5467,2.4533,0.4479,6.2533,9.2933,0.6729,0.6127,1.8867,2.3867,0.7689,5.0067,7.0667,12.0733,3.4867,1.0067,15.92
Malachi Flynn,PG,PG,TOR,2024,4,316.0,23.8571,55.9286,3.6429,757.9286,6.8286,17.5071,0.3898,3.0786,9.0929,0.3363,3.7786,8.45,0.4455,0.4774,2.1786,2.9643,0.7268,1.0071,4.9143,5.9143,6.4071,1.8714,18.9286
Malaki Branham,PG,PG/SG,SAS,2024,2,175.7778,19.5556,71.0,30.3333,1574.4444,8.1444,18.6556,0.4356,2.5778,7.9111,0.327,5.5667,10.7444,0.514,0.5047,1.6889,1.9889,0.8534,0.8444,4.0889,4.8889,4.2889,0.8889,20.5
Malcolm Brogdon,PG,PG,POR,2024,5,183.4667,29.6667,49.1333,26.6,1448.3333,9.9067,21.8,0.4549,3.2933,8.34,0.3916,6.6133,13.4933,0.4905,0.5301,4.5733,5.3533,0.8509,1.2533,5.9867,7.2133,8.5133,1.2133,27.6467
Malcolm Cazalon,SG,SG,DET,2024,1,568.0,22.0,1.0,0.0,3.0,0.0,0.0,0.0,0.0,0.0,0.0,0.0,0.0,0.0,0.0,0.0,0.0,0.0,0.0,0.0,0.0,0.0,0.0,0.0
Malik Beasley,SG,SG,MIL,2024,5,102.0667,25.6667,72.3333,42.2,1974.8,8.02,19.24,0.4182,5.0867,13.16,0.3873,2.96,6.1,0.4891,0.5523,1.1933,1.5,0.7743,0.7933,5.1933,6.04,2.6933,1.2667,22.2867
Malik Monk,SG,SG,SAC,2024,5,150.6667,23.6667,69.0,7.4667,1705.2,9.72,21.7067,0.4485,3.9067,10.76,0.363,5.8067,10.9467,0.532,0.5393,3.92,4.6533,0.8363,0.82,4.8733,5.6867,7.36,1.2733,27.2867
Malik Williams,C,C,TOR,2024,1,475.0,25.0,7.0,2.0,107.0,4.1,15.3,0.265,0.5,2.3,0.2,3.6,13.1,0.276,0.279,0.0,0.9,0.0,6.8,10.4,17.1,0.9,1.4,8.6
Mamadi Diakite,PF,C/PF,SAS,2024,4,482.3571,25.8571,13.2143,1.3571,119.2857,6.9857,12.8929,0.5465,0.6143,3.0929,0.113,6.3714,9.8429,0.6476,0.5684,3.9357,5.7643,0.753,2.7,7.5571,10.2143,2.5786,1.6357,18.4786
MarJon Beauchamp,SF,SF,MIL,2024,2,332.7778,22.5556,49.7778,5.4444,649.3333,6.4444,14.6556,0.4467,2.7556,7.5889,0.3693,3.6889,7.0667,0.5267,0.5398,1.6333,2.3333,0.7017,2.1,5.7,7.8,2.4556,1.1778,17.3222
Marcus Morris,PF,PF/SF,PHI,2024,5,193.1333,32.6667,56.2,38.4667,1401.1333,7.9933,18.1533,0.439,3.2533,8.22,0.3951,4.7067,9.9333,0.4747,0.5289,2.6333,3.1867,0.8198,1.1,6.5,7.5867,2.6533,1.0,21.8467
Marcus Sasser,PG,PG,DET,2024,1,207.0,23.0,71.0,11.0,1351.0,7.8,18.2,0.428,3.2,8.5,0.375,4.6,9.7,0.474,0.516,2.1,2.4,0.879,0.4,4.1,4.5,8.4,1.6,20.9
Marcus Smart,PG,PG/SG,MEM,2024,5,172.4667,27.6667,47.5333,45.8,1521.4667,6.9533,16.72,0.4157,3.04,9.2467,0.3273,3.94,7.4533,0.5259,0.5064,3.12,3.9733,0.7746,0.86,4.0467,4.9467,8.24,2.6933,20.0733
Mark Williams,C,C,CHO,2024,2,332.3333,21.5556,29.6667,18.1111,650.2222,9.3667,14.5667,0.6437,0.0,0.0,0.0,9.3667,14.5667,0.6437,0.6437,4.2333,5.9333,0.7066,6.4667,11.2111,17.7222,1.6111,1.6,22.9222
Markelle Fultz,PG,PG,ORL,2024,5,276.4,23.6667,39.8,27.6667,1011.2,9.4,19.92,0.4727,0.5333,2.1333,0.2548,8.8467,17.82,0.4972,0.4869,2.6067,3.3133,0.7703,1.82,4.82,6.6733,9.2,2.3333,21.9067
Markieff Morris,PF,PF,DAL,2024,5,376.6667,32.6667,33.4,5.8,465.4,6.64,16.3933,0.4001,3.1667,8.7733,0.3579,3.4667,7.6333,0.4301,0.4986,1.38,1.6067,0.8699,1.72,7.3333,9.0733,3.74,1.0933,17.8333
Markquis Nowell,SG,SG,TOR,2024,1,565.0,24.0,1.0,0.0,4.0,0.0,12.1,0.0,0.0,0.0,0.0,0.0,12.1,0.0,0.0,24.1,24.1,1.0,24.1,0.0,24.1,24.1,12.1,24.1
Marques Bolden,C,C,MIL,2024,3,487.75,23.75,8.5,1.25,83.25,4.7375,7.65,0.5083,0.0,0.25,0.0,4.7375,7.4,0.5258,0.5083,2.875,4.4,0.625,3.8375,11.45,15.2875,1.0,3.625,12.4125
Marvin Bagley III,C,C/PF,DET,2024,5,259.4667,22.6667,44.0667,26.0,1014.7333,10.32,19.3267,0.5355,0.8267,2.8467,0.3124,9.46,16.4467,0.5765,0.5569,3.74,5.2467,0.717,4.9333,8.8733,13.8133,1.9667,0.9,25.1667
Mason Jones,SG,SG,SAC,2024,3,506.3,23.8,10.1,0.2,96.1,5.21,14.68,0.3497,2.7,9.07,0.2908,2.48,5.56,0.2617,0.4415,5.38,7.8,0.615,1.32,7.36,8.73,6.69,1.62,18.43
Mason Plumlee,C,C,LAC,2024,5,193.6,31.6667,62.5333,41.8,1401.3333,6.8667,11.0333,0.6221,0.0,0.1933,0.0,6.8667,10.82,0.6328,0.6221,4.04,6.5133,0.6085,4.7533,11.5533,16.32,5.4133,1.2333,17.7533
Matisse Thybulle,SF,SF/SG,POR,2024,5,190.9333,24.6667,66.8,25.8,1411.5333,4.2667,9.92,0.4325,2.1,6.1533,0.3392,2.1667,3.8,0.5683,0.5371,0.7467,1.08,0.6921,1.26,3.5267,4.8,2.5333,3.6067,11.4067
Matt Ryan,SF,SF,NOP,2024,3,446.3333,25.1667,23.25,0.4167,267.0833,7.0917,23.8417,0.3542,6.275,21.475,0.3649,0.8167,2.4,0.3377,0.4292,1.1667,1.35,0.6648,0.5333,2.925,5.8917,1.7583,0.6,37.6917
Matthew Hurt,PF,PF,MEM,2024,1,472.0,23.0,8.0,0.0,113.0,5.2,14.7,0.353,2.2,8.7,0.25,3.0,6.1,0.5,0.426,1.3,1.3,1.0,3.9,3.0,6.9,1.7,1.3,13.8
Max Christie,SG,SG,LAL,2024,2,316.1111,19.5556,55.4444,5.2222,752.0,4.7111,11.0778,0.4217,2.2333,5.8111,0.384,2.4778,5.2667,0.4573,0.5252,1.5778,1.9444,0.8239,0.7111,6.3556,7.0667,2.5111,0.9111,13.1889
Max Strus,SF,SF,CLE,2024,5,152.4667,25.6667,63.6,35.3333,1737.6,7.8667,17.5867,0.442,4.1733,12.0867,0.3374,3.6933,5.5067,0.6287,0.5636,2.0267,2.4267,0.8123,1.5533,4.8133,6.3667,3.98,1.0333,21.9733
Maxi Kleber,C,C/PF,DAL,2024,5,237.4667,30.6667,47.6,14.6,1133.1333,4.22,9.7467,0.4322,2.3667,6.6667,0.3533,1.8467,3.12,0.5881,0.5516,1.6,2.2067,0.7443,1.8933,7.0133,8.9133,2.9467,0.82,12.3867
Maxwell Lewis,SF,SF,LAL,2024,1,477.0,21.0,34.0,0.0,103.0,1.8,9.7,0.19,0.5,4.2,0.111,1.4,5.5,0.25,0.214,0.9,1.4,0.667,0.9,0.9,1.8,2.8,0.9,5.1
Micah Potter,PF,C/PF,UTA,2024,3,485.5833,24.1667,9.75,0.0,102.5833,7.0833,13.2583,0.534,2.1917,5.1583,0.3691,4.8917,8.025,0.6082,0.6254,1.4417,1.65,0.5625,3.5917,9.525,13.1167,1.9,1.1167,17.7667
Michael Porter Jr.,SF,SF,DEN,2024,5,160.2,23.6667,57.1333,53.0667,1702.6,9.8533,20.92,0.4692,3.9867,10.5067,0.3718,5.8867,10.4,0.5656,0.5629,2.0533,2.6467,0.7642,2.02,8.76,10.7733,2.3067,1.1467,25.74
Mikal Bridges,SF,SF,BRK,2024,5,6.0667,25.6667,80.3333,77.6,2761.4667,8.8133,18.6,0.4833,2.8733,7.62,0.3804,5.94,10.9667,0.5529,0.5611,3.7933,4.46,0.8451,1.3,4.94,6.2667,4.18,1.56,24.3333
Mike Conley,PG,PG,MIN,2024,5,96.4667,34.6667,67.5333,66.8667,1974.2667,7.2667,16.5667,0.4399,3.8333,9.26,0.4115,3.46,7.3067,0.4757,0.557,3.06,3.6267,0.854,0.94,4.0133,4.9533,9.8467,1.9733,21.4533
Mike Muscala,C,C,WAS,2024,5,324.8667,30.6667,50.8667,4.5333,694.5333,6.6933,15.8267,0.4172,3.96,10.6333,0.3619,2.74,5.1867,0.5289,0.5387,2.1667,2.7867,0.7769,2.16,7.9133,10.0733,2.4667,0.88,19.58
Miles Bridges,SF,PF/SF,CHO,2024,4,27.6364,23.5455,71.0909,61.5455,2479.5455,9.7818,20.6636,0.4739,2.8273,8.0727,0.3516,6.9545,12.6182,0.5534,0.5435,3.4273,4.1727,0.8249,1.6091,8.0091,9.6455,4.3273,1.1909,25.8182
Miles McBride,PG,PG,NYK,2024,3,294.9167,22.1667,59.6667,7.0,899.6667,5.9917,15.4583,0.3817,3.15,9.3833,0.333,2.8,6.075,0.459,0.4824,1.5417,2.0917,0.7474,0.8917,3.1583,4.0833,4.7333,2.0667,16.675
Mitchell Robinson,C,C,NYK,2024,5,220.2667,23.6667,48.6667,39.2,1257.7333,6.04,9.1067,0.6593,0.0,0.0,1.42,6.48,7.3989,0.6593,0.9871,2.4533,3.2972,1.9687,8.36,9.9933,13.5133,1.36,2.3733,39.3533
Mo Bamba,C,C,PHI,2024,5,273.7333,23.6667,56.5333,22.0,971.7333,7.4267,15.46,0.4824,2.4133,6.46,0.3757,5.0333,8.9933,0.5601,0.5599,2.2733,3.28,0.695,4.4867,11.0467,15.5533,2.5933,1.12,19.52
Monte Morris,PG,PG,DET,2024,5,211.4,26.6667,53.6667,33.6,1327.0,7.22,15.8667,0.4545,2.4733,6.4333,0.3855,4.7467,9.4533,0.4987,0.5325,1.7067,2.1933,0.7856,0.6533,4.72,5.3733,7.6733,1.5267,18.6667
Moritz Wagner,C,C,ORL,2024,5,250.6667,24.6667,63.4667,9.2667,1111.3333,9.5867,18.04,0.5299,2.04,6.3467,0.3254,7.5467,11.6733,0.6405,0.5877,5.68,6.8867,0.8203,3.0333,8.4467,11.4867,3.6467,1.4267,26.9467
Moses Brown,C,C,POR,2024,5,406.4,22.6667,31.2667,7.4,338.9333,8.6667,15.54,0.5566,0.0,0.0,1.86,9.9467,12.5186,0.5566,1.678,5.12,7.5261,1.4663,9.7,14.24,17.26,1.1133,1.3533,39.6533
Moses Moody,SG,SG,GSW,2024,3,288.8333,20.1667,61.5,7.5,905.75,7.0417,15.375,0.4604,2.9833,8.3,0.362,4.0583,7.075,0.5819,0.5595,2.5417,3.3833,0.7542,2.0083,5.0667,7.05,2.4167,1.2333,19.7
Mouhamadou Gueye,PF,PF,TOR,2024,1,467.0,25.0,11.0,0.0,120.0,4.4,15.3,0.289,0.0,1.2,0.0,4.4,14.1,0.314,0.289,1.6,3.6,0.444,4.8,4.4,9.3,2.0,1.2,10.5
Mouhamed Gueye,PF,PF,ATL,2024,1,495.0,21.0,6.0,0.0,73.0,5.3,15.1,0.348,2.0,5.9,0.333,3.3,9.2,0.357,0.413,3.3,3.9,0.833,6.6,7.9,14.5,2.6,3.3,15.8
Moussa Diabaté,C,C,LAC,2024,2,473.0,21.5556,15.8889,0.4444,122.2222,6.9444,13.4111,0.5193,0.1333,0.2222,0.2222,6.8556,13.1889,0.5193,0.5238,4.9444,7.7778,0.635,9.9111,5.9667,15.8778,2.1667,2.9667,19.0222
Myles Turner,C,C,IND,2024,5,136.4,25.6667,61.0,61.0,1741.4,9.3467,18.02,0.5167,2.4333,6.9933,0.353,6.8867,11.0267,0.6243,0.5859,4.6867,6.0733,0.7712,2.42,9.24,11.66,2.06,1.0133,25.8333
Mãozinha Pereira,SF,SF,MEM,2024,1,464.0,23.0,7.0,1.0,122.0,7.2,14.0,0.514,2.0,5.2,0.385,5.2,8.8,0.591,0.586,2.8,4.0,0.7,4.4,10.4,14.8,0.8,2.4,19.2
Naji Marshall,SF,SF,NOP,2024,4,236.2143,24.8571,61.9286,8.6429,1218.4286,6.6357,15.4286,0.4319,1.9214,6.1286,0.3175,4.75,9.3357,0.5061,0.4947,3.6071,4.6143,0.7795,1.8214,7.1786,8.9786,5.0,1.8357,18.8143
Nassir Little,SF,PF/SF,PHO,2024,5,311.8667,21.6667,47.4,6.9333,754.0667,6.2667,13.78,0.4541,2.3267,7.1267,0.3265,3.9067,6.6867,0.5925,0.5383,2.16,2.8533,0.7704,1.86,6.6867,8.56,2.24,0.98,17.0467
Nate Hinton,SG,SG,HOU,2024,3,520.3,22.8,12.3,0.0,56.7,5.15,20.21,0.2829,2.67,6.57,0.2922,9.81,6.34,0.2621,0.36,2.04,2.66,0.54,2.35,5.69,8.06,4.09,9.04,52.49
Nathan Mensah,C,C,CHO,2024,1,411.0,25.0,25.0,0.0,307.0,1.9,4.5,0.429,0.0,0.0,0.0,1.9,4.5,0.429,0.429,1.4,1.9,0.75,4.7,5.8,10.4,1.4,1.0,5.3
Naz Reid,PF,C/PF,MIN,2024,5,186.3333,22.6667,71.8667,11.5333,1443.8667,10.42,20.9333,0.4972,3.1,8.34,0.3677,7.3133,12.5933,0.5767,0.5709,3.4467,4.78,0.7178,2.7467,8.8133,11.5333,2.7867,1.56,27.38
Neemias Queta,C,C,BOS,2024,3,461.4167,23.1667,17.0833,0.0,178.4167,9.125,15.15,0.6024,0.0,0.0,1.7,11.225,11.4618,0.6024,1.5907,2.95,3.0117,1.6975,7.725,10.65,14.175,1.8833,1.5917,42.6
Nic Claxton,C,C,BRK,2024,5,172.3333,22.6667,58.6,47.8667,1597.4,8.4467,12.8933,0.6528,0.0333,0.2067,1.8829,9.2267,10.2081,0.6617,1.0594,3.0467,4.1095,1.3274,5.0733,11.3333,12.4867,2.7733,1.5133,41.4933
Nick Richards,C,C/PF,CHO,2024,4,275.2857,24.8571,55.7857,21.8571,1063.5714,6.9214,10.7643,0.6329,0.0,0.1143,1.9571,7.7786,8.2644,0.6413,1.3262,4.8357,5.2067,1.5109,5.2429,9.85,11.6286,1.45,0.9429,40.2786
Nick Smith Jr.,SG,SG,CHO,2024,1,313.0,19.0,51.0,0.0,729.0,7.6,19.6,0.391,4.3,9.9,0.432,3.4,9.7,0.35,0.5,0.9,1.0,0.867,1.2,3.7,4.9,4.0,0.7,20.4
Nickeil Alexander-Walker,SG,SG,MIN,2024,5,208.0,23.6667,65.3333,13.4667,1342.9333,7.3533,17.7133,0.4195,3.4333,9.52,0.3643,3.92,8.1933,0.487,0.5196,2.0,2.7667,0.7351,0.88,4.6,5.4933,5.46,1.6667,20.14
Nicolas Batum,PF,PF/SF,LAC,2024,5,173.5333,33.6667,63.0,33.8,1536.1333,4.54,10.2533,0.4405,2.94,7.5267,0.3889,1.6,2.7467,0.5799,0.5829,0.8267,1.1467,0.7288,1.7867,6.6667,8.4533,3.9467,1.6467,12.8533
Nikola Jokić,C,C,DEN,2024,5,20.5333,26.6667,74.0,74.0,2514.4667,14.3467,24.4067,0.5901,1.5533,4.3533,0.3619,12.7933,20.0533,0.6395,0.6219,6.84,8.28,0.8237,3.8667,13.6933,17.5933,12.7067,1.96,37.1133
Nikola Jović,PF,PF,MIA,2024,2,349.3333,19.5556,32.2222,24.6667,588.4444,6.9667,16.1778,0.4316,2.8889,8.8778,0.3234,4.1222,7.3556,0.553,0.5218,2.9556,3.4889,0.8109,1.7556,7.5667,9.3222,3.8444,1.5333,19.7778
Nikola Vučević,C,C,CHI,2024,5,18.4,31.6667,75.2667,74.6,2532.1333,11.4,23.3333,0.49,2.22,6.6733,0.3298,9.14,16.6867,0.5529,0.5374,2.2333,2.76,0.8129,3.2867,12.6867,15.9533,4.9533,1.1667,27.28
Noah Clowney,PF,PF,BRK,2024,1,394.0,19.0,23.0,4.0,370.0,6.7,12.4,0.538,1.6,4.4,0.364,5.1,8.0,0.633,0.602,2.8,4.0,0.7,3.5,7.4,10.8,2.4,1.1,17.8
Norman Powell,SG,SF/SG,LAC,2024,5,132.8,28.6667,63.0,20.8,1765.4,9.72,20.32,0.4785,3.7867,9.08,0.4161,5.94,11.2267,0.5285,0.5719,5.26,6.44,0.8281,0.66,4.42,5.08,2.78,1.44,28.5133
OG Anunoby,SF,SF,TOR,2024,5,113.4,24.6667,54.4667,54.4,1878.0,8.3933,17.6867,0.4762,3.0333,7.9533,0.3822,5.3533,9.7333,0.5534,0.5621,2.4,3.0867,0.7769,1.78,5.2333,6.9867,3.0667,2.2467,22.2333
Obi Toppin,PF,PF,IND,2024,4,223.4286,23.8571,72.7143,13.5714,1279.0,9.0357,17.5714,0.517,2.8643,8.1429,0.3519,6.1714,9.45,0.6518,0.5982,2.2786,2.9357,0.773,2.0929,7.3071,9.4,3.1,1.1643,23.2
Ochai Agbaji,SG,SG,UTA,2024,2,195.2222,22.5556,69.5556,25.3333,1449.0,5.7778,13.8556,0.4181,2.4222,7.4444,0.3211,3.3556,6.3667,0.527,0.5048,1.5889,2.0889,0.7281,1.9778,3.7111,5.6889,2.4889,1.0444,15.6667
Olivier Sarr,C,C,OKC,2024,3,452.1667,23.1667,14.75,0.8333,184.0833,5.9917,10.9667,0.5514,0.925,3.1583,0.2924,5.0667,7.8083,0.6566,0.5954,3.4417,4.9,0.7229,4.6833,9.6667,14.375,1.5333,0.3083,16.3833
Olivier-Maxence Prosper,PF,PF,DAL,2024,1,402.0,21.0,40.0,1.0,336.0,5.7,14.8,0.385,1.9,6.4,0.289,3.9,8.4,0.458,0.447,4.0,5.9,0.683,3.6,7.7,11.3,3.1,1.0,17.3
Omer Yurtseven,C,C,UTA,2024,3,389.8333,24.1667,37.0,8.0,431.25,9.1667,16.5667,0.5533,0.7917,2.475,0.2524,8.3333,14.0917,0.5984,0.578,2.3833,3.3167,0.7163,5.7667,11.7,17.4667,2.3583,0.9917,21.5083
Onuralp Bitim,SG,SG,CHI,2024,1,422.0,24.0,23.0,1.0,268.0,6.0,15.6,0.381,2.2,8.2,0.273,3.7,7.4,0.5,0.452,0.7,0.9,0.8,1.1,4.8,6.0,2.4,0.6,14.9
Onyeka Okongwu,C,C,ATL,2024,4,218.2857,21.8571,59.9286,9.8571,1328.5,7.8357,12.2643,0.6404,0.3143,0.9714,1.8569,8.2714,9.0407,0.6681,1.3619,3.7929,3.7129,1.8181,5.8571,9.6643,11.2857,2.0286,1.6357,44.9286
Orlando Robinson,C,C,MIA,2024,2,399.2222,22.5556,33.7778,4.3333,357.7778,5.7222,11.1778,0.5124,0.7222,1.7,0.2961,5.0,9.5333,0.5243,0.5436,2.8778,3.8778,0.7378,5.0444,9.2,14.2444,4.4,1.2333,15.0444
Oscar Tshiebwe,PF,PF,IND,2024,1,526.0,24.0,8.0,0.0,42.0,11.2,22.5,0.5,0.0,0.0,0.0,11.2,22.5,0.5,0.5,6.7,9.0,0.75,9.0,9.0,18.0,2.2,2.2,29.2
Oshae Brissett,SF,PF/SF,BOS,2024,5,288.2667,23.6667,53.1333,8.0,889.8,5.6933,13.58,0.4216,1.9533,6.0267,0.3134,3.7733,7.54,0.5,0.4918,4.0467,5.9133,0.6867,3.56,7.4133,10.98,2.5133,1.4733,17.4
Otto Porter Jr.,SF,PF/SF,TOR,2024,5,379.2,28.6667,24.4,5.2667,479.0,5.64,12.4733,0.4546,2.4733,6.8867,0.3599,3.14,5.5733,0.594,0.558,1.9,2.12,0.9218,2.12,6.8867,8.9867,2.94,2.2533,15.6867
Ousmane Dieng,PF,PF,OKC,2024,2,377.3333,19.5556,35.6667,0.4444,455.6667,6.4111,15.2111,0.4211,2.5333,8.7556,0.2844,3.9222,6.4556,0.6059,0.5037,1.5778,2.0111,0.7759,1.4333,6.2,7.6333,4.4111,1.1444,16.8778
P.J. Tucker,PF,PF,PHI,2024,5,195.3333,36.6667,56.2667,46.5333,1415.4667,2.8333,6.7667,0.4081,1.5267,4.06,0.3801,1.3067,2.6933,0.444,0.526,0.5933,0.7533,0.8554,2.48,5.92,8.3933,2.12,1.38,7.8467
P.J. Washington,PF,C/PF,CHO,2024,5,74.0,23.6667,69.2,52.0,2106.4,7.7867,17.44,0.4467,2.9,8.3667,0.3489,4.8867,9.0933,0.5431,0.5307,2.2467,3.18,0.708,1.8933,6.8667,8.7267,3.5333,1.5067,20.6867
Paolo Banchero,PF,PF,ORL,2024,2,16.5556,20.5556,76.4444,76.4444,2635.0,10.5,23.7444,0.4426,1.9222,5.9778,0.3208,8.5778,17.7667,0.4832,0.4828,7.4667,10.2111,0.7308,1.5889,8.2556,9.8444,6.6222,1.2556,30.4333
Pascal Siakam,PF,PF,TOR,2024,5,19.7333,27.6667,70.6667,70.6667,2516.6,11.66,23.5667,0.4963,1.6933,5.08,0.3341,9.98,18.4867,0.5397,0.5319,5.8067,7.6,0.7633,2.3733,8.0,10.38,6.6,1.3,30.8933
Pat Connaughton,SF,SF/SG,MIL,2024,5,166.9333,29.6667,68.2667,14.4,1574.5333,5.18,12.1,0.4293,3.1133,8.7067,0.3559,2.1,3.42,0.6087,0.5561,1.1267,1.5,0.7503,1.6133,6.7667,8.38,3.24,1.2867,14.6133
Pat Spencer,PG,PG,GSW,2024,1,542.0,27.0,6.0,0.0,26.0,3.7,7.4,0.5,0.0,3.7,0.0,3.7,3.7,1.0,0.5,0.0,0.0,0.0,3.7,3.7,7.4,9.3,0.0,7.4
Patrick Baldwin Jr.,SF,SF,WAS,2024,2,389.4444,20.5556,34.8889,3.8889,374.3333,7.1111,18.3,0.3868,4.5889,12.9333,0.3471,2.5222,5.3667,0.4639,0.5077,1.3556,2.0778,0.6737,0.9778,9.2556,10.2333,2.5778,1.5222,20.1667
Patrick Beverley,PG,PG/SG,PHI,2024,5,189.8667,33.6667,62.1333,40.8667,1467.2,5.0,12.1,0.412,2.3933,6.8467,0.3491,2.5733,5.26,0.4969,0.512,2.1267,2.7867,0.7619,1.6133,5.8667,7.5133,6.4733,1.7133,14.5
Patrick Williams,PF,PF,CHI,2024,4,187.3571,20.8571,52.5714,41.3571,1456.7143,6.5286,13.8571,0.4731,2.1286,5.1214,0.4277,4.3643,8.7714,0.4996,0.5499,2.3929,3.0786,0.7871,1.8286,5.5071,7.3286,2.3071,1.4786,17.5786
Patty Mills,PG,PG/SG,ATL,2024,5,252.6,33.6667,51.0,12.0,1082.4,6.64,16.84,0.3919,3.94,11.36,0.3451,2.6867,5.52,0.4861,0.5088,1.6933,1.9,0.8973,0.7467,3.0,3.6933,4.2533,1.64,18.9467
Paul George,PF,PF/SF,LAC,2024,5,115.6,31.6667,56.2,56.2,1903.8667,11.74,25.88,0.4546,4.4467,11.44,0.3897,7.28,14.44,0.5056,0.5414,5.7667,6.52,0.8803,0.84,7.8067,8.7133,6.7067,2.2733,33.7
Paul Reed,C,C/PF,PHI,2024,4,309.5,22.8571,60.8571,9.5714,873.5714,8.7071,15.6857,0.5598,0.3071,1.2643,0.2327,8.4286,14.3857,0.5841,0.5703,1.7643,2.6786,0.6326,6.9643,8.9429,15.9357,2.7571,3.1714,19.5571
Payton Pritchard,PG,PG/SG,BOS,2024,4,232.5,24.8571,67.6429,3.6429,1231.1429,7.7643,17.7214,0.4396,4.2571,11.0071,0.3885,3.5143,6.7,0.5209,0.5599,1.1143,1.3357,0.8488,1.75,5.0429,6.7929,6.25,1.1643,20.9571
Pete Nance,PF,PF,CLE,2024,1,541.0,23.0,8.0,0.0,27.0,1.8,11.0,0.167,1.8,1.8,1.0,0.0,9.1,0.0,0.25,0.0,3.7,0.0,0.0,5.5,5.5,0.0,1.8,5.5
Peyton Watson,SF,SF/SG,DEN,2024,2,298.2222,20.5556,54.6667,3.1111,909.3333,7.2111,15.1667,0.477,1.5444,4.4778,0.3551,5.6667,10.6889,0.5343,0.5276,2.6222,4.3,0.6167,1.9889,7.1,9.0889,2.9,1.0,18.5889
Precious Achiuwa,C,C/PF,TOR,2024,4,205.9286,22.8571,66.5,16.4286,1380.6429,7.85,16.0929,0.4893,1.0,3.3929,0.2495,6.85,12.7,0.5401,0.5196,2.8714,4.6286,0.6208,4.9357,9.4143,14.3143,2.5,1.2929,19.5071
Quentin Grimes,SG,SG,NYK,2024,3,216.75,22.1667,56.4167,31.0,1330.5833,6.2,15.0833,0.412,4.05,11.0417,0.3648,2.175,4.0167,0.5328,0.5452,1.5083,1.9833,0.7513,1.0333,4.275,5.3083,3.2,1.575,17.9083
Quenton Jackson,PG,PG,IND,2024,2,511.1111,24.5556,5.6667,0.0,66.1111,3.0667,9.1444,0.2009,0.1778,1.9111,0.0369,2.8889,7.1889,0.2667,0.2062,7.4889,8.2889,0.8991,0.3111,10.5333,10.8444,7.1778,3.0111,13.7556
R.J. Hampton,PG,PG/SG,MIA,2024,4,351.1429,20.8571,37.2857,4.7143,668.7143,5.1714,13.5,0.3692,1.6786,6.0714,0.2648,3.5,7.4286,0.4782,0.4277,2.2929,3.3643,0.6261,1.2071,4.6643,5.8286,4.7571,0.9571,14.3357
RJ Barrett,SG,SF/SG,NYK,2024,5,63.6667,21.6667,66.1333,66.0667,2204.4667,10.4333,23.24,0.4479,2.4733,7.1933,0.3459,7.96,16.0733,0.4931,0.5011,5.46,7.58,0.7189,1.3467,6.76,8.0533,4.5067,0.86,28.7467
RaiQuan Gray,PF,PF,SAS,2024,2,521.3333,23.5556,2.1111,0.0,37.2222,10.5111,18.9222,0.5489,3.3,7.8333,0.4161,7.2111,11.1333,0.6427,0.6347,1.2444,1.2444,0.4444,3.2,7.1222,10.3222,8.4111,0.6667,25.4667
Rayan Rupert,SG,SG,POR,2024,1,328.0,19.0,39.0,12.0,633.0,4.2,12.6,0.335,2.2,6.1,0.359,2.0,6.5,0.313,0.422,1.5,2.0,0.76,1.9,5.3,7.2,4.8,0.9,12.1
Reggie Bullock,SF,SF/SG,HOU,2024,5,187.3333,30.6667,59.6667,31.8667,1455.2667,4.74,11.4467,0.4133,3.36,8.78,0.3845,1.3733,2.64,0.5163,0.5637,0.64,0.7933,0.8626,0.7133,6.08,6.7933,2.1533,1.2733,13.5
Reggie Jackson,PG,PG/SG,DEN,2024,5,135.3333,31.6667,71.4667,40.1333,1770.3333,8.7467,20.9467,0.4191,3.1467,8.8,0.3576,5.5733,12.1333,0.4629,0.495,2.3467,2.7733,0.8452,0.8267,4.06,4.9133,7.5667,1.24,22.9867
Richaun Holmes,C,C,DAL,2024,5,299.2667,28.6667,44.6,21.6667,813.0,8.04,13.06,0.6109,0.2533,0.4733,0.3819,7.7867,12.62,0.6142,0.6201,2.8667,3.7467,0.7654,4.76,8.9267,13.6867,1.9267,0.82,19.1333
Ricky Council IV,SG,SG,PHI,2024,1,416.0,22.0,32.0,0.0,289.0,9.2,19.1,0.482,2.0,5.4,0.375,7.2,13.6,0.525,0.536,9.0,12.1,0.746,2.4,5.4,7.8,2.7,1.4,29.5
Robert Covington,PF,PF,LAC,2024,5,229.4,31.6667,50.6667,24.2667,1199.9333,5.2267,12.1867,0.4306,2.8,7.58,0.3673,2.4067,4.54,0.5294,0.545,1.8267,2.2267,0.8109,2.1067,7.9333,10.0333,2.68,2.92,15.1133
Robert Williams,C,C,POR,2024,5,319.8,24.6667,32.4,19.3333,777.4,7.6267,10.7467,0.709,0.0,0.04,0.0,7.6267,10.7067,0.7113,0.709,2.2,3.1333,0.6917,5.72,10.8333,16.5533,3.0133,2.0733,17.4133
Robin Lopez,C,C,MIL,2024,5,386.2667,33.6667,36.2667,4.5333,468.2,7.3267,14.0533,0.5211,0.76,2.6667,0.3425,6.54,11.4,0.5615,0.5479,2.1533,2.9533,0.791,3.6733,3.6067,7.28,3.1067,0.4533,17.52
Ron Harper Jr.,PF,PF,TOR,2024,2,535.1111,22.5556,4.5556,0.0,23.5556,3.6444,7.3333,0.2222,1.3778,4.1333,0.148,2.2667,3.2,0.3173,0.264,0.4444,0.4444,0.4444,1.3778,1.8222,3.2,8.5444,0.0,9.1556
Royce O'Neale,SF,SF,BRK,2024,5,57.6667,28.6667,76.2,47.8,2210.3333,4.6267,11.28,0.4147,3.1133,8.2467,0.3813,1.4933,2.9867,0.5027,0.5532,0.82,1.1333,0.7468,1.3467,7.4133,8.78,4.94,1.46,13.22
Rudy Gobert,C,C,MIN,2024,5,46.8,29.6667,71.2,71.2,2308.2667,8.08,11.98,0.6749,0.0,0.0933,0.0,8.08,11.8867,0.6786,0.6749,5.3133,8.1733,0.6475,5.3067,14.34,19.68,1.8867,1.0467,21.5
Rui Hachimura,PF,PF,LAL,2024,5,176.7333,23.6667,58.6667,28.8,1524.0667,9.22,18.3467,0.5016,2.1133,5.34,0.378,7.1067,13.0067,0.5506,0.5579,2.8,3.7533,0.7407,1.5533,6.8133,8.4267,2.1733,0.9933,23.26
Russell Westbrook,PG,PG,LAC,2024,5,88.6,33.6667,70.2,38.1333,2064.6667,10.1,22.64,0.4464,1.5867,5.34,0.2927,8.5467,17.28,0.4941,0.4815,4.5267,6.6867,0.676,2.3667,8.5733,10.94,11.16,1.88,26.3067
Ryan Arcidiacono,PG,PG,NYK,2024,5,459.3333,27.6667,23.7333,1.3333,198.0667,2.4933,9.0533,0.2479,1.68,6.58,0.2574,0.8133,2.4667,0.2456,0.3326,0.28,0.4267,0.1341,1.1933,6.4133,6.0067,4.5067,1.3333,27.0333
Ryan Rollins,PG,PG,WAS,2024,2,490.5556,20.5556,12.5556,0.0,70.8889,7.0222,15.8111,0.4439,2.0222,4.4,0.5647,5.0,11.4,0.4273,0.5078,6.3778,7.7111,0.8694,1.6889,6.7333,8.3778,6.7111,3.6889,22.5
Saben Lee,PG,PG,PHO,2024,4,390.1429,22.8571,30.5,1.2857,413.6429,5.8071,14.6714,0.3966,0.8857,3.8429,0.2491,4.9,10.7857,0.4547,0.4269,5.8286,7.8429,0.7432,1.85,5.1571,6.9857,8.7357,2.2643,18.3357
Saddiq Bey,SF,SF,ATL,2024,4,66.7857,22.8571,72.0714,53.9286,2196.8571,7.4429,18.1214,0.4117,3.3571,9.7214,0.3444,4.0857,8.4143,0.486,0.5046,4.0143,4.75,0.8427,2.5857,6.05,8.6571,2.7643,1.35,22.3071
Sam Hauser,SF,SF,BOS,2024,3,252.75,25.1667,66.0833,8.0833,1194.9167,7.025,15.5083,0.4525,5.6,13.1833,0.424,1.45,2.325,0.6183,0.6324,0.375,0.4083,1.0082,2.85,7.1583,6.5917,1.9333,0.975,48.1
Sam Merrill,SG,SG,CLE,2024,4,401.4286,25.8571,28.7857,0.6429,444.3571,7.1357,18.1571,0.3952,5.4286,15.6571,0.3527,1.7071,2.5,0.7004,0.5449,1.3714,1.7714,0.8675,0.7,5.5429,6.2643,4.3214,1.5214,21.0571
Sandro Mamukelashvili,C,C/PF,SAS,2024,3,367.3333,23.1667,43.75,5.1667,509.6667,7.2167,15.6917,0.4609,2.2167,6.6833,0.3305,5.0,8.9833,0.5564,0.5318,2.5417,3.5167,0.7387,4.65,8.6,13.3167,4.3167,0.9,19.1833
Santi Aldama,PF,PF,MEM,2024,3,227.75,22.1667,59.0833,21.25,1324.8333,7.2083,16.475,0.4384,2.4333,7.9333,0.2943,4.775,8.5667,0.5595,0.5127,2.3417,3.525,0.665,2.8167,8.0417,10.8167,3.35,1.175,19.1917
Sasha Vezenkov,PF,PF,SAC,2024,1,357.0,28.0,42.0,0.0,511.0,8.0,18.2,0.44,4.3,11.4,0.375,3.7,6.7,0.549,0.558,1.1,1.4,0.8,2.9,6.3,9.1,1.8,1.9,21.4
Scoot Henderson,PG,PG,POR,2024,1,148.0,19.0,62.0,32.0,1765.0,8.6,22.3,0.385,2.4,7.5,0.325,6.2,14.8,0.416,0.44,4.7,5.7,0.819,1.5,3.9,5.4,9.4,1.3,24.3
Scottie Barnes,SG,PF/SF/SG,TOR,2024,3,42.1667,21.1667,69.1667,68.8333,2419.4167,9.325,19.7583,0.4729,1.6333,5.125,0.311,7.725,14.6,0.5274,0.5133,3.7917,4.9417,0.7665,3.4,7.1333,10.5667,6.9917,1.5833,24.15
Scotty Pippen Jr.,PG,PG,MEM,2024,2,424.8889,22.5556,14.3333,8.8889,307.0,7.7889,18.3556,0.4219,2.2222,5.6778,0.3797,5.5667,12.6889,0.4447,0.4817,5.4,8.7444,0.661,2.4444,3.6667,6.0667,6.3889,3.1667,23.1444
Seth Curry,SG,SG,DAL,2024,5,209.3333,31.6667,55.6,25.2667,1278.7333,7.5933,16.9267,0.4468,3.54,8.8267,0.3999,4.0733,8.1067,0.4979,0.5509,2.1067,2.3333,0.8971,0.7933,3.7867,4.58,4.16,1.46,20.7933
Seth Lundy,SF,SF,ATL,2024,1,517.0,23.0,9.0,0.0,52.0,3.7,15.7,0.235,2.8,12.0,0.231,0.9,3.7,0.25,0.324,2.8,3.7,0.75,0.9,5.5,6.5,0.0,0.0,12.9
Shaedon Sharpe,SG,SG,POR,2024,2,204.6667,19.5556,53.3333,20.5556,1379.0,8.2889,19.0889,0.4353,2.8,8.0889,0.345,5.4889,11.0,0.5023,0.5088,3.4889,4.3444,0.7751,1.8667,5.1444,7.0556,3.6,1.1667,22.8222
Shai Gilgeous-Alexander,PG,PG/SG,OKC,2024,5,66.7333,23.6667,63.6667,63.6667,2202.8667,13.2667,26.26,0.5041,1.8333,5.3,0.3485,11.4067,20.9,0.544,0.5402,10.1133,11.6733,0.8562,1.0667,6.0867,7.1733,7.9533,2.1333,38.44
Shake Milton,SG,SG,MIN,2024,5,246.3333,25.6667,58.3333,6.2667,1095.8,7.58,17.22,0.4408,1.88,5.6067,0.3344,5.7,11.58,0.492,0.4959,3.3267,4.04,0.8297,1.1867,4.7533,5.94,6.18,1.24,20.3733
Shaquille Harrison,SG,SG,MEM,2024,5,495.4667,28.6667,10.1333,0.6667,115.2667,6.1867,14.4733,0.42,0.48,2.5333,0.1305,5.7067,11.98,0.4724,0.4368,1.82,2.4,0.7765,1.6467,10.62,10.5867,4.4933,2.18,28.2333
Sidy Cissoko,SF,SF,SAS,2024,1,455.0,19.0,12.0,0.0,141.0,5.4,11.1,0.485,0.3,4.0,0.083,5.1,7.1,0.714,0.5,4.0,5.1,0.8,2.7,4.7,7.4,3.4,2.4,15.2
Simone Fontecchio,SF,SF,UTA,2024,2,236.0,27.5556,59.7778,26.5556,1253.7778,7.3111,17.6111,0.4196,3.9,10.7333,0.3694,3.3667,6.8333,0.4972,0.5322,1.8667,2.2556,0.8078,1.9,4.4556,6.4,2.8222,1.1222,20.3889
Skylar Mays,PG,PG/SG,POR,2024,4,412.3571,24.8571,26.0,4.5714,294.2143,7.7143,17.05,0.4556,2.2857,6.3357,0.3563,5.4643,10.7143,0.5154,0.5226,2.3786,2.7071,0.8531,1.0286,4.2,5.2643,8.7143,2.0,20.1357
Spencer Dinwiddie,PG,PG/SG,BRK,2024,5,115.8,28.6667,64.4667,52.2667,1981.4667,6.9267,16.8267,0.4083,2.7667,8.1733,0.3372,4.18,8.7133,0.4758,0.4915,4.7,5.7667,0.8249,0.64,5.2933,5.9267,8.5133,1.2,21.3667
Stanley Umude,SG,SG,DET,2024,2,468.0,23.5556,13.7778,1.1111,171.4444,3.2222,18.0889,0.2444,2.1111,15.3667,0.2517,1.1111,2.7222,0.2328,0.3239,24.0556,24.3333,0.9478,0.7222,3.7222,4.4444,0.9444,11.4778,32.6111
Stephen Curry,PG,PG,GSW,2024,5,88.1333,33.6667,61.1333,61.1333,2063.0,13.0,28.2467,0.4599,6.6467,16.7267,0.3983,6.3467,11.5,0.5497,0.5779,6.5533,7.0467,0.9251,0.7867,6.66,7.4933,8.42,1.4333,39.16
Svi Mykhailiuk,SF,SF,BOS,2024,5,329.5333,24.6667,45.9333,7.4667,666.5333,7.1,16.9467,0.4173,4.2,11.1333,0.3754,2.9,5.84,0.4983,0.5413,1.7267,2.3733,0.7288,1.28,4.5467,5.8067,4.2667,1.5533,20.1067
T.J. McConnell,PG,PG,IND,2024,5,213.7333,29.6667,63.0,5.1333,1295.5333,9.36,17.3933,0.5353,0.6733,1.7267,0.3759,8.7067,15.6667,0.5535,0.5545,1.5667,1.94,0.8033,1.3867,5.6067,6.9933,12.5,2.56,20.92
T.J. Warren,SF,PF/SF,MIN,2024,4,382.5833,28.8333,24.8333,6.25,484.0833,8.8917,18.4167,0.4787,1.0333,4.6083,0.2071,7.8583,13.8083,0.5688,0.5062,2.0083,2.5417,0.7807,1.6917,6.25,7.9583,2.95,1.475,20.7833
Taj Gibson,PF,C/PF,NYK,2024,5,353.0667,36.6667,40.2667,5.8,578.3333,5.1267,10.2067,0.4998,0.58,1.9933,0.2802,4.5667,8.1533,0.5511,0.528,1.8133,2.44,0.8311,3.82,6.76,10.5933,2.5667,1.1867,12.64
Talen Horton-Tucker,PG,PG/SG,UTA,2024,5,234.4667,21.6667,55.4,13.4,1167.9333,8.5,20.3667,0.4191,2.1867,7.1933,0.2982,6.3333,13.1867,0.4825,0.4719,3.84,4.9533,0.7657,1.1733,5.12,6.2933,7.3467,2.1467,23.0267
Tari Eason,PF,PF,HOU,2024,2,268.8889,21.5556,48.6667,2.2222,1052.0,8.5444,18.6556,0.458,1.7111,4.9222,0.3524,6.8333,13.7333,0.496,0.5041,2.5,3.6111,0.6876,4.9111,9.6889,14.6556,2.5667,2.8778,21.3444
Taurean Prince,PF,PF,LAL,2024,5,179.0,27.6667,63.9333,24.4,1500.4,6.6533,15.1,0.4412,3.24,8.4333,0.3847,3.3867,6.6667,0.5166,0.5498,2.1467,2.6867,0.7885,0.7667,5.4733,6.22,3.0667,1.4067,18.6467
Taylor Hendricks,PF,PF,UTA,2024,1,296.0,20.0,40.0,23.0,856.0,6.1,13.5,0.45,3.0,7.9,0.379,3.1,5.6,0.55,0.56,1.3,1.6,0.793,2.6,7.8,10.4,1.8,1.6,16.5
Taze Moore,SG,SG,POR,2024,1,529.0,25.0,4.0,0.0,40.0,9.9,23.5,0.421,1.2,8.6,0.143,8.6,14.8,0.583,0.447,1.2,2.5,0.5,4.9,4.9,9.9,6.2,2.5,22.2
Terance Mann,SG,SF/SG,LAC,2024,5,137.6667,25.6667,74.4667,41.6,1779.4667,6.8,13.42,0.5059,1.7467,4.72,0.3718,5.0533,8.7133,0.5835,0.5709,2.4533,3.0867,0.7965,2.12,5.58,7.7,4.2,1.14,17.76
Terquavion Smith,PG,PG,PHI,2024,1,485.0,21.0,16.0,0.0,84.0,10.5,26.9,0.391,7.6,20.5,0.371,2.9,6.4,0.455,0.533,1.8,2.9,0.6,0.0,2.3,2.3,7.0,4.7,30.5
Terry Rozier,SG,PG/SG,CHO,2024,5,56.8,27.6667,65.1333,64.8,2225.8667,10.4267,24.0067,0.4353,3.86,10.7467,0.362,6.5267,13.2333,0.4945,0.5169,3.7,4.3733,0.843,1.0267,4.9933,5.9667,7.06,1.62,28.46
Terry Taylor,PF,PF,CHI,2024,3,405.0833,23.1667,31.5,2.4167,344.8333,6.8667,12.5667,0.5406,0.7083,2.7833,0.2592,6.1333,9.825,0.6213,0.5688,1.45,2.0833,0.6915,5.1333,4.7333,9.8667,2.425,0.9583,15.9
Thaddeus Young,PF,PF,TOR,2024,5,293.7333,33.6667,49.1333,8.7333,853.6667,7.82,14.2067,0.554,0.5533,2.0067,0.2247,7.2733,12.2,0.5987,0.5715,1.1533,2.14,0.5343,4.6333,6.6,11.2533,5.92,2.84,17.3067
Thanasis Antetokounmpo,PF,PF/SF,MIL,2024,5,415.8667,29.6667,39.7333,1.7333,283.2667,5.64,11.2467,0.5016,0.12,1.4533,0.0607,5.52,9.7933,0.5597,0.5067,1.6933,3.46,0.3548,3.38,4.74,8.0933,4.0133,1.66,13.1067
Thomas Bryant,C,C,MIA,2024,5,340.4667,24.6667,38.2,13.8,635.6667,9.66,16.52,0.5876,1.04,3.1933,0.3198,8.6533,13.3067,0.6506,0.6197,4.0,5.02,0.8008,3.7733,10.2333,14.0333,2.3333,0.8533,24.38
Théo Maledon,PG,PG,CHO,2024,4,314.4286,20.8571,38.8571,10.8571,768.6429,5.5,15.8286,0.3499,1.8,6.8929,0.2546,3.7357,8.9357,0.4204,0.4054,3.4286,4.0929,0.8525,0.8857,5.3857,6.2714,6.9071,1.75,16.25
Tim Hardaway Jr.,SF,SF/SG,DAL,2024,5,99.6,29.6667,67.7333,28.0,1933.6,8.6933,21.2467,0.4083,4.72,12.8867,0.3662,3.9733,8.3667,0.4711,0.5201,3.2067,3.9733,0.8041,0.5067,5.3533,5.8267,3.2,1.0933,25.2867
Timmy Allen,SF,SF,MEM,2024,1,461.0,24.0,5.0,0.0,125.0,2.3,9.0,0.261,0.0,2.7,0.0,2.3,6.3,0.375,0.261,0.4,0.8,0.5,1.6,5.1,6.6,2.0,1.6,5.1
Tobias Harris,PF,PF/SF,PHI,2024,5,32.5333,29.6667,70.7333,70.7333,2380.6667,9.6667,19.6667,0.492,2.1667,5.7733,0.3718,7.5133,13.9133,0.5433,0.5473,3.3867,3.8933,0.8673,1.5333,7.88,9.3467,4.5,1.2933,24.88
Torrey Craig,SF,PF/SF,CHI,2024,5,203.4,31.6667,64.8667,26.7333,1366.8667,5.7,12.6467,0.4505,2.5533,6.8133,0.3726,3.18,5.8533,0.5377,0.5516,1.0867,1.4667,0.7334,3.24,7.08,10.3667,2.8133,1.3933,15.0667
Tosan Evbuomwan,SF,SF,MEM,2024,1,395.0,22.0,17.0,8.0,367.0,4.7,9.3,0.507,1.6,4.2,0.375,3.2,5.1,0.615,0.592,2.2,3.3,0.68,2.4,5.5,7.9,2.1,0.8,13.3
Toumani Camara,PF,PF,POR,2024,1,154.0,23.0,70.0,49.0,1739.0,5.6,12.4,0.45,1.6,4.9,0.337,3.9,7.6,0.523,0.516,2.1,2.8,0.758,3.9,5.8,9.7,2.5,1.9,15.0
Trae Young,PG,PG,ATL,2024,5,51.3333,23.6667,65.0667,65.0667,2280.0,11.5,26.24,0.4373,3.78,10.48,0.3599,7.7067,15.7467,0.4879,0.5097,9.7533,11.1067,0.8775,0.84,3.66,4.52,13.9067,1.5133,36.5133
Trayce Jackson-Davis,PF,PF,GSW,2024,1,240.0,23.0,68.0,16.0,1130.0,10.0,14.2,0.702,0.0,0.0,0.0,10.0,14.2,0.704,0.702,3.2,5.7,0.561,5.8,8.8,14.6,3.5,1.2,23.1
Tre Jones,PG,PG,SAS,2024,4,169.0,22.8571,67.0,38.2143,1614.8571,7.1429,14.8643,0.4842,0.9714,3.1643,0.3288,6.1571,11.6786,0.5359,0.5176,2.8714,3.4,0.8464,1.2929,4.5714,5.8786,9.9214,1.7929,18.1857
Tre Mann,PG,PG,OKC,2024,3,242.5833,21.1667,54.4167,19.8333,1147.3333,7.6833,18.4917,0.4205,2.9333,8.4833,0.3504,4.7833,10.05,0.4786,0.4991,2.0583,2.6667,0.7708,1.0083,5.6667,6.675,5.8167,2.0,20.425
Trendon Watford,PF,PF/SF,BRK,2024,3,278.8333,22.1667,58.9167,7.3333,967.9167,8.4583,15.6833,0.5392,1.125,3.0167,0.355,7.3,12.6667,0.5809,0.5748,3.875,5.025,0.7596,2.6167,8.1167,10.7333,4.9083,1.325,21.8417
Trent Forrest,SG,PG/SG,ATL,2024,4,380.4286,23.8571,37.2857,2.1429,434.0714,4.4143,10.4429,0.4236,0.25,1.4786,0.1385,4.1643,9.0,0.4706,0.4359,1.6,1.9643,0.7764,1.3,5.0214,6.3214,8.1786,1.4286,10.7
Trevelin Queen,SG,SG,ORL,2024,3,474.6667,25.1667,10.6667,0.0,110.5833,5.7167,16.6167,0.3474,2.2917,9.375,0.2114,3.4833,7.2417,0.5041,0.4098,2.9083,3.2833,0.8958,3.3,5.6083,8.9083,4.2667,2.1417,16.6583
Trey Jemison,C,C,WAS,2024,1,344.0,24.0,25.0,14.0,573.0,6.4,11.6,0.551,0.0,0.0,0.0,6.4,11.6,0.551,0.551,1.8,2.1,0.84,5.5,6.0,11.4,2.3,1.0,14.6
Trey Lyles,PF,PF,SAC,2024,5,237.0,26.6667,61.3333,9.3333,1158.4,6.74,14.7333,0.4571,2.88,7.98,0.3615,3.8267,6.7267,0.5726,0.5581,3.3267,4.3133,0.7469,2.46,9.06,11.5333,2.6533,0.86,19.68
Trey Murphy III,SF,SF,NOP,2024,3,152.25,22.1667,65.5833,31.5,1736.1667,7.45,16.7167,0.4444,4.4,11.2917,0.3892,3.075,5.425,0.559,0.5751,3.2833,3.825,0.8617,1.575,5.7667,7.3417,2.7833,1.55,22.5083
Tristan Thompson,C,C,CLE,2024,4,284.6364,30.5455,52.8182,14.0909,884.6364,6.9727,12.5364,0.5611,0.0545,0.1818,0.1264,6.9545,12.3818,0.5654,0.5624,2.2364,5.1091,0.4379,6.5182,9.3727,15.9091,3.3455,1.0727,16.2364
Tristan Vukcevic,C,C,WAS,2024,1,450.0,20.0,10.0,4.0,153.0,8.9,20.5,0.433,3.1,11.0,0.278,5.8,9.5,0.613,0.507,5.2,6.7,0.773,1.8,9.2,11.0,4.0,1.5,26.0
Troy Brown Jr.,SF,SF,MIN,2024,5,240.8,22.6667,62.2667,19.8667,1171.3333,5.2533,12.78,0.4092,2.4667,7.08,0.3478,2.7867,5.7467,0.4813,0.5061,1.42,1.7333,0.8221,1.66,7.0867,8.7133,3.0867,1.4733,14.3533
Ty Jerome,SG,SG,CLE,2024,5,394.4,24.6667,28.7333,1.4667,509.7333,6.9067,15.5067,0.4543,1.9,6.5733,0.2368,5.0267,8.9333,0.5558,0.5105,1.3733,1.6533,0.561,1.5933,2.84,4.4133,8.0867,1.0133,17.1333
TyTy Washington Jr.,PG,PG,MIL,2024,2,453.8889,21.5556,19.8889,0.8889,223.5556,5.7222,17.5111,0.328,1.8778,6.8333,0.2908,3.8444,10.6667,0.3758,0.382,0.4889,0.8889,0.2471,0.5889,4.0222,4.6111,4.7444,2.2,13.8667
Tyler Herro,SG,SG,MIA,2024,5,116.1333,22.6667,55.9333,35.7333,1840.9333,10.7667,24.4267,0.4405,4.2267,10.88,0.3865,6.56,13.5467,0.4845,0.5271,3.5467,4.0533,0.8731,0.6733,7.1067,7.7933,6.06,1.08,29.26
Tyrese Haliburton,PG,PG/SG,IND,2024,4,75.5714,21.8571,65.4286,59.6429,2159.2143,9.55,19.9071,0.4791,3.7286,9.5786,0.3914,5.8214,10.3286,0.5623,0.5727,3.5286,4.1143,0.8571,0.8714,4.5071,5.4071,13.55,2.1143,26.3786
Tyrese Maxey,PG,PG/SG,PHI,2024,4,76.3571,21.8571,66.9286,53.7143,2215.2857,10.7786,23.0643,0.4681,3.3071,8.4214,0.3917,7.4714,14.6714,0.5084,0.5389,4.7357,5.5214,0.8614,0.6143,4.1286,4.6786,6.55,1.2071,29.5786
Tyus Jones,PG,PG,WAS,2024,5,146.2,25.6667,71.6,34.0667,1716.5333,7.6333,16.6533,0.4581,2.5267,6.5067,0.383,5.1333,10.1467,0.5061,0.5329,1.46,1.76,0.8145,0.58,4.2333,4.8133,10.6867,1.98,19.1533
Udoka Azubuike,C,C,PHO,2024,4,449.1429,22.8571,21.7857,2.4286,192.8571,7.2214,10.0357,0.7078,0.0,0.0,2.0143,7.8643,7.5404,0.7078,0.8674,2.2929,4.1025,1.2825,6.2429,11.55,11.0286,0.9571,1.1,38.6643
Usman Garuba,PF,C/PF,GSW,2024,3,428.0,20.1667,33.5,0.8333,390.5833,3.5083,11.8417,0.3396,0.65,3.0917,0.1982,2.8583,8.75,0.4041,0.3765,1.8417,3.3667,0.5925,6.425,10.675,17.0583,3.0417,2.3583,9.5083
Vasilije Micić,PG,PG,OKC,2024,1,230.0,30.0,60.0,21.0,1176.0,6.6,15.4,0.43,1.8,6.4,0.279,4.8,9.0,0.537,0.488,2.5,3.1,0.813,0.6,3.1,3.7,10.9,1.3,17.6
Victor Wembanyama,C,C,SAS,2024,1,82.0,20.0,71.0,71.0,2106.0,12.4,26.7,0.465,2.9,8.9,0.325,9.5,17.9,0.534,0.519,6.6,8.3,0.796,3.6,13.4,17.0,6.2,2.0,34.3
Vince Williams Jr.,SG,SG,MEM,2024,2,317.4444,22.5556,35.5556,18.7778,844.4444,5.6222,15.2111,0.3811,2.3,9.5889,0.2736,3.3222,5.6222,0.5903,0.4611,2.3444,2.8444,0.8889,1.9111,6.6111,8.5222,4.1333,2.0889,15.8778
Vit Krejci,PG,PG/SG,ATL,2024,3,379.75,22.1667,26.3333,7.8333,452.9167,4.5083,10.35,0.4409,2.0833,6.2583,0.3328,2.425,4.0917,0.6051,0.5438,0.5917,0.8083,0.7298,1.3083,4.9083,6.1917,4.4667,1.2917,11.7667
Walker Kessler,C,C,UTA,2024,2,174.4444,21.5556,68.4444,30.0,1586.3333,7.8444,11.4333,0.6833,0.0556,0.3778,0.2652,7.7444,11.0556,0.6991,0.6871,2.0222,3.6667,0.5638,5.8333,10.5111,16.3444,1.9,0.8667,17.7222
Wendell Carter Jr.,C,C/PF,ORL,2024,5,167.7333,22.6667,56.0,51.3333,1556.8,8.5133,16.2733,0.5227,1.82,5.14,0.338,6.6733,11.0933,0.6063,0.5783,3.8333,5.3667,0.7131,3.9067,10.8533,14.7467,3.64,1.0667,22.6333
Wendell Moore Jr.,SG,SG,MIN,2024,2,473.8889,21.5556,26.7778,0.8889,109.6667,5.7667,12.5667,0.464,0.2667,4.5778,0.0524,5.5,7.9889,0.69,0.4742,0.5333,0.7111,0.3556,0.5333,6.3,6.8778,4.7111,2.9444,12.3889
Wenyen Gabriel,PF,C/PF,MEM,2024,5,398.7333,24.6667,29.8,1.6,419.4667,5.9067,12.8333,0.461,0.98,3.54,0.2611,4.9267,9.3333,0.5189,0.4991,1.82,3.9133,0.4158,4.7,8.6267,13.2867,1.8333,1.2467,14.56
Wesley Matthews,SG,SF/SG,ATL,2024,5,299.8,35.6667,47.8667,9.6,816.4,3.8667,10.5733,0.3663,2.62,7.7733,0.3365,1.2533,2.8133,0.455,0.4897,1.5933,1.9867,0.8006,1.3067,4.2067,5.5467,2.2533,1.46,11.94
Xavier Moon,SG,SG,LAC,2024,3,489.0833,28.1667,9.6667,0.4167,90.5,7.2417,19.8417,0.3693,1.5833,6.6417,0.2494,5.6833,13.2,0.4329,0.4094,0.4417,0.7833,0.3583,1.55,5.2167,6.8083,9.8417,1.125,16.5833
Xavier Tillman Sr.,C,C/PF,MEM,2024,4,271.5,23.8571,56.5,15.7857,990.2143,6.8429,13.55,0.5076,0.7071,2.7571,0.2565,6.1357,10.8286,0.5642,0.5325,1.8429,3.2786,0.5451,4.0857,7.2143,11.3,3.8786,2.5643,16.1929
Yuta Watanabe,SF,SF,PHO,2024,5,347.0,27.6667,42.2667,1.6,594.5333,5.4467,13.0267,0.4177,2.7267,7.68,0.3631,2.7133,5.3533,0.5135,0.5243,1.6867,2.66,0.6442,1.7533,6.1867,7.94,2.1867,1.3933,15.28
Zach Collins,C,C/PF,SAS,2024,4,248.4615,24.9231,53.2308,20.9231,1168.4615,8.5308,17.2,0.4948,1.6385,4.7692,0.3452,6.8692,12.3615,0.5528,0.5426,3.7692,4.9,0.7661,3.9231,8.8,12.7231,5.6615,1.1308,22.4308
Zach LaVine,SG,SF/SG,CHI,2024,5,114.3333,26.6667,54.0,53.3333,1904.6,11.3867,24.0733,0.4728,3.8,10.06,0.3753,7.6333,14.04,0.543,0.5511,5.9267,7.0067,0.8481,0.6333,6.0933,6.76,5.98,1.18,32.52
Zavier Simpson,PG,PG,MEM,2024,2,454.0,25.25,5.875,1.5,165.875,5.2375,15.725,0.3338,1.05,4.075,0.2306,4.125,11.6125,0.3559,0.3662,1.0875,1.275,0.8438,0.975,5.05,6.025,7.9,1.8375,12.6125
Zeke Nnaji,PF,PF,DEN,2024,4,342.2143,21.8571,50.6429,1.7857,620.0,6.5429,12.9929,0.5049,1.4786,4.2143,0.3254,5.0357,8.7786,0.5834,0.5625,2.8929,4.35,0.6756,4.1929,5.6714,9.8786,1.7714,1.1571,17.5143
Ziaire Williams,SF,SF,MEM,2024,3,277.5,21.1667,49.0833,15.3333,956.0,7.025,16.725,0.4209,2.5,8.5917,0.2924,4.4833,8.1333,0.5596,0.4965,2.05,2.5917,0.7978,1.3583,5.525,6.925,3.0333,1.4083,18.6333
Zion Williamson,PF,PF,NOP,2024,4,154.0833,21.8333,51.0,51.0,1631.5833,14.3,24.2167,0.5906,0.2417,0.7167,0.3462,14.05,23.5083,0.598,0.5957,8.3167,11.8917,0.7002,3.125,6.6417,9.75,6.6583,1.55,37.1833
